工程編號,工程名稱,公告徵收文號（序號）,行政區,段小段,地號,縣市,縣市代碼
901003,士林福港街排水改善工程,9004985200,士林,百齡段一小段,0114-0000,臺北市,63000
901003,士林福港街排水改善工程,9004985200,士林,百齡段一小段,0164-0001,臺北市,63000
901003,士林福港街排水改善工程,9004985200,士林,百齡段一小段,0165-0000,臺北市,63000
901003,士林福港街排水改善工程,9004985200,士林,百齡段一小段,0460-0000,臺北市,63000
901004,士林天母國小東北側道路第一期拓寬工程,9004965300,士林,天母段三小段,0168-0001,臺北市,63000
901004,士林天母國小東北側道路第一期拓寬工程,9004965300,士林,天母段三小段,0170-0000,臺北市,63000
901004,士林天母國小東北側道路第一期拓寬工程,9004965300,士林,天母段三小段,0178-0000,臺北市,63000
901004,士林天母國小東北側道路第一期拓寬工程,9004965300,士林,天母段三小段,0181-0001,臺北市,63000
901004,士林天母國小東北側道路第一期拓寬工程,9004965300,士林,天母段三小段,0182-0001,臺北市,63000
901005,士林區士林紙廠西側道路暨接順相關巷道新築工程,9005663000,士林,光華段二小段,0210-0000,臺北市,63000
901005,士林區士林紙廠西側道路暨接順相關巷道新築工程,9005663000,士林,光華段二小段,0214-0001,臺北市,63000
901005,士林區士林紙廠西側道路暨接順相關巷道新築工程,9005663000,士林,光華段二小段,0221-0001,臺北市,63000
901005,士林區士林紙廠西側道路暨接順相關巷道新築工程,9005663000,士林,光華段二小段,0225-0000,臺北市,63000
901005,士林區士林紙廠西側道路暨接順相關巷道新築工程,9005663000,士林,光華段二小段,0225-0001,臺北市,63000
901005,士林區士林紙廠西側道路暨接順相關巷道新築工程,9005663000,士林,光華段二小段,0226-0000,臺北市,63000
901005,士林區士林紙廠西側道路暨接順相關巷道新築工程,9005663000,士林,光華段二小段,0229-0000,臺北市,63000
901005,士林區士林紙廠西側道路暨接順相關巷道新築工程,9005663000,士林,光華段二小段,0230-0000,臺北市,63000
901006,士林天母游泳池東側前段道路拓寬工程,9005003200,士林,蘭雅段一小段,0146-0002,臺北市,63000
901006,士林天母游泳池東側前段道路拓寬工程,9005003200,士林,蘭雅段一小段,0428-0000,臺北市,63000
901006,士林天母游泳池東側前段道路拓寬工程,9005003200,士林,蘭雅段一小段,0431-0000,臺北市,63000
901006,士林天母游泳池東側前段道路拓寬工程,9005003200,士林,蘭雅段一小段,0435-0000,臺北市,63000
901006,士林天母游泳池東側前段道路拓寬工程,9005003200,士林,蘭雅段一小段,0442-0002,臺北市,63000
901006,士林天母游泳池東側前段道路拓寬工程,9005003200,士林,蘭雅段一小段,0446-0000,臺北市,63000
901006,士林天母游泳池東側前段道路拓寬工程,9005003200,士林,蘭雅段一小段,0449-0000,臺北市,63000
901007,士林延平北路5段83巷28弄道路第一期拓寬工程,9004964800,士林,海光段二小段,0579-0000,臺北市,63000
901007,士林延平北路5段83巷28弄道路第一期拓寬工程,9004964800,士林,海光段三小段,0472-0000,臺北市,63000
901007,士林延平北路5段83巷28弄道路第一期拓寬工程,9004964800,士林,海光段三小段,0473-0001,臺北市,63000
901007,士林延平北路5段83巷28弄道路第一期拓寬工程,9004964800,士林,海光段三小段,0476-0000,臺北市,63000
901007,士林延平北路5段83巷28弄道路第一期拓寬工程,9004964800,士林,海光段三小段,0477-0000,臺北市,63000
901007,士林延平北路5段83巷28弄道路第一期拓寬工程,9004964800,士林,海光段三小段,0478-0000,臺北市,63000
901007,士林延平北路5段83巷28弄道路第一期拓寬工程,9004964800,士林,海光段三小段,0479-0000,臺北市,63000
901007,士林延平北路5段83巷28弄道路第一期拓寬工程,9004964800,士林,海光段三小段,0487-0000,臺北市,63000
901007,士林延平北路5段83巷28弄道路第一期拓寬工程,9004964800,士林,海光段三小段,0488-0000,臺北市,63000
901007,士林延平北路5段83巷28弄道路第一期拓寬工程,9004964800,士林,海光段三小段,0489-0000,臺北市,63000
901007,士林延平北路5段83巷28弄道路第一期拓寬工程,9004964800,士林,海光段三小段,0490-0000,臺北市,63000
901008,士林社正路17巷旁道路拓寬工程,9005582600,士林,永新段四小段,0383-0002,臺北市,63000
901008,士林社正路17巷旁道路拓寬工程,9005582600,士林,永新段四小段,0384-0001,臺北市,63000
901008,士林社正路17巷旁道路拓寬工程,9005582600,士林,永新段四小段,0393-0000,臺北市,63000
901008,士林社正路17巷旁道路拓寬工程,9005582600,士林,永新段四小段,0394-0000,臺北市,63000
901008,士林社正路17巷旁道路拓寬工程,9005582600,士林,永新段四小段,0397-0000,臺北市,63000
901008,士林社正路17巷旁道路拓寬工程,9005582600,士林,永新段四小段,0400-0000,臺北市,63000
901008,士林社正路17巷旁道路拓寬工程,9005582600,士林,永新段四小段,0432-0001,臺北市,63000
901008,士林社正路17巷旁道路拓寬工程,9005582600,士林,永新段四小段,0433-0001,臺北市,63000
901008,士林社正路17巷旁道路拓寬工程,9005582600,士林,永新段四小段,0482-0001,臺北市,63000
901008,士林社正路17巷旁道路拓寬工程,9005582600,士林,永新段四小段,0512-0000,臺北市,63000
901008,士林社正路17巷旁道路拓寬工程,9005582600,士林,永新段四小段,0515-0000,臺北市,63000
901008,士林社正路17巷旁道路拓寬工程,9005582600,士林,永新段四小段,0517-0001,臺北市,63000
901009,士林中山北路7段141巷14弄道路拓寬工程,9004965000,士林,天母段四小段,0312-0001,臺北市,63000
901009,士林中山北路7段141巷14弄道路拓寬工程,9004965000,士林,天母段四小段,0313-0001,臺北市,63000
901009,士林中山北路7段141巷14弄道路拓寬工程,9004965000,士林,天母段四小段,0314-0001,臺北市,63000
901009,士林中山北路7段141巷14弄道路拓寬工程,9004965000,士林,天母段四小段,0315-0001,臺北市,63000
901009,士林中山北路7段141巷14弄道路拓寬工程,9004965000,士林,天母段四小段,0316-0001,臺北市,63000
901009,士林中山北路7段141巷14弄道路拓寬工程,9004965000,士林,天母段四小段,0317-0001,臺北市,63000
901009,士林中山北路7段141巷14弄道路拓寬工程,9004965000,士林,天母段四小段,0318-0001,臺北市,63000
901009,士林中山北路7段141巷14弄道路拓寬工程,9004965000,士林,天母段四小段,0319-0001,臺北市,63000
901009,士林中山北路7段141巷14弄道路拓寬工程,9004965000,士林,天母段四小段,0325-0001,臺北市,63000
901009,士林中山北路7段141巷14弄道路拓寬工程,9004965000,士林,天母段四小段,0338-0001,臺北市,63000
901009,士林中山北路7段141巷14弄道路拓寬工程,9004965000,士林,天母段四小段,0342-0001,臺北市,63000
901009,士林中山北路7段141巷14弄道路拓寬工程,9004965000,士林,天母段四小段,0343-0001,臺北市,63000
901009,士林中山北路7段141巷14弄道路拓寬工程,9004965000,士林,天母段四小段,0344-0001,臺北市,63000
901009,士林中山北路7段141巷14弄道路拓寬工程,9004965000,士林,天母段四小段,0345-0001,臺北市,63000
901009,士林中山北路7段141巷14弄道路拓寬工程,9004965000,士林,天母段四小段,0346-0000,臺北市,63000
901009,士林中山北路7段141巷14弄道路拓寬工程,9004965000,士林,天母段四小段,0352-0001,臺北市,63000
901009,士林中山北路7段141巷14弄道路拓寬工程,9004965000,士林,天母段四小段,0356-0001,臺北市,63000
901009,士林中山北路7段141巷14弄道路拓寬工程,9004965000,士林,天母段四小段,0357-0001,臺北市,63000
901009,士林中山北路7段141巷14弄道路拓寬工程,9004965000,士林,天母段四小段,0358-0001,臺北市,63000
901009,士林中山北路7段141巷14弄道路拓寬工程,9004965000,士林,天母段四小段,0360-0001,臺北市,63000
901010,士林菁山路中段道路拓寬工程,9004575400,士林,華岡段三小段,0024-0001,臺北市,63000
901010,士林菁山路中段道路拓寬工程,9004575400,士林,華岡段三小段,0025-0001,臺北市,63000
901010,士林菁山路中段道路拓寬工程,9004575400,士林,華岡段三小段,0026-0000,臺北市,63000
901010,士林菁山路中段道路拓寬工程,9004575400,士林,華岡段三小段,0026-0001,臺北市,63000
901010,士林菁山路中段道路拓寬工程,9004575400,士林,華岡段三小段,0027-0000,臺北市,63000
901010,士林菁山路中段道路拓寬工程,9004575400,士林,華岡段三小段,0027-0001,臺北市,63000
901010,士林菁山路中段道路拓寬工程,9004575400,士林,華岡段三小段,0042-0000,臺北市,63000
901010,士林菁山路中段道路拓寬工程,9004575400,士林,華岡段三小段,0043-0000,臺北市,63000
901010,士林菁山路中段道路拓寬工程,9004575400,士林,華岡段三小段,0047-0000,臺北市,63000
901010,士林菁山路中段道路拓寬工程,9004575400,士林,華岡段三小段,0048-0000,臺北市,63000
901011,士林延平北路5段136巷27弄道路新築工程,9004575500,士林,福順段二小段,0425-0000,臺北市,63000
901011,士林延平北路5段136巷27弄道路新築工程,9004575500,士林,福順段二小段,0426-0000,臺北市,63000
901012,北投公館路63巷道路第一期拓寬工程,9004964600,北投,溫泉段二小段,0224-0000,臺北市,63000
901012,北投公館路63巷道路第一期拓寬工程,9004964600,北投,溫泉段二小段,0245-0000,臺北市,63000
901012,北投公館路63巷道路第一期拓寬工程,9004964600,北投,溫泉段二小段,0246-0000,臺北市,63000
901012,北投公館路63巷道路第一期拓寬工程,9004964600,北投,溫泉段二小段,0250-0000,臺北市,63000
901012,北投公館路63巷道路第一期拓寬工程,9004964600,北投,溫泉段二小段,0252-0001,臺北市,63000
901012,北投公館路63巷道路第一期拓寬工程,9004964600,北投,溫泉段二小段,0255-0000,臺北市,63000
901012,北投公館路63巷道路第一期拓寬工程,9004964600,北投,溫泉段二小段,0256-0000,臺北市,63000
901012,北投公館路63巷道路第一期拓寬工程,9004964600,北投,溫泉段二小段,0259-0000,臺北市,63000
901012,北投公館路63巷道路第一期拓寬工程,9004964600,北投,溫泉段二小段,0260-0001,臺北市,63000
901012,北投公館路63巷道路第一期拓寬工程,9004964600,北投,溫泉段二小段,0264-0000,臺北市,63000
901013,大安基隆路(辛亥路至羅斯福路段)西北側拓寬工程,9004814900,大安,學府段四小段,0310-0001,臺北市,63000
901013,大安基隆路(辛亥路至羅斯福路段)西北側拓寬工程,9004814900,大安,學府段四小段,0350-0003,臺北市,63000
901013,大安基隆路(辛亥路至羅斯福路段)西北側拓寬工程,9004814900,大安,學府段四小段,0353-0004,臺北市,63000
901014,內湖內湖路2段301巷道路拓寬工程,9005582300,內湖,碧湖段二小段,0193-0005,臺北市,63000
901014,內湖內湖路2段301巷道路拓寬工程,9005582300,內湖,碧湖段二小段,0195-0001,臺北市,63000
901014,內湖內湖路2段301巷道路拓寬工程,9005582300,內湖,碧湖段二小段,0212-0001,臺北市,63000
901014,內湖內湖路2段301巷道路拓寬工程,9005582300,內湖,碧湖段二小段,0212-0002,臺北市,63000
901014,內湖內湖路2段301巷道路拓寬工程,9005582300,內湖,碧湖段二小段,0214-0001,臺北市,63000
901014,內湖內湖路2段301巷道路拓寬工程,9005582300,內湖,碧湖段二小段,0216-0001,臺北市,63000
901014,內湖內湖路2段301巷道路拓寬工程,9005582300,內湖,碧湖段二小段,0224-0001,臺北市,63000
901014,內湖內湖路2段301巷道路拓寬工程,9005582300,內湖,碧湖段二小段,0225-0001,臺北市,63000
901014,內湖內湖路2段301巷道路拓寬工程,9005582300,內湖,碧湖段二小段,0226-0001,臺北市,63000
901014,內湖內湖路2段301巷道路拓寬工程,9005582300,內湖,碧湖段二小段,0229-0001,臺北市,63000
901014,內湖內湖路2段301巷道路拓寬工程,9005582300,內湖,碧湖段二小段,0251-0002,臺北市,63000
901015,內湖成功路2段東北側六米道路新築工程,9004562900,內湖,石潭段三小段,0557-0001,臺北市,63000
901015,內湖成功路2段東北側六米道路新築工程,9004562900,內湖,石潭段三小段,0559-0001,臺北市,63000
901015,內湖成功路2段東北側六米道路新築工程,9004562900,內湖,石潭段三小段,0576-0000,臺北市,63000
901015,內湖成功路2段東北側六米道路新築工程,9004562900,內湖,石潭段三小段,0579-0000,臺北市,63000
901016,內湖新明路380巷道路拓寬工程,9004965100,內湖,潭美段四小段,0392-0001,臺北市,63000
901016,內湖新明路380巷道路拓寬工程,9004965100,內湖,潭美段四小段,0409-0001,臺北市,63000
901016,內湖新明路380巷道路拓寬工程,9004965100,內湖,潭美段四小段,0410-0001,臺北市,63000
901016,內湖新明路380巷道路拓寬工程,9004965100,內湖,潭美段四小段,0411-0001,臺北市,63000
901016,內湖新明路380巷道路拓寬工程,9004965100,內湖,潭美段四小段,0415-0007,臺北市,63000
901016,內湖新明路380巷道路拓寬工程,9004965100,內湖,潭美段四小段,0415-0008,臺北市,63000
901016,內湖新明路380巷道路拓寬工程,9004965100,內湖,潭美段四小段,0415-0009,臺北市,63000
901016,內湖新明路380巷道路拓寬工程,9004965100,內湖,潭美段四小段,0435-0001,臺北市,63000
901016,內湖新明路380巷道路拓寬工程,9004965100,內湖,潭美段四小段,0449-0001,臺北市,63000
901016,內湖新明路380巷道路拓寬工程,9004965100,內湖,潭美段四小段,0459-0001,臺北市,63000
901017,內湖康寧路3段245巷(安康路以北)道路拓寬工程,9004575300,內湖,東湖段七小段,0398-0001,臺北市,63000
901017,內湖康寧路3段245巷(安康路以北)道路拓寬工程,9004575300,內湖,東湖段七小段,0497-0001,臺北市,63000
901017,內湖康寧路3段245巷(安康路以北)道路拓寬工程,9004575300,內湖,東湖段七小段,0498-0001,臺北市,63000
901017,內湖康寧路3段245巷(安康路以北)道路拓寬工程,9004575300,內湖,東湖段七小段,0499-0001,臺北市,63000
901017,內湖康寧路3段245巷(安康路以北)道路拓寬工程,9004575300,內湖,東湖段七小段,0500-0001,臺北市,63000
901017,內湖康寧路3段245巷(安康路以北)道路拓寬工程,9004575300,內湖,東湖段七小段,0502-0001,臺北市,63000
901017,內湖康寧路3段245巷(安康路以北)道路拓寬工程,9004575300,內湖,東湖段七小段,0522-0000,臺北市,63000
901017,內湖康寧路3段245巷(安康路以北)道路拓寬工程,9004575300,內湖,東湖段七小段,0535-0000,臺北市,63000
901017,內湖康寧路3段245巷(安康路以北)道路拓寬工程,9004575300,內湖,東湖段七小段,0536-0001,臺北市,63000
901017,內湖康寧路3段245巷(安康路以北)道路拓寬工程,9004575300,內湖,東湖段七小段,0537-0001,臺北市,63000
901017,內湖康寧路3段245巷(安康路以北)道路拓寬工程,9004575300,內湖,東湖段七小段,0538-0000,臺北市,63000
901017,內湖康寧路3段245巷(安康路以北)道路拓寬工程,9004575300,內湖,東湖段七小段,0540-0000,臺北市,63000
901017,內湖康寧路3段245巷(安康路以北)道路拓寬工程,9004575300,內湖,東湖段七小段,0542-0000,臺北市,63000
901017,內湖康寧路3段245巷(安康路以北)道路拓寬工程,9004575300,內湖,東湖段七小段,0549-0000,臺北市,63000
901017,內湖康寧路3段245巷(安康路以北)道路拓寬工程,9004575300,內湖,東湖段七小段,0550-0005,臺北市,63000
901018,內湖成功路4段167巷中段道路拓寬工程,9005523400,內湖,康寧段三小段,0160-0001,臺北市,63000
901018,內湖成功路4段167巷中段道路拓寬工程,9005523400,內湖,康寧段三小段,0166-0002,臺北市,63000
901018,內湖成功路4段167巷中段道路拓寬工程,9005523400,內湖,康寧段三小段,0361-0006,臺北市,63000
901019,內湖64號公園西側道路新築工程,9005651300,內湖,康寧段三小段,0302-0001,臺北市,63000
901019,內湖64號公園西側道路新築工程,9005651300,內湖,康寧段三小段,0304-0008,臺北市,63000
901019,內湖64號公園西側道路新築工程,9005651300,內湖,康寧段三小段,0305-0000,臺北市,63000
901019,內湖64號公園西側道路新築工程,9005651300,內湖,康寧段三小段,0307-0006,臺北市,63000
901019,內湖64號公園西側道路新築工程,9005651300,內湖,康寧段三小段,0307-0012,臺北市,63000
901019,內湖64號公園西側道路新築工程,9005651300,內湖,康寧段三小段,0307-0013,臺北市,63000
901019,內湖64號公園西側道路新築工程,9005651300,內湖,康寧段三小段,0322-0000,臺北市,63000
901019,內湖64號公園西側道路新築工程,9005651300,內湖,康寧段三小段,0327-0005,臺北市,63000
901020,內湖康寧路3段26巷中段拓寬工程,9005651400,內湖,東湖段六小段,0214-0001,臺北市,63000
901020,內湖康寧路3段26巷中段拓寬工程,9005651400,內湖,東湖段六小段,0217-0001,臺北市,63000
901020,內湖康寧路3段26巷中段拓寬工程,9005651400,內湖,東湖段六小段,0219-0001,臺北市,63000
901021,內湖文德路68巷(文德2號公園內)道路新築工程,9004563000,內湖,文德段二小段,0211-0004,臺北市,63000
901021,內湖文德路68巷(文德2號公園內)道路新築工程,9004563000,內湖,文德段二小段,0213-0002,臺北市,63000
901021,內湖文德路68巷(文德2號公園內)道路新築工程,9004563000,內湖,文德段二小段,0214-0002,臺北市,63000
901021,內湖文德路68巷(文德2號公園內)道路新築工程,9004563000,內湖,文德段二小段,0215-0002,臺北市,63000
901022,中山北安路554巷道路新築工程,9004964400,中山,北安段三小段,0777-0001,臺北市,63000
901022,中山北安路554巷道路新築工程,9004964400,中山,北安段三小段,0778-0000,臺北市,63000
901022,中山北安路554巷道路新築工程,9004964400,中山,北安段三小段,0779-0001,臺北市,63000
901022,中山北安路554巷道路新築工程,9004964400,中山,北安段三小段,0780-0001,臺北市,63000
901022,中山北安路554巷道路新築工程,9004964400,中山,北安段三小段,0787-0001,臺北市,63000
901022,中山北安路554巷道路新築工程,9004964400,中山,北安段三小段,0788-0000,臺北市,63000
901022,中山北安路554巷道路新築工程,9004964400,中山,北安段三小段,0789-0001,臺北市,63000
901023,南港研究院路2段2巷末段道路新築工程,9005717800,南港,中南段二小段,0302-0012,臺北市,63000
901024,南港研究院路2段84巷旁道路新築工程,9109961700,南港,中南段二小段,0354-0009,臺北市,63000
901024,南港研究院路2段84巷旁道路新築工程,9109961700,南港,中南段二小段,0380-0019,臺北市,63000
901024,南港研究院路2段84巷旁道路新築工程,9109961700,南港,中南段二小段,0380-0022,臺北市,63000
901024,南港研究院路2段84巷旁道路新築工程,9109961700,南港,中南段二小段,0380-0023,臺北市,63000
901024,南港研究院路2段84巷旁道路新築工程,9109961700,南港,中南段二小段,0380-0025,臺北市,63000
901024,南港研究院路2段84巷旁道路新築工程,9109961700,南港,中南段二小段,0381-0002,臺北市,63000
901024,南港研究院路2段84巷旁道路新築工程,9109961700,南港,中南段二小段,0383-0003,臺北市,63000
901024,南港研究院路2段84巷旁道路新築工程,9109961700,南港,中南段二小段,0384-0001,臺北市,63000
901025,信義永吉路、虎林街口道路拓寬工程,9005582000,信義,永吉段二小段,0007-0001,臺北市,63000
901025,信義永吉路、虎林街口道路拓寬工程,9005582000,信義,永吉段二小段,0009-0001,臺北市,63000
901027,信義吳興街156巷7弄至220巷11弄道路拓寬工程,9004710500,信義,三興段二小段,0299-0000,臺北市,63000
901027,信義吳興街156巷7弄至220巷11弄道路拓寬工程,9004710500,信義,三興段二小段,0303-0001,臺北市,63000
901027,信義吳興街156巷7弄至220巷11弄道路拓寬工程,9004710500,信義,三興段二小段,0429-0007,臺北市,63000
901027,信義吳興街156巷7弄至220巷11弄道路拓寬工程,9004710500,信義,三興段二小段,0432-0003,臺北市,63000
901027,信義吳興街156巷7弄至220巷11弄道路拓寬工程,9004710500,信義,三興段二小段,0433-0004,臺北市,63000
901028,文山景後街149巷道路拓寬工程,9004710600,文山,景美段四小段,0446-0006,臺北市,63000
901028,文山景後街149巷道路拓寬工程,9004710600,文山,景美段四小段,0514-0001,臺北市,63000
901028,文山景後街149巷道路拓寬工程,9004710600,文山,景美段四小段,0514-0002,臺北市,63000
901028,文山景後街149巷道路拓寬工程,9004710600,文山,景美段四小段,0515-0001,臺北市,63000
901028,文山景後街149巷道路拓寬工程,9004710600,文山,景美段四小段,0516-0001,臺北市,63000
901028,文山景後街149巷道路拓寬工程,9004710600,文山,景美段四小段,0519-0001,臺北市,63000
901028,文山景後街149巷道路拓寬工程,9004710600,文山,景美段四小段,0520-0001,臺北市,63000
901028,文山景後街149巷道路拓寬工程,9004710600,文山,景美段四小段,0524-0001,臺北市,63000
901028,文山景後街149巷道路拓寬工程,9004710600,文山,景美段四小段,0566-0003,臺北市,63000
901028,文山景後街149巷道路拓寬工程,9004710600,文山,景美段四小段,0566-0004,臺北市,63000
901028,文山景後街149巷道路拓寬工程,9004710600,文山,景美段四小段,0569-0001,臺北市,63000
901028,文山景後街149巷道路拓寬工程,9004710600,文山,景美段四小段,0570-0001,臺北市,63000
901028,文山景後街149巷道路拓寬工程,9004710600,文山,景美段四小段,0570-0005,臺北市,63000
901028,文山景後街149巷道路拓寬工程,9004710600,文山,景美段四小段,0571-0000,臺北市,63000
901028,文山景後街149巷道路拓寬工程,9004710600,文山,景美段四小段,0593-0001,臺北市,63000
901028,文山景後街149巷道路拓寬工程,9004710600,文山,景美段四小段,0605-0001,臺北市,63000
901028,文山景後街149巷道路拓寬工程,9004710600,文山,景美段四小段,0605-0010,臺北市,63000
901029,文山公館街拓寬工程,9007664300,文山,萬隆段一小段,0479-0001,臺北市,63000
901029,文山公館街拓寬工程,9007664300,文山,萬隆段一小段,0480-0001,臺北市,63000
901029,文山公館街拓寬工程,9007664300,文山,萬隆段一小段,0480-0002,臺北市,63000
901029,文山公館街拓寬工程,9007664300,文山,萬隆段一小段,0482-0000,臺北市,63000
901029,文山公館街拓寬工程,9007664300,文山,萬隆段一小段,0484-0000,臺北市,63000
901029,文山公館街拓寬工程,9007664300,文山,萬隆段一小段,0486-0000,臺北市,63000
901029,文山公館街拓寬工程,9007664300,文山,萬隆段一小段,0487-0001,臺北市,63000
901029,文山公館街拓寬工程,9007664300,文山,萬隆段一小段,0489-0001,臺北市,63000
901029,文山公館街拓寬工程,9007664300,文山,萬隆段一小段,0490-0000,臺北市,63000
901029,文山公館街拓寬工程,9007664300,文山,萬隆段一小段,0494-0000,臺北市,63000
901029,文山公館街拓寬工程,9007664300,文山,萬隆段一小段,0496-0000,臺北市,63000
901029,文山公館街拓寬工程,9007664300,文山,萬隆段一小段,0499-0000,臺北市,63000
901029,文山公館街拓寬工程,9007664300,文山,萬隆段一小段,0501-0000,臺北市,63000
901029,文山公館街拓寬工程,9007664300,文山,萬隆段一小段,0504-0000,臺北市,63000
901029,文山公館街拓寬工程,9007664300,文山,萬隆段一小段,0507-0000,臺北市,63000
901029,文山公館街拓寬工程,9007664300,文山,萬隆段一小段,0509-0000,臺北市,63000
901029,文山公館街拓寬工程,9007664300,文山,萬隆段一小段,0511-0000,臺北市,63000
901029,文山公館街拓寬工程,9007664300,文山,萬隆段一小段,0513-0000,臺北市,63000
901029,文山公館街拓寬工程,9007664300,文山,萬隆段一小段,0515-0000,臺北市,63000
901029,文山公館街拓寬工程,9007664300,文山,萬隆段一小段,0517-0000,臺北市,63000
901029,文山公館街拓寬工程,9007664300,文山,萬隆段一小段,0518-0001,臺北市,63000
901029,文山公館街拓寬工程,9007664300,文山,萬隆段一小段,0519-0000,臺北市,63000
901029,文山公館街拓寬工程,9007664300,文山,萬隆段一小段,0519-0001,臺北市,63000
901029,文山公館街拓寬工程,9007664300,文山,萬隆段一小段,0521-0000,臺北市,63000
901029,文山公館街拓寬工程,9007664300,文山,萬隆段一小段,0523-0000,臺北市,63000
901029,文山公館街拓寬工程,9007664300,文山,萬隆段一小段,0525-0000,臺北市,63000
901029,文山公館街拓寬工程,9007664300,文山,萬隆段一小段,0527-0000,臺北市,63000
901029,文山公館街拓寬工程,9007664300,文山,萬隆段一小段,0529-0000,臺北市,63000
901029,文山公館街拓寬工程,9007664300,文山,萬隆段一小段,0531-0000,臺北市,63000
901029,文山公館街拓寬工程,9007664300,文山,萬隆段一小段,0537-0000,臺北市,63000
901029,文山公館街拓寬工程,9007664300,文山,萬隆段一小段,0544-0000,臺北市,63000
901029,文山公館街拓寬工程,9007664300,文山,萬隆段一小段,0575-0001,臺北市,63000
901029,文山公館街拓寬工程,9007664300,文山,萬隆段一小段,0576-0000,臺北市,63000
901030,文山富山路前段道路拓寬工程,9004575200,文山,華興段二小段,0142-0000,臺北市,63000
901030,文山富山路前段道路拓寬工程,9004575200,文山,華興段二小段,0145-0000,臺北市,63000
901030,文山富山路前段道路拓寬工程,9004575200,文山,華興段二小段,0146-0000,臺北市,63000
901030,文山富山路前段道路拓寬工程,9004575200,文山,華興段二小段,0149-0000,臺北市,63000
901030,文山富山路前段道路拓寬工程,9004575200,文山,華興段二小段,0150-0000,臺北市,63000
901030,文山富山路前段道路拓寬工程,9004575200,文山,華興段二小段,0153-0000,臺北市,63000
901030,文山富山路前段道路拓寬工程,9004575200,文山,華興段二小段,0154-0000,臺北市,63000
901031,文山萬盛街130巷末段拓寬工程,9004964300,文山,興隆段三小段,0422-0002,臺北市,63000
901031,文山萬盛街130巷末段拓寬工程,9004964300,文山,興隆段三小段,0423-0001,臺北市,63000
901031,文山萬盛街130巷末段拓寬工程,9004964300,文山,興隆段三小段,0424-0001,臺北市,63000
901031,文山萬盛街130巷末段拓寬工程,9004964300,文山,興隆段三小段,0426-0001,臺北市,63000
901031,文山萬盛街130巷末段拓寬工程,9004964300,文山,興隆段三小段,0427-0001,臺北市,63000
901031,文山萬盛街130巷末段拓寬工程,9004964300,文山,興隆段三小段,0428-0001,臺北市,63000
901031,文山萬盛街130巷末段拓寬工程,9004964300,文山,興隆段三小段,0429-0001,臺北市,63000
901031,文山萬盛街130巷末段拓寬工程,9004964300,文山,興隆段三小段,0430-0000,臺北市,63000
901031,文山萬盛街130巷末段拓寬工程,9004964300,文山,興隆段三小段,0431-0001,臺北市,63000
901031,文山萬盛街130巷末段拓寬工程,9004964300,文山,興隆段三小段,0433-0001,臺北市,63000
901031,文山萬盛街130巷末段拓寬工程,9004964300,文山,興隆段三小段,0434-0001,臺北市,63000
901031,文山萬盛街130巷末段拓寬工程,9004964300,文山,興隆段三小段,0437-0002,臺北市,63000
901031,文山萬盛街130巷末段拓寬工程,9004964300,文山,興隆段三小段,0451-0001,臺北市,63000
901032,文山興隆路1段271巷4弄道路拓寬工程,9005651500,文山,興隆段二小段,0394-0000,臺北市,63000
901032,文山興隆路1段271巷4弄道路拓寬工程,9005651500,文山,興隆段二小段,0395-0000,臺北市,63000
901032,文山興隆路1段271巷4弄道路拓寬工程,9005651500,文山,興隆段二小段,0398-0000,臺北市,63000
901032,文山興隆路1段271巷4弄道路拓寬工程,9005651500,文山,興隆段二小段,0407-0000,臺北市,63000
901032,文山興隆路1段271巷4弄道路拓寬工程,9005651500,文山,興隆段二小段,0408-0000,臺北市,63000
901032,文山興隆路1段271巷4弄道路拓寬工程,9005651500,文山,興隆段二小段,0476-0001,臺北市,63000
901032,文山興隆路1段271巷4弄道路拓寬工程,9005651500,文山,興隆段二小段,0477-0000,臺北市,63000
901033,大同迪化街2段附近道路第二期新築工程,9004964900,大同,橋北段一小段,0570-0002,臺北市,63000
901033,大同迪化街2段附近道路第二期新築工程,9004964900,大同,橋北段一小段,0571-0004,臺北市,63000
901033,大同迪化街2段附近道路第二期新築工程,9004964900,大同,橋北段一小段,0576-0001,臺北市,63000
901033,大同迪化街2段附近道路第二期新築工程,9004964900,大同,橋北段一小段,0577-0003,臺北市,63000
901033,大同迪化街2段附近道路第二期新築工程,9004964900,大同,橋北段一小段,0593-0001,臺北市,63000
901033,大同迪化街2段附近道路第二期新築工程,9004964900,大同,橋北段一小段,0593-0002,臺北市,63000
901033,大同迪化街2段附近道路第二期新築工程,9004964900,大同,橋北段一小段,0594-0000,臺北市,63000
901033,大同迪化街2段附近道路第二期新築工程,9004964900,大同,橋北段一小段,0595-0001,臺北市,63000
901033,大同迪化街2段附近道路第二期新築工程,9004964900,大同,橋北段一小段,0596-0003,臺北市,63000
901033,大同迪化街2段附近道路第二期新築工程,9004964900,大同,橋北段一小段,0602-0001,臺北市,63000
901033,大同迪化街2段附近道路第二期新築工程,9004964900,大同,橋北段一小段,0602-0002,臺北市,63000
901033,大同迪化街2段附近道路第二期新築工程,9004964900,大同,橋北段一小段,0603-0001,臺北市,63000
901033,大同迪化街2段附近道路第二期新築工程,9004964900,大同,橋北段一小段,0603-0002,臺北市,63000
901033,大同迪化街2段附近道路第二期新築工程,9004964900,大同,橋北段一小段,0604-0001,臺北市,63000
901033,大同迪化街2段附近道路第二期新築工程,9004964900,大同,橋北段一小段,0604-0002,臺北市,63000
901033,大同迪化街2段附近道路第二期新築工程,9004964900,大同,橋北段一小段,0605-0001,臺北市,63000
901033,大同迪化街2段附近道路第二期新築工程,9004964900,大同,橋北段一小段,0605-0002,臺北市,63000
901033,大同迪化街2段附近道路第二期新築工程,9004964900,大同,橋北段一小段,0606-0001,臺北市,63000
901033,大同迪化街2段附近道路第二期新築工程,9004964900,大同,橋北段一小段,0606-0002,臺北市,63000
901033,大同迪化街2段附近道路第二期新築工程,9004964900,大同,橋北段一小段,0608-0001,臺北市,63000
901033,大同迪化街2段附近道路第二期新築工程,9004964900,大同,橋北段一小段,0608-0002,臺北市,63000
901033,大同迪化街2段附近道路第二期新築工程,9004964900,大同,橋北段一小段,0610-0001,臺北市,63000
901033,大同迪化街2段附近道路第二期新築工程,9004964900,大同,橋北段一小段,0610-0002,臺北市,63000
901033,大同迪化街2段附近道路第二期新築工程,9004964900,大同,橋北段一小段,0611-0002,臺北市,63000
901033,大同迪化街2段附近道路第二期新築工程,9004964900,大同,橋北段一小段,0611-0005,臺北市,63000
901033,大同迪化街2段附近道路第二期新築工程,9004964900,大同,橋北段一小段,0612-0003,臺北市,63000
901034,大同延平北路3段18巷道路新築工程,9005582100,大同,橋北段三小段,0576-0001,臺北市,63000
901034,大同延平北路3段18巷道路新築工程,9005582100,大同,橋北段三小段,0577-0000,臺北市,63000
901034,大同延平北路3段18巷道路新築工程,9005582100,大同,橋北段三小段,0578-0000,臺北市,63000
901034,大同延平北路3段18巷道路新築工程,9005582100,大同,橋北段三小段,0580-0001,臺北市,63000
901034,大同延平北路3段18巷道路新築工程,9005582100,大同,橋北段三小段,0624-0001,臺北市,63000
901034,大同延平北路3段18巷道路新築工程,9005582100,大同,橋北段三小段,0625-0001,臺北市,63000
901034,大同延平北路3段18巷道路新築工程,9005582100,大同,橋北段三小段,0626-0001,臺北市,63000
901034,大同延平北路3段18巷道路新築工程,9005582100,大同,橋北段三小段,0627-0001,臺北市,63000
901034,大同延平北路3段18巷道路新築工程,9005582100,大同,橋北段三小段,0633-0001,臺北市,63000
901034,大同延平北路3段18巷道路新築工程,9005582100,大同,橋北段三小段,0635-0001,臺北市,63000
901034,大同延平北路3段18巷道路新築工程,9005582100,大同,橋北段三小段,0644-0001,臺北市,63000
901034,大同延平北路3段18巷道路新築工程,9005582100,大同,橋北段三小段,0645-0001,臺北市,63000
901034,大同延平北路3段18巷道路新築工程,9005582100,大同,橋北段三小段,0646-0001,臺北市,63000
901034,大同延平北路3段18巷道路新築工程,9005582100,大同,橋北段三小段,0647-0000,臺北市,63000
901034,大同延平北路3段18巷道路新築工程,9005582100,大同,橋北段三小段,0648-0003,臺北市,63000
901034,大同延平北路3段18巷道路新築工程,9005582100,大同,橋北段三小段,0648-0005,臺北市,63000
901034,大同延平北路3段18巷道路新築工程,9005582100,大同,橋北段三小段,0649-0001,臺北市,63000
901034,大同延平北路3段18巷道路新築工程,9005582100,大同,橋北段三小段,0650-0001,臺北市,63000
901034,大同延平北路3段18巷道路新築工程,9005582100,大同,橋北段三小段,0652-0001,臺北市,63000
901034,大同延平北路3段18巷道路新築工程,9005582100,大同,橋北段三小段,0653-0001,臺北市,63000
901034,大同延平北路3段18巷道路新築工程,9005582100,大同,橋北段三小段,0654-0001,臺北市,63000
901035,大同民權西路160巷26弄西側道路拓寬工程,9004575100,大同,雙連段二小段,0283-0003,臺北市,63000
901035,大同民權西路160巷26弄西側道路拓寬工程,9004575100,大同,雙連段二小段,0283-0004,臺北市,63000
901035,大同民權西路160巷26弄西側道路拓寬工程,9004575100,大同,雙連段二小段,0331-0001,臺北市,63000
901035,大同民權西路160巷26弄西側道路拓寬工程,9004575100,大同,雙連段二小段,0464-0001,臺北市,63000
901035,大同民權西路160巷26弄西側道路拓寬工程,9004575100,大同,雙連段二小段,0465-0001,臺北市,63000
901035,大同民權西路160巷26弄西側道路拓寬工程,9004575100,大同,雙連段二小段,0466-0001,臺北市,63000
901035,大同民權西路160巷26弄西側道路拓寬工程,9004575100,大同,雙連段二小段,0467-0001,臺北市,63000
901035,大同民權西路160巷26弄西側道路拓寬工程,9004575100,大同,雙連段二小段,0516-0002,臺北市,63000
901035,大同民權西路160巷26弄西側道路拓寬工程,9004575100,大同,雙連段二小段,0516-0003,臺北市,63000
901035,大同民權西路160巷26弄西側道路拓寬工程,9004575100,大同,雙連段二小段,0516-0004,臺北市,63000
901036,萬華和平西路3段159巷道路新築工程,9005062400,萬華,龍山段二小段,0163-0002,臺北市,63000
901036,萬華和平西路3段159巷道路新築工程,9005062400,萬華,龍山段二小段,0164-0001,臺北市,63000
901036,萬華和平西路3段159巷道路新築工程,9005062400,萬華,龍山段二小段,0165-0001,臺北市,63000
901036,萬華和平西路3段159巷道路新築工程,9005062400,萬華,龍山段二小段,0166-0001,臺北市,63000
901036,萬華和平西路3段159巷道路新築工程,9005062400,萬華,龍山段二小段,0186-0000,臺北市,63000
901036,萬華和平西路3段159巷道路新築工程,9005062400,萬華,龍山段二小段,0231-0001,臺北市,63000
901036,萬華和平西路3段159巷道路新築工程,9005062400,萬華,龍山段二小段,0232-0001,臺北市,63000
901036,萬華和平西路3段159巷道路新築工程,9005062400,萬華,龍山段二小段,0233-0002,臺北市,63000
901036,萬華和平西路3段159巷道路新築工程,9005062400,萬華,龍山段二小段,0235-0002,臺北市,63000
901036,萬華和平西路3段159巷道路新築工程,9005062400,萬華,龍山段二小段,0236-0002,臺北市,63000
901036,萬華和平西路3段159巷道路新築工程,9005062400,萬華,龍山段二小段,0237-0001,臺北市,63000
901036,萬華和平西路3段159巷道路新築工程,9005062400,萬華,龍山段二小段,0275-0003,臺北市,63000
901036,萬華和平西路3段159巷道路新築工程,9005062400,萬華,龍山段二小段,0303-0001,臺北市,63000
901036,萬華和平西路3段159巷道路新築工程,9005062400,萬華,龍山段二小段,0304-0002,臺北市,63000
901036,萬華和平西路3段159巷道路新築工程,9005062400,萬華,龍山段二小段,0305-0001,臺北市,63000
901036,萬華和平西路3段159巷道路新築工程,9005062400,萬華,龍山段二小段,0306-0000,臺北市,63000
901036,萬華和平西路3段159巷道路新築工程,9005062400,萬華,龍山段二小段,0308-0000,臺北市,63000
901036,萬華和平西路3段159巷道路新築工程,9005062400,萬華,龍山段二小段,0309-0002,臺北市,63000
901036,萬華和平西路3段159巷道路新築工程,9005062400,萬華,龍山段二小段,0331-0001,臺北市,63000
901036,萬華和平西路3段159巷道路新築工程,9005062400,萬華,龍山段二小段,0335-0002,臺北市,63000
901036,萬華和平西路3段159巷道路新築工程,9005062400,萬華,龍山段二小段,0337-0001,臺北市,63000
901037,中正羅斯福路1段95巷道路新築工程,9004964700,中正,南海段一小段,0376-0001,臺北市,63000
901037,中正羅斯福路1段95巷道路新築工程,9004964700,中正,南海段一小段,0377-0001,臺北市,63000
901037,中正羅斯福路1段95巷道路新築工程,9004964700,中正,南海段一小段,0379-0001,臺北市,63000
901038,萬華12號(龍山寺)公園新建工程,9005663200,萬華,龍山段二小段,0140-0004,臺北市,63000
901039,萬華400號公園新建工程(電影主題公園),9005663300,萬華,福星段四小段,0148-0000,臺北市,63000
901039,萬華400號公園新建工程(電影主題公園),9005663300,萬華,福星段四小段,0151-0000,臺北市,63000
901039,萬華400號公園新建工程(電影主題公園),9005663300,萬華,福星段四小段,0155-0000,臺北市,63000
901039,萬華400號公園新建工程(電影主題公園),9005663300,萬華,福星段四小段,0156-0001,臺北市,63000
901039,萬華400號公園新建工程(電影主題公園),9005663300,萬華,福星段四小段,0157-0000,臺北市,63000
901040,信義410號綠地新建工程,9004918300,信義,永吉段二小段,0006-0000,臺北市,63000
901040,信義410號綠地新建工程,9004918300,信義,永吉段二小段,0007-0000,臺北市,63000
901040,信義410號綠地新建工程,9004918300,信義,永吉段二小段,0009-0000,臺北市,63000
901041,大同22號(大稻埕)廣場新建工程,9005582400,大同,迪化段二小段,0225-0001,臺北市,63000
901041,大同22號(大稻埕)廣場新建工程,9005582400,大同,迪化段二小段,0226-0000,臺北市,63000
901041,大同22號(大稻埕)廣場新建工程,9005582400,大同,迪化段二小段,0227-0000,臺北市,63000
901042,士林129號綠地新建工程,9005663100,士林,永平段四小段,0386-0000,臺北市,63000
901042,士林129號綠地新建工程,9005663100,士林,永平段四小段,0388-0000,臺北市,63000
901042,士林129號綠地新建工程,9005663100,士林,永平段四小段,0389-0000,臺北市,63000
901042,士林129號綠地新建工程,9005663100,士林,永平段四小段,0424-0000,臺北市,63000
901042,士林129號綠地新建工程,9005663100,士林,永平段四小段,0425-0000,臺北市,63000
901042,士林129號綠地新建工程,9005663100,士林,永平段四小段,0426-0000,臺北市,63000
901042,士林129號綠地新建工程,9005663100,士林,永平段四小段,0487-0000,臺北市,63000
901042,士林129號綠地新建工程,9005663100,士林,永平段四小段,0488-0000,臺北市,63000
901042,士林129號綠地新建工程,9005663100,士林,永平段四小段,0489-0000,臺北市,63000
901042,士林129號綠地新建工程,9005663100,士林,永平段四小段,0490-0000,臺北市,63000
901042,士林129號綠地新建工程,9005663100,士林,永平段四小段,0491-0000,臺北市,63000
901042,士林129號綠地新建工程,9005663100,士林,永平段四小段,0492-0000,臺北市,63000
901042,士林129號綠地新建工程,9005663100,士林,永平段四小段,0675-0000,臺北市,63000
901042,士林129號綠地新建工程,9005663100,士林,永平段四小段,0677-0000,臺北市,63000
901042,士林129號綠地新建工程,9005663100,士林,永平段四小段,0680-0000,臺北市,63000
901042,士林129號綠地新建工程,9005663100,士林,永平段四小段,0685-0000,臺北市,63000
901042,士林129號綠地新建工程,9005663100,士林,永平段四小段,0690-0000,臺北市,63000
901042,士林129號綠地新建工程,9005663100,士林,永平段四小段,0693-0000,臺北市,63000
901042,士林129號綠地新建工程,9005663100,士林,永平段四小段,0697-0000,臺北市,63000
901042,士林129號綠地新建工程,9005663100,士林,永平段四小段,0698-0000,臺北市,63000
901043,內湖64號公園新建工程,9005774500,內湖,康寧段三小段,0304-0007,臺北市,63000
901043,內湖64號公園新建工程,9005774500,內湖,康寧段三小段,0361-0000,臺北市,63000
901043,內湖64號公園新建工程,9005774500,內湖,康寧段三小段,0377-0002,臺北市,63000
901043,內湖64號公園新建工程,9005774500,內湖,康寧段三小段,0379-0001,臺北市,63000
901044,內湖南湖高級中學擴建工程,9005582200,內湖,石潭段二小段,0001-0000,臺北市,63000
901044,內湖南湖高級中學擴建工程,9005582200,內湖,石潭段二小段,0002-0001,臺北市,63000
901044,內湖南湖高級中學擴建工程,9005582200,內湖,石潭段二小段,0002-0002,臺北市,63000
901044,內湖南湖高級中學擴建工程,9005582200,內湖,石潭段二小段,0003-0000,臺北市,63000
901044,內湖南湖高級中學擴建工程,9005582200,內湖,石潭段二小段,0003-0001,臺北市,63000
901044,內湖南湖高級中學擴建工程,9005582200,內湖,石潭段二小段,0003-0002,臺北市,63000
901045,南港舊莊區民活動中心興建工程,9004965200,南港,中南段四小段,0112-0001,臺北市,63000
901045,南港舊莊區民活動中心興建工程,9004965200,南港,中南段四小段,0113-0001,臺北市,63000
901045,南港舊莊區民活動中心興建工程,9004965200,南港,中南段四小段,0120-0001,臺北市,63000
901045,南港舊莊區民活動中心興建工程,9004965200,南港,中南段四小段,0843-0000,臺北市,63000
901045,南港舊莊區民活動中心興建工程,9004965200,南港,中南段四小段,0871-0000,臺北市,63000
901047,內湖內溝溪下游段整治工程,9005663400,內湖,社后段社后下小段,0082-0007,臺北市,63000
901047,內湖內溝溪下游段整治工程,9005663400,內湖,社后段社后下小段,0082-0011,臺北市,63000
901047,內湖內溝溪下游段整治工程,9005663400,內湖,社后段社后下小段,0097-0004,臺北市,63000
901047,內湖內溝溪下游段整治工程,9005663400,內湖,社后段社后下小段,0098-0001,臺北市,63000
901047,內湖內溝溪下游段整治工程,9005663400,內湖,社后段社后下小段,0098-0002,臺北市,63000
901047,內湖內溝溪下游段整治工程,9005663400,內湖,社后段社后下小段,0098-0003,臺北市,63000
901047,內湖內溝溪下游段整治工程,9005663400,內湖,社后段社后下小段,0099-0006,臺北市,63000
901047,內湖內溝溪下游段整治工程,9005663400,內湖,社后段社后下小段,0101-0002,臺北市,63000
901047,內湖內溝溪下游段整治工程,9005663400,內湖,社后段社后下小段,0101-0003,臺北市,63000
901047,內湖內溝溪下游段整治工程,9005663400,內湖,社后段社后下小段,0101-0004,臺北市,63000
901047,內湖內溝溪下游段整治工程,9005663400,內湖,社后段社后下小段,0101-0005,臺北市,63000
901047,內湖內溝溪下游段整治工程,9005663400,內湖,社后段社后下小段,0102-0001,臺北市,63000
901047,內湖內溝溪下游段整治工程,9005663400,內湖,社后段社后下小段,0102-0003,臺北市,63000
901047,內湖內溝溪下游段整治工程,9005663400,內湖,社后段社后下小段,0102-0005,臺北市,63000
901047,內湖內溝溪下游段整治工程,9005663400,內湖,社后段社后下小段,0102-0006,臺北市,63000
901047,內湖內溝溪下游段整治工程,9005663400,內湖,社后段社后下小段,0103-0000,臺北市,63000
901047,內湖內溝溪下游段整治工程,9005663400,內湖,社后段社后下小段,0103-0001,臺北市,63000
901047,內湖內溝溪下游段整治工程,9005663400,內湖,社后段社后下小段,0103-0002,臺北市,63000
901047,內湖內溝溪下游段整治工程,9005663400,內湖,社后段社后下小段,0103-0003,臺北市,63000
901047,內湖內溝溪下游段整治工程,9005663400,內湖,社后段社后下小段,0104-0001,臺北市,63000
901047,內湖內溝溪下游段整治工程,9005663400,內湖,社后段社后下小段,0104-0005,臺北市,63000
901047,內湖內溝溪下游段整治工程,9005663400,內湖,社后段社后下小段,0104-0006,臺北市,63000
901047,內湖內溝溪下游段整治工程,9005663400,內湖,社后段社后下小段,0104-0007,臺北市,63000
901047,內湖內溝溪下游段整治工程,9005663400,內湖,社后段社后下小段,0106-0003,臺北市,63000
901047,內湖內溝溪下游段整治工程,9005663400,內湖,社后段社后下小段,0106-0004,臺北市,63000
901047,內湖內溝溪下游段整治工程,9005663400,內湖,社后段社后下小段,0106-0005,臺北市,63000
901047,內湖內溝溪下游段整治工程,9005663400,內湖,社后段社后下小段,0106-0006,臺北市,63000
901047,內湖內溝溪下游段整治工程,9005663400,內湖,社后段社后下小段,0107-0001,臺北市,63000
901047,內湖內溝溪下游段整治工程,9005663400,內湖,社后段社后下小段,0107-0002,臺北市,63000
901047,內湖內溝溪下游段整治工程,9005663400,內湖,潭美段一小段,0004-0002,臺北市,63000
901047,內湖內溝溪下游段整治工程,9005663400,內湖,潭美段一小段,0009-0002,臺北市,63000
901047,內湖內溝溪下游段整治工程,9005663400,內湖,潭美段一小段,0009-0003,臺北市,63000
901047,內湖內溝溪下游段整治工程,9005663400,內湖,潭美段一小段,0010-0001,臺北市,63000
901047,內湖內溝溪下游段整治工程,9005663400,內湖,潭美段一小段,0010-0002,臺北市,63000
901047,內湖內溝溪下游段整治工程,9005663400,內湖,潭美段一小段,0012-0002,臺北市,63000
901047,內湖內溝溪下游段整治工程,9005663400,內湖,潭美段一小段,0013-0001,臺北市,63000
901047,內湖內溝溪下游段整治工程,9005663400,內湖,潭美段一小段,0014-0001,臺北市,63000
901047,內湖內溝溪下游段整治工程,9005663400,內湖,潭美段一小段,0021-0002,臺北市,63000
901047,內湖內溝溪下游段整治工程,9005663400,內湖,潭美段一小段,0022-0002,臺北市,63000
901048,內湖基隆河南湖大橋上游右岸堤防及兩岸堤防外整地工程,9005774600,南港,南港段一小段,0210-0001,臺北市,63000
901048,內湖基隆河南湖大橋上游右岸堤防及兩岸堤防外整地工程,9005774600,南港,南港段一小段,0211-0002,臺北市,63000
901048,內湖基隆河南湖大橋上游右岸堤防及兩岸堤防外整地工程,9005774600,南港,南港段一小段,0217-0001,臺北市,63000
901048,內湖基隆河南湖大橋上游右岸堤防及兩岸堤防外整地工程,9005774600,南港,南港段一小段,0218-0001,臺北市,63000
901048,內湖基隆河南湖大橋上游右岸堤防及兩岸堤防外整地工程,9005774600,南港,南港段一小段,0219-0000,臺北市,63000
901048,內湖基隆河南湖大橋上游右岸堤防及兩岸堤防外整地工程,9005774600,南港,南港段一小段,0220-0002,臺北市,63000
901048,內湖基隆河南湖大橋上游右岸堤防及兩岸堤防外整地工程,9005774600,南港,南港段一小段,0227-0001,臺北市,63000
901048,內湖基隆河南湖大橋上游右岸堤防及兩岸堤防外整地工程,9005774600,南港,南港段一小段,0229-0001,臺北市,63000
901048,內湖基隆河南湖大橋上游右岸堤防及兩岸堤防外整地工程,9005774600,南港,南港段一小段,0234-0001,臺北市,63000
901048,內湖基隆河南湖大橋上游右岸堤防及兩岸堤防外整地工程,9005774600,南港,南港段一小段,0235-0001,臺北市,63000
901048,內湖基隆河南湖大橋上游右岸堤防及兩岸堤防外整地工程,9005774600,南港,南港段一小段,0236-0000,臺北市,63000
901048,內湖基隆河南湖大橋上游右岸堤防及兩岸堤防外整地工程,9005774600,南港,南港段一小段,0239-0001,臺北市,63000
901048,內湖基隆河南湖大橋上游右岸堤防及兩岸堤防外整地工程,9005774600,南港,南港段一小段,0247-0001,臺北市,63000
901048,內湖基隆河南湖大橋上游右岸堤防及兩岸堤防外整地工程,9005774600,南港,南港段一小段,0248-0000,臺北市,63000
901048,內湖基隆河南湖大橋上游右岸堤防及兩岸堤防外整地工程,9005774600,南港,南港段一小段,0249-0000,臺北市,63000
901048,內湖基隆河南湖大橋上游右岸堤防及兩岸堤防外整地工程,9005774600,南港,南港段一小段,0261-0000,臺北市,63000
901048,內湖基隆河南湖大橋上游右岸堤防及兩岸堤防外整地工程,9005774600,南港,南港段一小段,0262-0000,臺北市,63000
901048,內湖基隆河南湖大橋上游右岸堤防及兩岸堤防外整地工程,9005774600,南港,南港段一小段,0263-0001,臺北市,63000
901048,內湖基隆河南湖大橋上游右岸堤防及兩岸堤防外整地工程,9005774600,南港,南港段一小段,0265-0003,臺北市,63000
901048,內湖基隆河南湖大橋上游右岸堤防及兩岸堤防外整地工程,9005774600,南港,南港段一小段,0275-0001,臺北市,63000
901048,內湖基隆河南湖大橋上游右岸堤防及兩岸堤防外整地工程,9005774600,南港,南港段一小段,0276-0001,臺北市,63000
901048,內湖基隆河南湖大橋上游右岸堤防及兩岸堤防外整地工程,9005774600,南港,南港段一小段,0284-0000,臺北市,63000
901048,內湖基隆河南湖大橋上游右岸堤防及兩岸堤防外整地工程,9005774600,南港,南港段一小段,0284-0001,臺北市,63000
901048,內湖基隆河南湖大橋上游右岸堤防及兩岸堤防外整地工程,9005774600,南港,南港段一小段,0329-0005,臺北市,63000
901048,內湖基隆河南湖大橋上游右岸堤防及兩岸堤防外整地工程,9005774600,南港,南港段一小段,0331-0007,臺北市,63000
901048,內湖基隆河南湖大橋上游右岸堤防及兩岸堤防外整地工程,9005774600,南港,南港段一小段,0332-0000,臺北市,63000
901048,內湖基隆河南湖大橋上游右岸堤防及兩岸堤防外整地工程,9005774600,南港,南港段一小段,0333-0000,臺北市,63000
901048,內湖基隆河南湖大橋上游右岸堤防及兩岸堤防外整地工程,9005774600,南港,南港段一小段,0335-0003,臺北市,63000
901048,內湖基隆河南湖大橋上游右岸堤防及兩岸堤防外整地工程,9005774600,南港,南港段一小段,0336-0001,臺北市,63000
901048,內湖基隆河南湖大橋上游右岸堤防及兩岸堤防外整地工程,9005774600,南港,南港段一小段,0337-0000,臺北市,63000
901048,內湖基隆河南湖大橋上游右岸堤防及兩岸堤防外整地工程,9005774600,南港,南港段一小段,0344-0001,臺北市,63000
901048,內湖基隆河南湖大橋上游右岸堤防及兩岸堤防外整地工程,9005774600,內湖,潭美段一小段,0012-0001,臺北市,63000
901048,內湖基隆河南湖大橋上游右岸堤防及兩岸堤防外整地工程,9005774600,內湖,潭美段一小段,0014-0000,臺北市,63000
901048,內湖基隆河南湖大橋上游右岸堤防及兩岸堤防外整地工程,9005774600,內湖,潭美段一小段,0022-0001,臺北市,63000
901048,內湖基隆河南湖大橋上游右岸堤防及兩岸堤防外整地工程,9005774600,內湖,潭美段一小段,0022-0003,臺北市,63000
901048,內湖基隆河南湖大橋上游右岸堤防及兩岸堤防外整地工程,9005774600,內湖,潭美段一小段,0022-0004,臺北市,63000
901048,內湖基隆河南湖大橋上游右岸堤防及兩岸堤防外整地工程,9005774600,內湖,潭美段一小段,0023-0000,臺北市,63000
901048,內湖基隆河南湖大橋上游右岸堤防及兩岸堤防外整地工程,9005774600,內湖,潭美段一小段,0023-0001,臺北市,63000
901048,內湖基隆河南湖大橋上游右岸堤防及兩岸堤防外整地工程,9005774600,內湖,潭美段一小段,0025-0002,臺北市,63000
901048,內湖基隆河南湖大橋上游右岸堤防及兩岸堤防外整地工程,9005774600,內湖,潭美段一小段,0025-0003,臺北市,63000
901048,內湖基隆河南湖大橋上游右岸堤防及兩岸堤防外整地工程,9005774600,內湖,潭美段一小段,0025-0004,臺北市,63000
901048,內湖基隆河南湖大橋上游右岸堤防及兩岸堤防外整地工程,9005774600,內湖,潭美段一小段,0030-0004,臺北市,63000
901048,內湖基隆河南湖大橋上游右岸堤防及兩岸堤防外整地工程,9005774600,內湖,潭美段一小段,0030-0005,臺北市,63000
901048,內湖基隆河南湖大橋上游右岸堤防及兩岸堤防外整地工程,9005774600,內湖,潭美段一小段,0030-0006,臺北市,63000
901048,內湖基隆河南湖大橋上游右岸堤防及兩岸堤防外整地工程,9005774600,內湖,潭美段一小段,0030-0007,臺北市,63000
901048,內湖基隆河南湖大橋上游右岸堤防及兩岸堤防外整地工程,9005774600,內湖,潭美段一小段,0030-0008,臺北市,63000
901048,內湖基隆河南湖大橋上游右岸堤防及兩岸堤防外整地工程,9005774600,內湖,潭美段一小段,0030-0009,臺北市,63000
901048,內湖基隆河南湖大橋上游右岸堤防及兩岸堤防外整地工程,9005774600,內湖,潭美段一小段,0034-0002,臺北市,63000
901048,內湖基隆河南湖大橋上游右岸堤防及兩岸堤防外整地工程,9005774600,內湖,潭美段一小段,0035-0002,臺北市,63000
901048,內湖基隆河南湖大橋上游右岸堤防及兩岸堤防外整地工程,9005774600,內湖,潭美段一小段,0035-0003,臺北市,63000
901048,內湖基隆河南湖大橋上游右岸堤防及兩岸堤防外整地工程,9005774600,內湖,潭美段一小段,0036-0000,臺北市,63000
901048,內湖基隆河南湖大橋上游右岸堤防及兩岸堤防外整地工程,9005774600,內湖,潭美段一小段,0036-0002,臺北市,63000
901048,內湖基隆河南湖大橋上游右岸堤防及兩岸堤防外整地工程,9005774600,內湖,潭美段一小段,0036-0003,臺北市,63000
901048,內湖基隆河南湖大橋上游右岸堤防及兩岸堤防外整地工程,9005774600,內湖,潭美段一小段,0038-0000,臺北市,63000
901048,內湖基隆河南湖大橋上游右岸堤防及兩岸堤防外整地工程,9005774600,內湖,潭美段一小段,0038-0002,臺北市,63000
901048,內湖基隆河南湖大橋上游右岸堤防及兩岸堤防外整地工程,9005774600,內湖,潭美段一小段,0038-0003,臺北市,63000
901048,內湖基隆河南湖大橋上游右岸堤防及兩岸堤防外整地工程,9005774600,內湖,潭美段一小段,0042-0000,臺北市,63000
901048,內湖基隆河南湖大橋上游右岸堤防及兩岸堤防外整地工程,9005774600,內湖,潭美段一小段,0042-0002,臺北市,63000
901048,內湖基隆河南湖大橋上游右岸堤防及兩岸堤防外整地工程,9005774600,內湖,潭美段一小段,0042-0003,臺北市,63000
901048,內湖基隆河南湖大橋上游右岸堤防及兩岸堤防外整地工程,9005774600,內湖,潭美段一小段,0043-0000,臺北市,63000
901048,內湖基隆河南湖大橋上游右岸堤防及兩岸堤防外整地工程,9005774600,內湖,潭美段一小段,0044-0000,臺北市,63000
901048,內湖基隆河南湖大橋上游右岸堤防及兩岸堤防外整地工程,9005774600,內湖,潭美段一小段,0044-0003,臺北市,63000
901048,內湖基隆河南湖大橋上游右岸堤防及兩岸堤防外整地工程,9005774600,內湖,潭美段一小段,0044-0004,臺北市,63000
901048,內湖基隆河南湖大橋上游右岸堤防及兩岸堤防外整地工程,9005774600,內湖,潭美段一小段,0045-0002,臺北市,63000
901048,內湖基隆河南湖大橋上游右岸堤防及兩岸堤防外整地工程,9005774600,內湖,潭美段一小段,0045-0003,臺北市,63000
901048,內湖基隆河南湖大橋上游右岸堤防及兩岸堤防外整地工程,9005774600,內湖,潭美段一小段,0045-0004,臺北市,63000
901048,內湖基隆河南湖大橋上游右岸堤防及兩岸堤防外整地工程,9005774600,內湖,潭美段一小段,0047-0002,臺北市,63000
901048,內湖基隆河南湖大橋上游右岸堤防及兩岸堤防外整地工程,9005774600,內湖,潭美段一小段,0047-0003,臺北市,63000
901048,內湖基隆河南湖大橋上游右岸堤防及兩岸堤防外整地工程,9005774600,內湖,潭美段一小段,0048-0002,臺北市,63000
901048,內湖基隆河南湖大橋上游右岸堤防及兩岸堤防外整地工程,9005774600,內湖,潭美段一小段,0049-0000,臺北市,63000
901048,內湖基隆河南湖大橋上游右岸堤防及兩岸堤防外整地工程,9005774600,內湖,潭美段一小段,0049-0001,臺北市,63000
901048,內湖基隆河南湖大橋上游右岸堤防及兩岸堤防外整地工程,9005774600,內湖,潭美段一小段,0049-0002,臺北市,63000
901048,內湖基隆河南湖大橋上游右岸堤防及兩岸堤防外整地工程,9005774600,內湖,潭美段一小段,0052-0001,臺北市,63000
901048,內湖基隆河南湖大橋上游右岸堤防及兩岸堤防外整地工程,9005774600,內湖,潭美段一小段,0053-0001,臺北市,63000
901048,內湖基隆河南湖大橋上游右岸堤防及兩岸堤防外整地工程,9005774600,內湖,潭美段一小段,0053-0002,臺北市,63000
901048,內湖基隆河南湖大橋上游右岸堤防及兩岸堤防外整地工程,9005774600,內湖,潭美段一小段,0053-0003,臺北市,63000
901048,內湖基隆河南湖大橋上游右岸堤防及兩岸堤防外整地工程,9005774600,內湖,潭美段一小段,0053-0004,臺北市,63000
901048,內湖基隆河南湖大橋上游右岸堤防及兩岸堤防外整地工程,9005774600,內湖,潭美段一小段,0054-0000,臺北市,63000
901048,內湖基隆河南湖大橋上游右岸堤防及兩岸堤防外整地工程,9005774600,內湖,潭美段一小段,0054-0001,臺北市,63000
901048,內湖基隆河南湖大橋上游右岸堤防及兩岸堤防外整地工程,9005774600,內湖,潭美段一小段,0055-0000,臺北市,63000
901048,內湖基隆河南湖大橋上游右岸堤防及兩岸堤防外整地工程,9005774600,內湖,潭美段一小段,0056-0000,臺北市,63000
901048,內湖基隆河南湖大橋上游右岸堤防及兩岸堤防外整地工程,9005774600,內湖,潭美段一小段,0057-0000,臺北市,63000
901048,內湖基隆河南湖大橋上游右岸堤防及兩岸堤防外整地工程,9005774600,內湖,潭美段一小段,0057-0001,臺北市,63000
901048,內湖基隆河南湖大橋上游右岸堤防及兩岸堤防外整地工程,9005774600,內湖,潭美段一小段,0057-0002,臺北市,63000
901048,內湖基隆河南湖大橋上游右岸堤防及兩岸堤防外整地工程,9005774600,內湖,潭美段一小段,0058-0004,臺北市,63000
901048,內湖基隆河南湖大橋上游右岸堤防及兩岸堤防外整地工程,9005774600,內湖,潭美段一小段,0059-0004,臺北市,63000
901048,內湖基隆河南湖大橋上游右岸堤防及兩岸堤防外整地工程,9005774600,內湖,潭美段一小段,0059-0005,臺北市,63000
901048,內湖基隆河南湖大橋上游右岸堤防及兩岸堤防外整地工程,9005774600,內湖,潭美段一小段,0059-0006,臺北市,63000
901048,內湖基隆河南湖大橋上游右岸堤防及兩岸堤防外整地工程,9005774600,內湖,潭美段一小段,0067-0000,臺北市,63000
901048,內湖基隆河南湖大橋上游右岸堤防及兩岸堤防外整地工程,9005774600,內湖,潭美段一小段,0068-0000,臺北市,63000
901048,內湖基隆河南湖大橋上游右岸堤防及兩岸堤防外整地工程,9005774600,內湖,潭美段一小段,0069-0000,臺北市,63000
901048,內湖基隆河南湖大橋上游右岸堤防及兩岸堤防外整地工程,9005774600,內湖,潭美段一小段,0069-0001,臺北市,63000
901048,內湖基隆河南湖大橋上游右岸堤防及兩岸堤防外整地工程,9005774600,內湖,潭美段一小段,0071-0000,臺北市,63000
901048,內湖基隆河南湖大橋上游右岸堤防及兩岸堤防外整地工程,9005774600,內湖,潭美段一小段,0071-0001,臺北市,63000
901048,內湖基隆河南湖大橋上游右岸堤防及兩岸堤防外整地工程,9005774600,內湖,潭美段一小段,0071-0005,臺北市,63000
901048,內湖基隆河南湖大橋上游右岸堤防及兩岸堤防外整地工程,9005774600,內湖,潭美段一小段,0071-0007,臺北市,63000
901049,大安浦城街21巷新築工程,9005708300,大安,龍泉段三小段,0444-0002,臺北市,63000
901050,內湖3號廣場新建工程,9005651100,內湖,文德段四小段,0026-0010,臺北市,63000
901050,內湖3號廣場新建工程,9005651100,內湖,文德段四小段,0026-0011,臺北市,63000
901051,信義聯絡線信義支線工程,9007666800,信義,永春段三小段,0558-0001,臺北市,63000
901051,信義聯絡線信義支線工程,9007666800,信義,永春段三小段,0596-0002,臺北市,63000
901051,信義聯絡線信義支線工程,9007666800,信義,祥和段一小段,0002-0000,臺北市,63000
901051,信義聯絡線信義支線工程,9007666800,信義,祥和段一小段,0002-0002,臺北市,63000
901051,信義聯絡線信義支線工程,9007666800,信義,祥和段一小段,0003-0000,臺北市,63000
901051,信義聯絡線信義支線工程,9007666800,信義,祥和段一小段,0003-0003,臺北市,63000
901051,信義聯絡線信義支線工程,9007666800,信義,祥和段一小段,0003-0004,臺北市,63000
901051,信義聯絡線信義支線工程,9007666800,信義,祥和段一小段,0004-0000,臺北市,63000
901051,信義聯絡線信義支線工程,9007666800,信義,祥和段一小段,0004-0001,臺北市,63000
901051,信義聯絡線信義支線工程,9007666800,信義,祥和段一小段,0005-0000,臺北市,63000
901051,信義聯絡線信義支線工程,9007666800,信義,祥和段一小段,0005-0001,臺北市,63000
901051,信義聯絡線信義支線工程,9007666800,信義,祥和段一小段,0006-0004,臺北市,63000
901051,信義聯絡線信義支線工程,9007666800,信義,祥和段一小段,0006-0007,臺北市,63000
901051,信義聯絡線信義支線工程,9007666800,信義,祥和段一小段,0006-0008,臺北市,63000
901051,信義聯絡線信義支線工程,9007666800,信義,祥和段一小段,0006-0009,臺北市,63000
901051,信義聯絡線信義支線工程,9007666800,信義,祥和段一小段,0006-0010,臺北市,63000
901051,信義聯絡線信義支線工程,9007666800,信義,祥和段一小段,0006-0013,臺北市,63000
901051,信義聯絡線信義支線工程,9007666800,信義,祥和段一小段,0007-0003,臺北市,63000
901051,信義聯絡線信義支線工程,9007666800,信義,祥和段一小段,0008-0002,臺北市,63000
901051,信義聯絡線信義支線工程,9007666800,信義,祥和段一小段,0103-0002,臺北市,63000
901051,信義聯絡線信義支線工程,9007666800,信義,祥和段四小段,0034-0000,臺北市,63000
901051,信義聯絡線信義支線工程,9007666800,信義,祥和段四小段,0035-0003,臺北市,63000
901051,信義聯絡線信義支線工程,9007666800,信義,祥和段四小段,0035-0004,臺北市,63000
901051,信義聯絡線信義支線工程,9007666800,信義,祥和段四小段,0103-0001,臺北市,63000
901051,信義聯絡線信義支線工程,9007666800,信義,祥和段四小段,0108-0000,臺北市,63000
901051,信義聯絡線信義支線工程,9007666800,信義,祥和段四小段,0108-0001,臺北市,63000
901051,信義聯絡線信義支線工程,9007666800,信義,祥和段四小段,0108-0002,臺北市,63000
901051,信義聯絡線信義支線工程,9007666800,信義,祥和段四小段,0109-0000,臺北市,63000
901051,信義聯絡線信義支線工程,9007666800,信義,祥和段四小段,0109-0001,臺北市,63000
901051,信義聯絡線信義支線工程,9007666800,信義,祥和段四小段,0109-0002,臺北市,63000
901051,信義聯絡線信義支線工程,9007666800,信義,祥和段四小段,0109-0003,臺北市,63000
901051,信義聯絡線信義支線工程,9007666800,信義,祥和段四小段,0109-0005,臺北市,63000
901051,信義聯絡線信義支線工程,9007666800,信義,祥和段四小段,0110-0000,臺北市,63000
901051,信義聯絡線信義支線工程,9007666800,信義,祥和段四小段,0110-0001,臺北市,63000
901051,信義聯絡線信義支線工程,9007666800,信義,祥和段四小段,0112-0003,臺北市,63000
901051,信義聯絡線信義支線工程,9007666800,信義,祥和段四小段,0115-0001,臺北市,63000
901051,信義聯絡線信義支線工程,9007666800,信義,祥和段四小段,0178-0002,臺北市,63000
901051,信義聯絡線信義支線工程,9007666800,信義,祥和段四小段,0178-0003,臺北市,63000
901051,信義聯絡線信義支線工程,9007666800,信義,祥和段四小段,0179-0003,臺北市,63000
901051,信義聯絡線信義支線工程,9007666800,信義,祥和段四小段,0179-0006,臺北市,63000
901051,信義聯絡線信義支線工程,9007666800,信義,祥和段四小段,0179-0007,臺北市,63000
901051,信義聯絡線信義支線工程,9007666800,信義,祥和段四小段,0179-0008,臺北市,63000
901051,信義聯絡線信義支線工程,9007666800,信義,祥和段四小段,0179-0009,臺北市,63000
901051,信義聯絡線信義支線工程,9007666800,信義,祥和段四小段,0179-0011,臺北市,63000
901051,信義聯絡線信義支線工程,9007666800,信義,祥和段四小段,0179-0012,臺北市,63000
901051,信義聯絡線信義支線工程,9007666800,信義,祥和段四小段,0179-0014,臺北市,63000
901051,信義聯絡線信義支線工程,9007666800,信義,祥和段四小段,0179-0016,臺北市,63000
901052,中正台北車站特定區北平西路工程,9005582500,中正,公園段一小段,0017-0001,臺北市,63000
901052,中正台北車站特定區北平西路工程,9005582500,中正,公園段一小段,0017-0005,臺北市,63000
901052,中正台北車站特定區北平西路工程,9005582500,中正,公園段一小段,0019-0002,臺北市,63000
901052,中正台北車站特定區北平西路工程,9005582500,中正,公園段一小段,0020-0001,臺北市,63000
901053,信義台北聯絡線信義支線工程(南隧道南、北口及北隧道南、北口用地),9016781000,信義,永春段三小段,0597-0002,臺北市,63000
901053,信義台北聯絡線信義支線工程(南隧道南、北口及北隧道南、北口用地),9016781000,信義,祥和段一小段,0008-0001,臺北市,63000
901053,信義台北聯絡線信義支線工程(南隧道南、北口及北隧道南、北口用地),9016781000,信義,祥和段一小段,0007-0002,臺北市,63000
901053,信義台北聯絡線信義支線工程(南隧道南、北口及北隧道南、北口用地),9016781000,信義,祥和段一小段,0006-0006,臺北市,63000
901053,信義台北聯絡線信義支線工程(南隧道南、北口及北隧道南、北口用地),9016781000,信義,祥和段一小段,0006-0005,臺北市,63000
901053,信義台北聯絡線信義支線工程(南隧道南、北口及北隧道南、北口用地),9016781000,信義,祥和段四小段,0035-0005,臺北市,63000
901053,信義台北聯絡線信義支線工程(南隧道南、北口及北隧道南、北口用地),9016781000,信義,祥和段四小段,0179-0013,臺北市,63000
901054,中山台北都會區大眾捷運系統木柵(內湖)延伸線工程,9010694800,中山,北安段三小段,0053-0001,臺北市,63000
901054,中山台北都會區大眾捷運系統木柵(內湖)延伸線工程,9010694800,中山,北安段三小段,0054-0001,臺北市,63000
901054,中山台北都會區大眾捷運系統木柵(內湖)延伸線工程,9010694800,中山,北安段三小段,0102-0004,臺北市,63000
901054,中山台北都會區大眾捷運系統木柵(內湖)延伸線工程,9010694800,中山,北安段三小段,0102-0008,臺北市,63000
901054,中山台北都會區大眾捷運系統木柵(內湖)延伸線工程,9010694800,中山,北安段三小段,0102-0010,臺北市,63000
901054,中山台北都會區大眾捷運系統木柵(內湖)延伸線工程,9010694800,中山,北安段三小段,0102-0012,臺北市,63000
901054,中山台北都會區大眾捷運系統木柵(內湖)延伸線工程,9010694800,中山,北安段三小段,0881-0002,臺北市,63000
901054,中山台北都會區大眾捷運系統木柵(內湖)延伸線工程,9010694800,中山,北安段三小段,0884-0002,臺北市,63000
901054,中山台北都會區大眾捷運系統木柵(內湖)延伸線工程,9010694800,中山,北安段三小段,0885-0002,臺北市,63000
901054,中山台北都會區大眾捷運系統木柵(內湖)延伸線工程,9010694800,中山,北安段三小段,0890-0000,臺北市,63000
901054,中山台北都會區大眾捷運系統木柵(內湖)延伸線工程,9010694800,中山,北安段三小段,0891-0002,臺北市,63000
901054,中山台北都會區大眾捷運系統木柵(內湖)延伸線工程,9010694800,中山,北安段三小段,0897-0002,臺北市,63000
901054,中山台北都會區大眾捷運系統木柵(內湖)延伸線工程,9010694800,中山,北安段三小段,0898-0000,臺北市,63000
901056,士林陽明山國家公園冷水坑遊憩區工程,9005003100,士林,力行段二小段,0031-0001,臺北市,63000
901056,士林陽明山國家公園冷水坑遊憩區工程,9005003100,士林,力行段二小段,0032-0001,臺北市,63000
901057,北投興建核二～仙渡三四五仟伏輸電線路第85、90號等二座鐵塔用地工程,9017876500,北投,大屯段一小段,0574-0001,臺北市,63000
901057,北投興建核二～仙渡三四五仟伏輸電線路第85、90號等二座鐵塔用地工程,9017876500,北投,秀山段三小段,0004-0001,臺北市,63000
901058,松山台北松山機場北邊土地產權完整性及俾利機場內飛安管理需要工程,9011112000,松山,濱江段四小段,0123-0000,臺北市,63000
901058,松山台北松山機場北邊土地產權完整性及俾利機場內飛安管理需要工程,9011112000,松山,濱江段四小段,0126-0000,臺北市,63000
901058,松山台北松山機場北邊土地產權完整性及俾利機場內飛安管理需要工程,9011112000,松山,濱江段四小段,0126-0001,臺北市,63000
901058,松山台北松山機場北邊土地產權完整性及俾利機場內飛安管理需要工程,9011112000,松山,濱江段四小段,0137-0000,臺北市,63000
901058,松山台北松山機場北邊土地產權完整性及俾利機場內飛安管理需要工程,9011112000,松山,濱江段四小段,0139-0000,臺北市,63000
901059,中山高速公路台北市路段既成道路暨漏辦徵收土地工程,9010694500,大同,文昌段一小段,0027-0012,臺北市,63000
901059,中山高速公路台北市路段既成道路暨漏辦徵收土地工程,9010694500,大同,文昌段一小段,0027-0013,臺北市,63000
901059,中山高速公路台北市路段既成道路暨漏辦徵收土地工程,9010694500,大同,文昌段一小段,0027-0017,臺北市,63000
901059,中山高速公路台北市路段既成道路暨漏辦徵收土地工程,9010694500,大同,文昌段一小段,0027-0018,臺北市,63000
901059,中山高速公路台北市路段既成道路暨漏辦徵收土地工程,9010694500,大同,文昌段一小段,0027-0019,臺北市,63000
901059,中山高速公路台北市路段既成道路暨漏辦徵收土地工程,9010694500,大同,文昌段一小段,0027-0020,臺北市,63000
901059,中山高速公路台北市路段既成道路暨漏辦徵收土地工程,9010694500,大同,文昌段一小段,0027-0021,臺北市,63000
901059,中山高速公路台北市路段既成道路暨漏辦徵收土地工程,9010694500,大同,文昌段一小段,0027-0025,臺北市,63000
901059,中山高速公路台北市路段既成道路暨漏辦徵收土地工程,9010694500,大同,文昌段一小段,0027-0026,臺北市,63000
901059,中山高速公路台北市路段既成道路暨漏辦徵收土地工程,9010694500,松山,濱江段二小段,0545-0000,臺北市,63000
901059,中山高速公路台北市路段既成道路暨漏辦徵收土地工程,9010694500,松山,濱江段二小段,0545-0001,臺北市,63000
901059,中山高速公路台北市路段既成道路暨漏辦徵收土地工程,9010694500,松山,濱江段二小段,0545-0002,臺北市,63000
901059,中山高速公路台北市路段既成道路暨漏辦徵收土地工程,9010694500,松山,濱江段二小段,0666-0000,臺北市,63000
901062,文山國立政治大學興建國際關係研究中心研究大樓工程,9016835100,文山,政大段三小段,0031-0003,臺北市,63000
901062,文山國立政治大學興建國際關係研究中心研究大樓工程,9016835100,文山,政大段三小段,0034-0002,臺北市,63000
901063,松山交通部民用航空局台北松山機場民航區工程,9016842502,松山,濱江段四小段,0099-0000,臺北市,63000
901063,松山交通部民用航空局台北松山機場民航區工程,9016842502,松山,濱江段四小段,0100-0000,臺北市,63000
901063,松山交通部民用航空局台北松山機場民航區工程,9016842502,松山,濱江段四小段,0100-0002,臺北市,63000
901063,松山交通部民用航空局台北松山機場民航區工程,9016842502,松山,濱江段四小段,0125-0000,臺北市,63000
901063,松山交通部民用航空局台北松山機場民航區工程,9016842502,松山,濱江段四小段,0136-0000,臺北市,63000
901063,松山交通部民用航空局台北松山機場民航區工程,9016842502,松山,濱江段四小段,0136-0001,臺北市,63000
901064,松山交通部民用航空局台北松山機場防音牆用地工程,9017876200,松山,濱江段四小段,0100-0001,臺北市,63000
901064,松山交通部民用航空局台北松山機場防音牆用地工程,9017876200,松山,濱江段四小段,0332-0001,臺北市,63000
901068,中正三元街暨接順相關巷道拓寬工程,9003410200,中正,永昌段四小段,0092-0000,臺北市,63000
901070,北投陽明大學工程,9005003000,北投,崇仰段三小段,0501-0000,臺北市,63000
901071,大同迪化街2段附近道路第二期新築工程,9016958700,大同,橋北段一小段,0595-0000,臺北市,63000
901071,大同迪化街2段附近道路第二期新築工程,9016958700,大同,橋北段一小段,0595-0002,臺北市,63000
901072,大同區延平北路3段18巷道路新築工程,9017855900,大同,橋北段三小段,0576-0000,臺北市,63000
901073,北投公館路63巷道路第一期拓寬工程,9017856000,北投,溫泉段二小段,0260-0000,臺北市,63000
901074,文山景後街149巷道路拓寬工程,9017894500,文山,景美段四小段,0515-0000,臺北市,63000
901075,內湖成功路2段(內湖交流道附近)東北側六米道路新築工程,9017918000,內湖,石潭段三小段,0557-0002,臺北市,63000
901076,文山公館街拓寬工程,9017921500,文山,萬隆段一小段,0506-0000,臺北市,63000
901076,文山公館街拓寬工程,9017921500,文山,萬隆段一小段,0506-0001,臺北市,63000
901077,大同區延平北路3段18巷道路新築工程,9017855900,大同,橋北段三小段,0579-0000,臺北市,63000
901077,大同區延平北路3段18巷道路新築工程,9017855900,大同,橋北段三小段,0580-0000,臺北市,63000
901078,內湖內湖路2段301巷道路拓寬工程,9018147400,內湖,碧湖段二小段,0214-0000,臺北市,63000
901079,信義吳興街156巷7弄至220巷11弄道路拓寬工程,9018675500,信義,三興段二小段,0433-0003,臺北市,63000
901081,南港南深路道路拓寬工程,9019019100,南港,舊莊段一小段,0200-0000,臺北市,63000
901081,南港南深路道路拓寬工程,9019019100,南港,舊莊段一小段,0200-0001,臺北市,63000
901082,文山興隆路1段271巷4弄道路拓寬工程(一併),9019036700,文山,興隆段二小段,0398-0001,臺北市,63000
901082,文山興隆路1段271巷4弄道路拓寬工程(一併),9019036700,文山,興隆段二小段,0398-0002,臺北市,63000
911001,內湖區內溝溪下游整治工程,9117414800,內湖,東湖段七小段,0005-0001,臺北市,63000
911001,內湖區內溝溪下游整治工程,9117414800,內湖,東湖段七小段,0005-0002,臺北市,63000
911001,內湖區內溝溪下游整治工程,9117414800,內湖,東湖段七小段,0007-0001,臺北市,63000
911001,內湖區內溝溪下游整治工程,9117414800,內湖,東湖段七小段,0007-0002,臺北市,63000
911001,內湖區內溝溪下游整治工程,9117414800,內湖,東湖段七小段,0007-0003,臺北市,63000
911001,內湖區內溝溪下游整治工程,9117414800,內湖,東湖段七小段,0008-0001,臺北市,63000
911001,內湖區內溝溪下游整治工程,9117414800,內湖,東湖段七小段,0008-0002,臺北市,63000
911001,內湖區內溝溪下游整治工程,9117414800,內湖,東湖段七小段,0008-0003,臺北市,63000
911001,內湖區內溝溪下游整治工程,9117414800,內湖,東湖段七小段,0008-0004,臺北市,63000
911001,內湖區內溝溪下游整治工程,9117414800,內湖,東湖段七小段,0008-0005,臺北市,63000
911001,內湖區內溝溪下游整治工程,9117414800,內湖,東湖段七小段,0012-0019,臺北市,63000
911001,內湖區內溝溪下游整治工程,9117414800,內湖,東湖段七小段,0014-0001,臺北市,63000
911001,內湖區內溝溪下游整治工程,9117414800,內湖,東湖段七小段,0015-0001,臺北市,63000
911001,內湖區內溝溪下游整治工程,9117414800,內湖,東湖段七小段,0015-0002,臺北市,63000
911001,內湖區內溝溪下游整治工程,9117414800,內湖,東湖段七小段,0016-0000,臺北市,63000
911001,內湖區內溝溪下游整治工程,9117414800,內湖,東湖段七小段,0016-0001,臺北市,63000
911001,內湖區內溝溪下游整治工程,9117414800,內湖,東湖段七小段,0017-0001,臺北市,63000
911001,內湖區內溝溪下游整治工程,9117414800,內湖,東湖段七小段,0022-0001,臺北市,63000
911001,內湖區內溝溪下游整治工程,9117414800,內湖,東湖段七小段,0023-0001,臺北市,63000
911001,內湖區內溝溪下游整治工程,9117414800,內湖,東湖段七小段,0023-0002,臺北市,63000
911001,內湖區內溝溪下游整治工程,9117414800,內湖,東湖段七小段,0024-0003,臺北市,63000
911001,內湖區內溝溪下游整治工程,9117414800,內湖,東湖段七小段,0024-0004,臺北市,63000
911001,內湖區內溝溪下游整治工程,9117414800,內湖,東湖段七小段,0024-0005,臺北市,63000
911001,內湖區內溝溪下游整治工程,9117414800,內湖,東湖段七小段,0024-0006,臺北市,63000
911001,內湖區內溝溪下游整治工程,9117414800,內湖,東湖段七小段,0025-0001,臺北市,63000
911001,內湖區內溝溪下游整治工程,9117414800,內湖,東湖段七小段,0025-0002,臺北市,63000
911001,內湖區內溝溪下游整治工程,9117414800,內湖,東湖段七小段,0027-0000,臺北市,63000
911001,內湖區內溝溪下游整治工程,9117414800,內湖,東湖段七小段,0027-0001,臺北市,63000
911001,內湖區內溝溪下游整治工程,9117414800,內湖,東湖段七小段,0031-0001,臺北市,63000
911001,內湖區內溝溪下游整治工程,9117414800,內湖,東湖段七小段,0032-0001,臺北市,63000
911001,內湖區內溝溪下游整治工程,9117414800,內湖,東湖段七小段,0033-0000,臺北市,63000
911001,內湖區內溝溪下游整治工程,9117414800,內湖,東湖段七小段,0033-0003,臺北市,63000
911001,內湖區內溝溪下游整治工程,9117414800,內湖,東湖段七小段,0034-0000,臺北市,63000
911001,內湖區內溝溪下游整治工程,9117414800,內湖,東湖段七小段,0034-0001,臺北市,63000
911001,內湖區內溝溪下游整治工程,9117414800,內湖,東湖段七小段,0035-0000,臺北市,63000
911001,內湖區內溝溪下游整治工程,9117414800,內湖,東湖段七小段,0035-0001,臺北市,63000
911001,內湖區內溝溪下游整治工程,9117414800,內湖,東湖段七小段,0036-0001,臺北市,63000
911001,內湖區內溝溪下游整治工程,9117414800,內湖,東湖段七小段,0036-0002,臺北市,63000
911001,內湖區內溝溪下游整治工程,9117414800,內湖,東湖段七小段,0037-0001,臺北市,63000
911001,內湖區內溝溪下游整治工程,9117414800,內湖,東湖段七小段,0037-0002,臺北市,63000
911001,內湖區內溝溪下游整治工程,9117414800,內湖,東湖段七小段,0038-0001,臺北市,63000
911001,內湖區內溝溪下游整治工程,9117414800,內湖,東湖段七小段,0084-0002,臺北市,63000
911001,內湖區內溝溪下游整治工程,9117414800,內湖,東湖段七小段,0102-0002,臺北市,63000
911001,內湖區內溝溪下游整治工程,9117414800,內湖,東湖段七小段,0105-0000,臺北市,63000
911001,內湖區內溝溪下游整治工程,9117414800,內湖,社后段社后下小段,0030-0005,臺北市,63000
911001,內湖區內溝溪下游整治工程,9117414800,內湖,社后段社后下小段,0031-0004,臺北市,63000
911001,內湖區內溝溪下游整治工程,9117414800,內湖,社后段社后下小段,0031-0010,臺北市,63000
911001,內湖區內溝溪下游整治工程,9117414800,內湖,社后段社后下小段,0031-0013,臺北市,63000
911001,內湖區內溝溪下游整治工程,9117414800,內湖,社后段社后下小段,0031-0014,臺北市,63000
911001,內湖區內溝溪下游整治工程,9117414800,內湖,社后段社后下小段,0031-0015,臺北市,63000
911001,內湖區內溝溪下游整治工程,9117414800,內湖,社后段社后下小段,0031-0016,臺北市,63000
911001,內湖區內溝溪下游整治工程,9117414800,內湖,社后段社后下小段,0034-0001,臺北市,63000
911001,內湖區內溝溪下游整治工程,9117414800,內湖,社后段社后下小段,0035-0034,臺北市,63000
911001,內湖區內溝溪下游整治工程,9117414800,內湖,社后段社后下小段,0035-0035,臺北市,63000
911001,內湖區內溝溪下游整治工程,9117414800,內湖,社后段社后下小段,0035-0036,臺北市,63000
911001,內湖區內溝溪下游整治工程,9117414800,內湖,社后段社后下小段,0035-0037,臺北市,63000
911001,內湖區內溝溪下游整治工程,9117414800,內湖,社后段社后下小段,0035-0038,臺北市,63000
911001,內湖區內溝溪下游整治工程,9117414800,內湖,社后段社后下小段,0053-0000,臺北市,63000
911001,內湖區內溝溪下游整治工程,9117414800,內湖,社后段社后下小段,0053-0015,臺北市,63000
911001,內湖區內溝溪下游整治工程,9117414800,內湖,社后段社后下小段,0053-0016,臺北市,63000
911001,內湖區內溝溪下游整治工程,9117414800,內湖,社后段社后下小段,0053-0017,臺北市,63000
911001,內湖區內溝溪下游整治工程,9117414800,內湖,社后段社后下小段,0053-0019,臺北市,63000
911001,內湖區內溝溪下游整治工程,9117414800,內湖,社后段社后下小段,0053-0020,臺北市,63000
911001,內湖區內溝溪下游整治工程,9117414800,內湖,社后段社后下小段,0053-0021,臺北市,63000
911001,內湖區內溝溪下游整治工程,9117414800,內湖,社后段社后下小段,0053-0022,臺北市,63000
911001,內湖區內溝溪下游整治工程,9117414800,內湖,社后段社后下小段,0069-0003,臺北市,63000
911001,內湖區內溝溪下游整治工程,9117414800,內湖,社后段社后下小段,0072-0004,臺北市,63000
911001,內湖區內溝溪下游整治工程,9117414800,內湖,社后段社后下小段,0072-0005,臺北市,63000
911001,內湖區內溝溪下游整治工程,9117414800,內湖,社后段社后下小段,0072-0007,臺北市,63000
911001,內湖區內溝溪下游整治工程,9117414800,內湖,社后段社后下小段,0072-0008,臺北市,63000
911001,內湖區內溝溪下游整治工程,9117414800,內湖,社后段社后下小段,0075-0001,臺北市,63000
911001,內湖區內溝溪下游整治工程,9117414800,內湖,社后段社后下小段,0075-0008,臺北市,63000
911001,內湖區內溝溪下游整治工程,9117414800,內湖,社后段社后下小段,0075-0020,臺北市,63000
911001,內湖區內溝溪下游整治工程,9117414800,內湖,社后段社后下小段,0075-0021,臺北市,63000
911001,內湖區內溝溪下游整治工程,9117414800,內湖,社后段社后下小段,0075-0022,臺北市,63000
911001,內湖區內溝溪下游整治工程,9117414800,內湖,社后段社后下小段,0075-0023,臺北市,63000
911001,內湖區內溝溪下游整治工程,9117414800,內湖,社后段社后下小段,0075-0024,臺北市,63000
911001,內湖區內溝溪下游整治工程,9117414800,內湖,社后段社后下小段,0075-0026,臺北市,63000
911001,內湖區內溝溪下游整治工程,9117414800,內湖,社后段社后下小段,0075-0027,臺北市,63000
911001,內湖區內溝溪下游整治工程,9117414800,內湖,社后段社后下小段,0075-0028,臺北市,63000
911001,內湖區內溝溪下游整治工程,9117414800,內湖,社后段社后下小段,0080-0004,臺北市,63000
911001,內湖區內溝溪下游整治工程,9117414800,內湖,社后段社后下小段,0080-0006,臺北市,63000
911001,內湖區內溝溪下游整治工程,9117414800,內湖,社后段社后下小段,0407-0004,臺北市,63000
911002,北投區洲美堤防新建工程(共構段),9114391400,北投,八仙段二小段,0256-0003,臺北市,63000
911002,北投區洲美堤防新建工程(共構段),9114391400,北投,八仙段二小段,0256-0004,臺北市,63000
911002,北投區洲美堤防新建工程(共構段),9114391400,北投,八仙段二小段,0259-0001,臺北市,63000
911002,北投區洲美堤防新建工程(共構段),9114391400,北投,八仙段二小段,0283-0000,臺北市,63000
911002,北投區洲美堤防新建工程(共構段),9114391400,北投,八仙段二小段,0303-0000,臺北市,63000
911002,北投區洲美堤防新建工程(共構段),9114391400,北投,八仙段二小段,0305-0001,臺北市,63000
911002,北投區洲美堤防新建工程(共構段),9114391400,北投,八仙段二小段,0341-0002,臺北市,63000
911002,北投區洲美堤防新建工程(共構段),9114391400,北投,八仙段二小段,0346-0002,臺北市,63000
911002,北投區洲美堤防新建工程(共構段),9114391400,北投,八仙段二小段,0347-0002,臺北市,63000
911002,北投區洲美堤防新建工程(共構段),9114391400,北投,八仙段二小段,0350-0004,臺北市,63000
911002,北投區洲美堤防新建工程(共構段),9114391400,北投,八仙段二小段,0352-0005,臺北市,63000
911002,北投區洲美堤防新建工程(共構段),9114391400,北投,洲美段二小段,0154-0000,臺北市,63000
911002,北投區洲美堤防新建工程(共構段),9114391400,北投,洲美段二小段,0158-0000,臺北市,63000
911002,北投區洲美堤防新建工程(共構段),9114391400,北投,洲美段二小段,0161-0000,臺北市,63000
911002,北投區洲美堤防新建工程(共構段),9114391400,北投,洲美段二小段,0167-0000,臺北市,63000
911002,北投區洲美堤防新建工程(共構段),9114391400,北投,洲美段二小段,0171-0000,臺北市,63000
911002,北投區洲美堤防新建工程(共構段),9114391400,北投,洲美段二小段,0177-0000,臺北市,63000
911002,北投區洲美堤防新建工程(共構段),9114391400,北投,洲美段二小段,0189-0000,臺北市,63000
911002,北投區洲美堤防新建工程(共構段),9114391400,北投,洲美段二小段,0191-0000,臺北市,63000
911002,北投區洲美堤防新建工程(共構段),9114391400,北投,洲美段二小段,0193-0000,臺北市,63000
911002,北投區洲美堤防新建工程(共構段),9114391400,北投,洲美段二小段,0194-0000,臺北市,63000
911002,北投區洲美堤防新建工程(共構段),9114391400,北投,洲美段二小段,0433-0001,臺北市,63000
911002,北投區洲美堤防新建工程(共構段),9114391400,北投,洲美段二小段,0463-0001,臺北市,63000
911002,北投區洲美堤防新建工程(共構段),9114391400,士林,溪洲段一小段,0101-0001,臺北市,63000
911002,北投區洲美堤防新建工程(共構段),9114391400,士林,溪洲段一小段,0102-0001,臺北市,63000
911002,北投區洲美堤防新建工程(共構段),9114391400,士林,溪洲段一小段,0104-0000,臺北市,63000
911002,北投區洲美堤防新建工程(共構段),9114391400,士林,溪洲段一小段,0105-0001,臺北市,63000
911002,北投區洲美堤防新建工程(共構段),9114391400,士林,溪洲段一小段,0106-0000,臺北市,63000
911002,北投區洲美堤防新建工程(共構段),9114391400,士林,溪洲段一小段,0114-0003,臺北市,63000
911002,北投區洲美堤防新建工程(共構段),9114391400,士林,溪洲段一小段,0115-0001,臺北市,63000
911002,北投區洲美堤防新建工程(共構段),9114391400,士林,溪洲段一小段,0117-0001,臺北市,63000
911003,文山區景美溪(新店溪匯流口至寶橋上游省市界線)河道整治及堤防加高工程,9114323800,文山,華興段三小段,0431-0000,臺北市,63000
911003,文山區景美溪(新店溪匯流口至寶橋上游省市界線)河道整治及堤防加高工程,9114323800,文山,華興段四小段,0038-0000,臺北市,63000
911003,文山區景美溪(新店溪匯流口至寶橋上游省市界線)河道整治及堤防加高工程,9114323800,文山,華興段四小段,0039-0002,臺北市,63000
911003,文山區景美溪(新店溪匯流口至寶橋上游省市界線)河道整治及堤防加高工程,9114323800,文山,華興段四小段,0083-0002,臺北市,63000
911003,文山區景美溪(新店溪匯流口至寶橋上游省市界線)河道整治及堤防加高工程,9114323800,文山,華興段四小段,0092-0002,臺北市,63000
911003,文山區景美溪(新店溪匯流口至寶橋上游省市界線)河道整治及堤防加高工程,9114323800,文山,華興段四小段,0161-0004,臺北市,63000
911003,文山區景美溪(新店溪匯流口至寶橋上游省市界線)河道整治及堤防加高工程,9114323800,文山,華興段四小段,0597-0000,臺北市,63000
911003,文山區景美溪(新店溪匯流口至寶橋上游省市界線)河道整治及堤防加高工程,9114323800,文山,華興段四小段,0598-0000,臺北市,63000
911004,萬華和平陸橋拆除暨道路改善工程,9121552500,中正,永昌段六小段,0001-0001,臺北市,63000
911004,萬華和平陸橋拆除暨道路改善工程,9121552500,中正,永昌段六小段,0311-0000,臺北市,63000
911004,萬華和平陸橋拆除暨道路改善工程,9121552500,中正,南海段五小段,0739-0001,臺北市,63000
911004,萬華和平陸橋拆除暨道路改善工程,9121552500,萬華,莒光段二小段,0001-0000,臺北市,63000
911004,萬華和平陸橋拆除暨道路改善工程,9121552500,萬華,莒光段二小段,0850-0000,臺北市,63000
911005,大同區哈密街59巷53弄道路拓寬工程,9114122800,大同,大龍段二小段,0089-0002,臺北市,63000
911005,大同區哈密街59巷53弄道路拓寬工程,9114122800,大同,大龍段二小段,0089-0003,臺北市,63000
911005,大同區哈密街59巷53弄道路拓寬工程,9114122800,大同,大龍段二小段,0089-0004,臺北市,63000
911005,大同區哈密街59巷53弄道路拓寬工程,9114122800,大同,大龍段二小段,0091-0002,臺北市,63000
911005,大同區哈密街59巷53弄道路拓寬工程,9114122800,大同,大龍段二小段,0091-0003,臺北市,63000
911005,大同區哈密街59巷53弄道路拓寬工程,9114122800,大同,大龍段二小段,0092-0001,臺北市,63000
911005,大同區哈密街59巷53弄道路拓寬工程,9114122800,大同,大龍段二小段,0127-0002,臺北市,63000
911006,大同區民權西路160巷26弄第二期道路拓寬工程,9114122300,大同,雙連段二小段,0248-0002,臺北市,63000
911006,大同區民權西路160巷26弄第二期道路拓寬工程,9114122300,大同,雙連段二小段,0282-0003,臺北市,63000
911006,大同區民權西路160巷26弄第二期道路拓寬工程,9114122300,大同,雙連段二小段,0282-0006,臺北市,63000
911006,大同區民權西路160巷26弄第二期道路拓寬工程,9114122300,大同,雙連段二小段,0283-0005,臺北市,63000
911006,大同區民權西路160巷26弄第二期道路拓寬工程,9114122300,大同,雙連段二小段,0516-0003,臺北市,63000
911006,大同區民權西路160巷26弄第二期道路拓寬工程,9114122300,大同,雙連段二小段,0516-0005,臺北市,63000
911006,大同區民權西路160巷26弄第二期道路拓寬工程,9114122300,大同,雙連段二小段,0518-0062,臺北市,63000
911007,大同延平北路3段18巷道路第二期新築工程,9114109000,大同,橋北段三小段,0728-0002,臺北市,63000
911007,大同延平北路3段18巷道路第二期新築工程,9114109000,大同,橋北段三小段,0729-0001,臺北市,63000
911007,大同延平北路3段18巷道路第二期新築工程,9114109000,大同,橋北段三小段,0730-0001,臺北市,63000
911007,大同延平北路3段18巷道路第二期新築工程,9114109000,大同,橋北段三小段,0731-0001,臺北市,63000
911007,大同延平北路3段18巷道路第二期新築工程,9114109000,大同,橋北段三小段,0735-0001,臺北市,63000
911007,大同延平北路3段18巷道路第二期新築工程,9114109000,大同,橋北段三小段,0736-0001,臺北市,63000
911007,大同延平北路3段18巷道路第二期新築工程,9114109000,大同,橋北段三小段,0738-0001,臺北市,63000
911007,大同延平北路3段18巷道路第二期新築工程,9114109000,大同,橋北段三小段,0741-0001,臺北市,63000
911007,大同延平北路3段18巷道路第二期新築工程,9114109000,大同,橋北段三小段,0742-0001,臺北市,63000
911007,大同延平北路3段18巷道路第二期新築工程,9114109000,大同,橋北段三小段,0745-0001,臺北市,63000
911007,大同延平北路3段18巷道路第二期新築工程,9114109000,大同,橋北段三小段,0746-0001,臺北市,63000
911007,大同延平北路3段18巷道路第二期新築工程,9114109000,大同,橋北段三小段,0747-0001,臺北市,63000
911007,大同延平北路3段18巷道路第二期新築工程,9114109000,大同,橋北段三小段,0748-0001,臺北市,63000
911007,大同延平北路3段18巷道路第二期新築工程,9114109000,大同,橋北段三小段,0750-0001,臺北市,63000
911007,大同延平北路3段18巷道路第二期新築工程,9114109000,大同,橋北段三小段,0752-0001,臺北市,63000
911007,大同延平北路3段18巷道路第二期新築工程,9114109000,大同,橋北段三小段,0753-0002,臺北市,63000
911007,大同延平北路3段18巷道路第二期新築工程,9114109000,大同,橋北段三小段,0754-0001,臺北市,63000
911007,大同延平北路3段18巷道路第二期新築工程,9114109000,大同,橋北段三小段,0755-0001,臺北市,63000
911007,大同延平北路3段18巷道路第二期新築工程,9114109000,大同,橋北段三小段,0756-0001,臺北市,63000
911007,大同延平北路3段18巷道路第二期新築工程,9114109000,大同,橋北段三小段,0757-0002,臺北市,63000
911007,大同延平北路3段18巷道路第二期新築工程,9114109000,大同,橋北段三小段,0775-0001,臺北市,63000
911007,大同延平北路3段18巷道路第二期新築工程,9114109000,大同,橋北段三小段,0881-0001,臺北市,63000
911007,大同延平北路3段18巷道路第二期新築工程,9114109000,大同,橋北段三小段,0882-0002,臺北市,63000
911007,大同延平北路3段18巷道路第二期新築工程,9114109000,大同,橋北段三小段,0883-0001,臺北市,63000
911009,北投義方國小東側道路新築工程,9112274200,北投,泉源段四小段,0701-0002,臺北市,63000
911009,北投義方國小東側道路新築工程,9112274200,北投,新民段一小段,0267-0001,臺北市,63000
911009,北投義方國小東側道路新築工程,9112274200,北投,新民段一小段,0271-0000,臺北市,63000
911009,北投義方國小東側道路新築工程,9112274200,北投,新民段一小段,0272-0000,臺北市,63000
911009,北投義方國小東側道路新築工程,9112274200,北投,新民段一小段,0276-0000,臺北市,63000
911009,北投義方國小東側道路新築工程,9112274200,北投,新民段二小段,0002-0000,臺北市,63000
911009,北投義方國小東側道路新築工程,9112274200,北投,新民段二小段,0049-0000,臺北市,63000
911009,北投義方國小東側道路新築工程,9112274200,北投,新民段二小段,0060-0000,臺北市,63000
911010,松山區饒河街221巷道路拓寬工程,9114122500,松山,寶清段七小段,0087-0000,臺北市,63000
911010,松山區饒河街221巷道路拓寬工程,9114122500,松山,寶清段七小段,0089-0000,臺北市,63000
911010,松山區饒河街221巷道路拓寬工程,9114122500,松山,寶清段七小段,0090-0000,臺北市,63000
911010,松山區饒河街221巷道路拓寬工程,9114122500,松山,寶清段七小段,0091-0000,臺北市,63000
911010,松山區饒河街221巷道路拓寬工程,9114122500,松山,寶清段七小段,0094-0000,臺北市,63000
911010,松山區饒河街221巷道路拓寬工程,9114122500,松山,寶清段七小段,0101-0000,臺北市,63000
911010,松山區饒河街221巷道路拓寬工程,9114122500,松山,寶清段七小段,0103-0000,臺北市,63000
911012,信義莊敬路197巷道路拓寬工程,9114228500,信義,祥和段二小段,0007-0004,臺北市,63000
911012,信義莊敬路197巷道路拓寬工程,9114228500,信義,祥和段二小段,0008-0001,臺北市,63000
911012,信義莊敬路197巷道路拓寬工程,9114228500,信義,祥和段二小段,0012-0002,臺北市,63000
911013,內湖124號公園新建工程,9125508500,內湖,東湖段七小段,0031-0000,臺北市,63000
911013,內湖124號公園新建工程,9125508500,內湖,東湖段七小段,0032-0000,臺北市,63000
911013,內湖124號公園新建工程,9125508500,內湖,東湖段七小段,0036-0000,臺北市,63000
911013,內湖124號公園新建工程,9125508500,內湖,東湖段七小段,0037-0000,臺北市,63000
911013,內湖124號公園新建工程,9125508500,內湖,東湖段七小段,0038-0000,臺北市,63000
911013,內湖124號公園新建工程,9125508500,內湖,東湖段七小段,0041-0000,臺北市,63000
911013,內湖124號公園新建工程,9125508500,內湖,東湖段七小段,0048-0000,臺北市,63000
911013,內湖124號公園新建工程,9125508500,內湖,東湖段七小段,0049-0000,臺北市,63000
911013,內湖124號公園新建工程,9125508500,內湖,東湖段七小段,0050-0000,臺北市,63000
911013,內湖124號公園新建工程,9125508500,內湖,東湖段七小段,0051-0000,臺北市,63000
911013,內湖124號公園新建工程,9125508500,內湖,東湖段七小段,0052-0000,臺北市,63000
911013,內湖124號公園新建工程,9125508500,內湖,東湖段七小段,0081-0000,臺北市,63000
911013,內湖124號公園新建工程,9125508500,內湖,東湖段七小段,0082-0000,臺北市,63000
911013,內湖124號公園新建工程,9125508500,內湖,東湖段七小段,0083-0000,臺北市,63000
911013,內湖124號公園新建工程,9125508500,內湖,東湖段七小段,0084-0000,臺北市,63000
911013,內湖124號公園新建工程,9125508500,內湖,東湖段七小段,0102-0000,臺北市,63000
911014,內湖125號公園新建工程,9125508600,內湖,潭美段一小段,0038-0004,臺北市,63000
911014,內湖125號公園新建工程,9125508600,內湖,潭美段一小段,0041-0000,臺北市,63000
911014,內湖125號公園新建工程,9125508600,內湖,潭美段一小段,0042-0001,臺北市,63000
911014,內湖125號公園新建工程,9125508600,內湖,潭美段一小段,0044-0002,臺北市,63000
911014,內湖125號公園新建工程,9125508600,內湖,潭美段一小段,0045-0000,臺北市,63000
911014,內湖125號公園新建工程,9125508600,內湖,潭美段一小段,0047-0000,臺北市,63000
911014,內湖125號公園新建工程,9125508600,內湖,潭美段一小段,0048-0000,臺北市,63000
911014,內湖125號公園新建工程,9125508600,內湖,潭美段一小段,0050-0000,臺北市,63000
911014,內湖125號公園新建工程,9125508600,內湖,潭美段一小段,0051-0000,臺北市,63000
911014,內湖125號公園新建工程,9125508600,內湖,潭美段一小段,0052-0000,臺北市,63000
911014,內湖125號公園新建工程,9125508600,內湖,潭美段一小段,0053-0000,臺北市,63000
911014,內湖125號公園新建工程,9125508600,內湖,潭美段一小段,0058-0000,臺北市,63000
911014,內湖125號公園新建工程,9125508600,內湖,潭美段一小段,0058-0002,臺北市,63000
911014,內湖125號公園新建工程,9125508600,內湖,潭美段一小段,0059-0000,臺北市,63000
911014,內湖125號公園新建工程,9125508600,內湖,潭美段一小段,0059-0001,臺北市,63000
911014,內湖125號公園新建工程,9125508600,內湖,潭美段一小段,0059-0002,臺北市,63000
911014,內湖125號公園新建工程,9125508600,內湖,潭美段一小段,0061-0000,臺北市,63000
911014,內湖125號公園新建工程,9125508600,內湖,潭美段一小段,0061-0001,臺北市,63000
911018,警察局萬華分局武昌街派出所新建工程,9114109200,萬華,福星段四小段,0176-0000,臺北市,63000
911018,警察局萬華分局武昌街派出所新建工程,9114109200,萬華,福星段四小段,0177-0000,臺北市,63000
911019,文山區文山木新抽水站引水渠道工程,9114441200,文山,木柵段四小段,0735-0000,臺北市,63000
911019,文山區文山木新抽水站引水渠道工程,9114441200,文山,木柵段四小段,0735-0001,臺北市,63000
911019,文山區文山木新抽水站引水渠道工程,9114441200,文山,木柵段四小段,0735-0002,臺北市,63000
911019,文山區文山木新抽水站引水渠道工程,9114441200,文山,木柵段四小段,0738-0001,臺北市,63000
911019,文山區文山木新抽水站引水渠道工程,9114441200,文山,木柵段四小段,0739-0000,臺北市,63000
911019,文山區文山木新抽水站引水渠道工程,9114441200,文山,木柵段四小段,0739-0001,臺北市,63000
911021,南港中央研究院研究所溫室、人文社會科學館院內進出道路及相關設施工程,9112202700,南港,中南段二小段,0428-0003,臺北市,63000
911021,南港中央研究院研究所溫室、人文社會科學館院內進出道路及相關設施工程,9112202700,南港,中南段二小段,0449-0003,臺北市,63000
911021,南港中央研究院研究所溫室、人文社會科學館院內進出道路及相關設施工程,9112202700,南港,中南段三小段,0279-0004,臺北市,63000
911021,南港中央研究院研究所溫室、人文社會科學館院內進出道路及相關設施工程,9112202700,南港,中南段三小段,0280-0001,臺北市,63000
911027,博愛案營區工程,9104689700,中山,北安段二小段,0795-0000,臺北市,63000
911027,博愛案營區工程,9104689700,中山,北安段二小段,0800-0000,臺北市,63000
911028,信義四一一號公園(四四南村「眷村文化及社區公園」)新建工程,9114391200,松山,信義段五小段,0047-0051,臺北市,63000
911028,信義四一一號公園(四四南村「眷村文化及社區公園」)新建工程,9114391200,信義,祥和段二小段,0007-0000,臺北市,63000
911029,士林二十五號公園新建工程,9109983300,士林,陽明段四小段,0343-0003,臺北市,63000
911029,士林二十五號公園新建工程,9109983300,士林,陽明段四小段,0364-0003,臺北市,63000
911031,士林天母游泳池東側前段道路拓寬工程(一併),9114391900,士林,蘭雅段一小段,0147-0000,臺北市,63000
911031,士林天母游泳池東側前段道路拓寬工程(一併),9114391900,士林,蘭雅段一小段,0148-0001,臺北市,63000
911032,北投一六二號綠地新建工程,9114213800,北投,豐年段二小段,0470-0000,臺北市,63000
911033,中正羅斯福路一段九十五巷道路新築工程(一併徵收),9114275500,中正,南海段一小段,0377-0000,臺北市,63000
911034,台北市區鐵路地下化東延南港工程(南港專案)台北市段工程,9114441000,南港,玉成段二小段,0271-0006,臺北市,63000
911034,台北市區鐵路地下化東延南港工程(南港專案)台北市段工程,9114441000,南港,玉成段二小段,0279-0003,臺北市,63000
911034,台北市區鐵路地下化東延南港工程(南港專案)台北市段工程,9114441000,南港,玉成段二小段,0299-0001,臺北市,63000
911034,台北市區鐵路地下化東延南港工程(南港專案)台北市段工程,9114441000,南港,玉成段二小段,0310-0001,臺北市,63000
911034,台北市區鐵路地下化東延南港工程(南港專案)台北市段工程,9114441000,南港,玉成段二小段,0346-0001,臺北市,63000
911034,台北市區鐵路地下化東延南港工程(南港專案)台北市段工程,9114441000,南港,玉成段二小段,0347-0001,臺北市,63000
911034,台北市區鐵路地下化東延南港工程(南港專案)台北市段工程,9114441000,南港,玉成段二小段,0348-0001,臺北市,63000
911034,台北市區鐵路地下化東延南港工程(南港專案)台北市段工程,9114441000,南港,玉成段二小段,0349-0001,臺北市,63000
911034,台北市區鐵路地下化東延南港工程(南港專案)台北市段工程,9114441000,南港,玉成段二小段,0350-0001,臺北市,63000
911034,台北市區鐵路地下化東延南港工程(南港專案)台北市段工程,9114441000,南港,玉成段二小段,0351-0001,臺北市,63000
911034,台北市區鐵路地下化東延南港工程(南港專案)台北市段工程,9114441000,南港,玉成段二小段,0352-0001,臺北市,63000
911034,台北市區鐵路地下化東延南港工程(南港專案)台北市段工程,9114441000,南港,玉成段二小段,0381-0004,臺北市,63000
911034,台北市區鐵路地下化東延南港工程(南港專案)台北市段工程,9114441000,南港,玉成段二小段,0390-0001,臺北市,63000
911034,台北市區鐵路地下化東延南港工程(南港專案)台北市段工程,9114441000,南港,玉成段二小段,0393-0001,臺北市,63000
911034,台北市區鐵路地下化東延南港工程(南港專案)台北市段工程,9114441000,南港,玉成段二小段,0394-0001,臺北市,63000
911034,台北市區鐵路地下化東延南港工程(南港專案)台北市段工程,9114441000,南港,玉成段二小段,0395-0001,臺北市,63000
911034,台北市區鐵路地下化東延南港工程(南港專案)台北市段工程,9114441000,南港,玉成段二小段,0396-0001,臺北市,63000
911034,台北市區鐵路地下化東延南港工程(南港專案)台北市段工程,9114441000,南港,玉成段二小段,0397-0001,臺北市,63000
911034,台北市區鐵路地下化東延南港工程(南港專案)台北市段工程,9114441000,南港,玉成段二小段,0500-0001,臺北市,63000
911034,台北市區鐵路地下化東延南港工程(南港專案)台北市段工程,9114441000,南港,玉成段二小段,0501-0001,臺北市,63000
911034,台北市區鐵路地下化東延南港工程(南港專案)台北市段工程,9114441000,南港,玉成段二小段,0502-0001,臺北市,63000
911034,台北市區鐵路地下化東延南港工程(南港專案)台北市段工程,9114441000,南港,玉成段二小段,0503-0001,臺北市,63000
911034,台北市區鐵路地下化東延南港工程(南港專案)台北市段工程,9114441000,南港,玉成段二小段,0504-0001,臺北市,63000
911034,台北市區鐵路地下化東延南港工程(南港專案)台北市段工程,9114441000,南港,玉成段二小段,0533-0001,臺北市,63000
911034,台北市區鐵路地下化東延南港工程(南港專案)台北市段工程,9114441000,南港,玉成段二小段,0585-0004,臺北市,63000
911034,台北市區鐵路地下化東延南港工程(南港專案)台北市段工程,9114441000,南港,玉成段二小段,0585-0005,臺北市,63000
911034,台北市區鐵路地下化東延南港工程(南港專案)台北市段工程,9114441000,南港,玉成段二小段,0649-0001,臺北市,63000
911034,台北市區鐵路地下化東延南港工程(南港專案)台北市段工程,9114441000,南港,玉成段二小段,0650-0001,臺北市,63000
911034,台北市區鐵路地下化東延南港工程(南港專案)台北市段工程,9114441000,南港,玉成段二小段,0651-0001,臺北市,63000
911034,台北市區鐵路地下化東延南港工程(南港專案)台北市段工程,9114441000,南港,玉成段二小段,0652-0001,臺北市,63000
911034,台北市區鐵路地下化東延南港工程(南港專案)台北市段工程,9114441000,南港,玉成段二小段,0653-0001,臺北市,63000
911034,台北市區鐵路地下化東延南港工程(南港專案)台北市段工程,9114441000,南港,玉成段二小段,0654-0001,臺北市,63000
911034,台北市區鐵路地下化東延南港工程(南港專案)台北市段工程,9114441000,南港,玉成段二小段,0655-0001,臺北市,63000
911034,台北市區鐵路地下化東延南港工程(南港專案)台北市段工程,9114441000,南港,玉成段二小段,0656-0001,臺北市,63000
911034,台北市區鐵路地下化東延南港工程(南港專案)台北市段工程,9114441000,南港,玉成段二小段,0657-0001,臺北市,63000
911034,台北市區鐵路地下化東延南港工程(南港專案)台北市段工程,9114441000,南港,玉成段二小段,0699-0001,臺北市,63000
911034,台北市區鐵路地下化東延南港工程(南港專案)台北市段工程,9114441000,南港,玉成段二小段,0700-0001,臺北市,63000
911034,台北市區鐵路地下化東延南港工程(南港專案)台北市段工程,9114441000,信義,虎林段三小段,0161-0000,臺北市,63000
911034,台北市區鐵路地下化東延南港工程(南港專案)台北市段工程,9114441000,信義,虎林段三小段,0161-0001,臺北市,63000
911034,台北市區鐵路地下化東延南港工程(南港專案)台北市段工程,9114441000,南港,南港段二小段,0557-0003,臺北市,63000
911034,台北市區鐵路地下化東延南港工程(南港專案)台北市段工程,9114441000,南港,南港段二小段,0810-0006,臺北市,63000
911034,台北市區鐵路地下化東延南港工程(南港專案)台北市段工程,9114441000,南港,南港段二小段,0818-0001,臺北市,63000
911034,台北市區鐵路地下化東延南港工程(南港專案)台北市段工程,9114441000,南港,南港段四小段,0453-0003,臺北市,63000
911034,台北市區鐵路地下化東延南港工程(南港專案)台北市段工程,9114441000,南港,南港段四小段,0483-0003,臺北市,63000
911034,台北市區鐵路地下化東延南港工程(南港專案)台北市段工程,9114441000,信義,雅祥段一小段,0006-0001,臺北市,63000
911035,國立政治大學興建國際關係研究中心研究大樓工程,9114391800,文山,政大段三小段,0489-0000,臺北市,63000
911035,國立政治大學興建國際關係研究中心研究大樓工程,9114391800,文山,政大段三小段,0491-0000,臺北市,63000
911036,臺北都會區大眾捷運系統新莊線(民權西路站)工程,9114402200,大同,大同段二小段,0092-0001,臺北市,63000
911036,臺北都會區大眾捷運系統新莊線(民權西路站)工程,9114402200,大同,大同段二小段,0093-0000,臺北市,63000
911037,臺北都會區大眾捷運系統新莊線(忠孝新生站)工程,9114229100,中正,臨沂段一小段,0210-0000,臺北市,63000
911037,臺北都會區大眾捷運系統新莊線(忠孝新生站)工程,9114229100,中正,臨沂段一小段,0211-0000,臺北市,63000
911037,臺北都會區大眾捷運系統新莊線(忠孝新生站)工程,9114229100,中正,臨沂段一小段,0212-0000,臺北市,63000
911038,台灣警察專科學校為校區完整需要工程,9114229100,文山,公訓段二小段,0537-0000,臺北市,63000
911038,台灣警察專科學校為校區完整需要工程,9114229100,文山,公訓段二小段,0540-0000,臺北市,63000
911038,台灣警察專科學校為校區完整需要工程,9114229100,文山,公訓段二小段,0541-0000,臺北市,63000
911039,臺北都會區大眾捷運系統木柵延伸線(內湖)線工程,9121566600,中山,大直段,0024-0011,臺北市,63000
911039,臺北都會區大眾捷運系統木柵延伸線(內湖)線工程,9121566600,中山,大直段,0024-0012,臺北市,63000
911039,臺北都會區大眾捷運系統木柵延伸線(內湖)線工程,9121566600,中山,大直段,0024-0013,臺北市,63000
911039,臺北都會區大眾捷運系統木柵延伸線(內湖)線工程,9121566600,中山,大直段,0025-0011,臺北市,63000
911040,臺北都會區大眾捷運系統新莊線(民權西路站出入口、松江南京站出入口)工程,9120819900,中山,中山段二小段,0138-0001,臺北市,63000
911040,臺北都會區大眾捷運系統新莊線(民權西路站出入口、松江南京站出入口)工程,9120819900,中山,中山段二小段,0138-0002,臺北市,63000
911040,臺北都會區大眾捷運系統新莊線(民權西路站出入口、松江南京站出入口)工程,9120819900,中山,長安段三小段,0395-0001,臺北市,63000
911041,國防部空軍總司令部為松山機場需要工程,9119245700,松山,濱江段四小段,0291-0003,臺北市,63000
911042,臺北都會區大眾捷運系統新莊線(行天宮站捷五)工程,9123154200,中山,吉林段一小段,0461-0000,臺北市,63000
911042,臺北都會區大眾捷運系統新莊線(行天宮站捷五)工程,9123154200,中山,吉林段一小段,0462-0000,臺北市,63000
911042,臺北都會區大眾捷運系統新莊線(行天宮站捷五)工程,9123154200,中山,吉林段一小段,0463-0000,臺北市,63000
911042,臺北都會區大眾捷運系統新莊線(行天宮站捷五)工程,9123154200,中山,吉林段一小段,0464-0000,臺北市,63000
911042,臺北都會區大眾捷運系統新莊線(行天宮站捷五)工程,9123154200,中山,吉林段一小段,0465-0000,臺北市,63000
911042,臺北都會區大眾捷運系統新莊線(行天宮站捷五)工程,9123154200,中山,吉林段一小段,0466-0000,臺北市,63000
911042,臺北都會區大眾捷運系統新莊線(行天宮站捷五)工程,9123154200,中山,吉林段一小段,0467-0000,臺北市,63000
911042,臺北都會區大眾捷運系統新莊線(行天宮站捷五)工程,9123154200,中山,吉林段一小段,0468-0000,臺北市,63000
911042,臺北都會區大眾捷運系統新莊線(行天宮站捷五)工程,9123154200,中山,吉林段一小段,0470-0000,臺北市,63000
911042,臺北都會區大眾捷運系統新莊線(行天宮站捷五)工程,9123154200,中山,吉林段一小段,0471-0000,臺北市,63000
911042,臺北都會區大眾捷運系統新莊線(行天宮站捷五)工程,9123154200,中山,吉林段一小段,0474-0000,臺北市,63000
911042,臺北都會區大眾捷運系統新莊線(行天宮站捷五)工程,9123154200,中山,吉林段一小段,0476-0000,臺北市,63000
911042,臺北都會區大眾捷運系統新莊線(行天宮站捷五)工程,9123154200,中山,吉林段一小段,0477-0000,臺北市,63000
911042,臺北都會區大眾捷運系統新莊線(行天宮站捷五)工程,9123154200,中山,吉林段一小段,0480-0000,臺北市,63000
911042,臺北都會區大眾捷運系統新莊線(行天宮站捷五)工程,9123154200,中山,吉林段一小段,0482-0000,臺北市,63000
911043,台北都會區大眾捷運系統南港線東延段工程,9120680500,南港,中南段一小段,0535-0001,臺北市,63000
911043,台北都會區大眾捷運系統南港線東延段工程,9120680500,南港,中南段一小段,0536-0001,臺北市,63000
911043,台北都會區大眾捷運系統南港線東延段工程,9120680500,南港,中南段一小段,0539-0001,臺北市,63000
911044,台北都會區大眾捷運系統木柵延伸(內湖)線工程,9123154400,內湖,康寧段三小段,0199-0000,臺北市,63000
911044,台北都會區大眾捷運系統木柵延伸(內湖)線工程,9123154400,內湖,康寧段三小段,0200-0000,臺北市,63000
911044,台北都會區大眾捷運系統木柵延伸(內湖)線工程,9123154400,內湖,康寧段三小段,0201-0000,臺北市,63000
911044,台北都會區大眾捷運系統木柵延伸(內湖)線工程,9123154400,內湖,康寧段三小段,0202-0001,臺北市,63000
911044,台北都會區大眾捷運系統木柵延伸(內湖)線工程,9123154400,內湖,康寧段三小段,0207-0000,臺北市,63000
911044,台北都會區大眾捷運系統木柵延伸(內湖)線工程,9123154400,內湖,康寧段三小段,0208-0000,臺北市,63000
911044,台北都會區大眾捷運系統木柵延伸(內湖)線工程,9123154400,內湖,康寧段三小段,0209-0000,臺北市,63000
911044,台北都會區大眾捷運系統木柵延伸(內湖)線工程,9123154400,內湖,康寧段三小段,0210-0000,臺北市,63000
911044,台北都會區大眾捷運系統木柵延伸(內湖)線工程,9123154400,內湖,康寧段三小段,0211-0000,臺北市,63000
911044,台北都會區大眾捷運系統木柵延伸(內湖)線工程,9123154400,內湖,康寧段三小段,0212-0000,臺北市,63000
911044,台北都會區大眾捷運系統木柵延伸(內湖)線工程,9123154400,內湖,康寧段三小段,0213-0000,臺北市,63000
911044,台北都會區大眾捷運系統木柵延伸(內湖)線工程,9123154400,內湖,康寧段三小段,0214-0000,臺北市,63000
911044,台北都會區大眾捷運系統木柵延伸(內湖)線工程,9123154400,內湖,康寧段三小段,0219-0000,臺北市,63000
911044,台北都會區大眾捷運系統木柵延伸(內湖)線工程,9123154400,內湖,康寧段三小段,0220-0000,臺北市,63000
911044,台北都會區大眾捷運系統木柵延伸(內湖)線工程,9123154400,內湖,康寧段三小段,0221-0000,臺北市,63000
911044,台北都會區大眾捷運系統木柵延伸(內湖)線工程,9123154400,內湖,康寧段三小段,0222-0000,臺北市,63000
911044,台北都會區大眾捷運系統木柵延伸(內湖)線工程,9123154400,內湖,康寧段三小段,0223-0000,臺北市,63000
911044,台北都會區大眾捷運系統木柵延伸(內湖)線工程,9123154400,內湖,康寧段三小段,0226-0000,臺北市,63000
911044,台北都會區大眾捷運系統木柵延伸(內湖)線工程,9123154400,內湖,康寧段三小段,0227-0000,臺北市,63000
911044,台北都會區大眾捷運系統木柵延伸(內湖)線工程,9123154400,內湖,康寧段三小段,0248-0002,臺北市,63000
911044,台北都會區大眾捷運系統木柵延伸(內湖)線工程,9123154400,內湖,康寧段三小段,0252-0001,臺北市,63000
911044,台北都會區大眾捷運系統木柵延伸(內湖)線工程,9123154400,內湖,康寧段三小段,0253-0004,臺北市,63000
911045,大同延平北路3段18巷道路第二期新築工程(一併),9120712500,大同,橋北段三小段,0729-0000,臺北市,63000
911046,臺北都會區大眾捷運系統新莊線(行天宮站捷七)工程,9106726200,中山,榮星段六小段,0508-0000,臺北市,63000
911046,臺北都會區大眾捷運系統新莊線(行天宮站捷七)工程,9106726200,中山,榮星段六小段,0545-0000,臺北市,63000
911046,臺北都會區大眾捷運系統新莊線(行天宮站捷七)工程,9106726200,中山,榮星段六小段,0546-0000,臺北市,63000
911046,臺北都會區大眾捷運系統新莊線(行天宮站捷七)工程,9106726200,中山,榮星段六小段,0547-0000,臺北市,63000
911046,臺北都會區大眾捷運系統新莊線(行天宮站捷七)工程,9106726200,中山,榮星段六小段,0548-0000,臺北市,63000
911046,臺北都會區大眾捷運系統新莊線(行天宮站捷七)工程,9106726200,中山,榮星段六小段,0549-0000,臺北市,63000
911046,臺北都會區大眾捷運系統新莊線(行天宮站捷七)工程,9106726200,中山,榮星段六小段,0550-0000,臺北市,63000
911048,臺北都會區大眾捷運系統木柵延伸(內湖)線(葫洲站)工程,9121229300,內湖,東湖段六小段,0244-0000,臺北市,63000
911049,臺北都會區大眾捷運系統木柵延伸(內湖)線港墘站工程,9125539300,內湖,碧湖段四小段,0461-0000,臺北市,63000
911049,臺北都會區大眾捷運系統木柵延伸(內湖)線港墘站工程,9125539300,內湖,碧湖段四小段,0468-0000,臺北市,63000
911049,臺北都會區大眾捷運系統木柵延伸(內湖)線港墘站工程,9125539300,內湖,碧湖段四小段,0473-0000,臺北市,63000
911049,臺北都會區大眾捷運系統木柵延伸(內湖)線港墘站工程,9125539300,內湖,碧湖段四小段,0474-0000,臺北市,63000
911049,臺北都會區大眾捷運系統木柵延伸(內湖)線港墘站工程,9125539300,內湖,碧湖段四小段,0476-0000,臺北市,63000
911050,臺北都會區大眾捷運系統木柵延伸(內湖)線(交十五)工程,9123154500,內湖,東湖段七小段,0517-0000,臺北市,63000
911050,臺北都會區大眾捷運系統木柵延伸(內湖)線(交十五)工程,9123154500,內湖,東湖段七小段,0518-0000,臺北市,63000
911050,臺北都會區大眾捷運系統木柵延伸(內湖)線(交十五)工程,9123154500,內湖,東湖段七小段,0519-0001,臺北市,63000
911050,臺北都會區大眾捷運系統木柵延伸(內湖)線(交十五)工程,9123154500,內湖,東湖段七小段,0519-0002,臺北市,63000
911050,臺北都會區大眾捷運系統木柵延伸(內湖)線(交十五)工程,9123154500,內湖,東湖段七小段,0614-0001,臺北市,63000
911050,臺北都會區大眾捷運系統木柵延伸(內湖)線(交十五)工程,9123154500,內湖,東湖段七小段,0614-0004,臺北市,63000
911051,臺北都會區大眾捷運系統新莊線(東門站捷三)工程,9123165800,大安,金華段三小段,0018-0000,臺北市,63000
911054,臺北都會區大眾捷運系統新莊線忠孝新生站聯合開發區(捷十四)工程,9125508700,中正,臨沂段一小段,0188-0000,臺北市,63000
911054,臺北都會區大眾捷運系統新莊線忠孝新生站聯合開發區(捷十四)工程,9125508700,中正,臨沂段一小段,0189-0000,臺北市,63000
911054,臺北都會區大眾捷運系統新莊線忠孝新生站聯合開發區(捷十四)工程,9125508700,中正,臨沂段一小段,0191-0000,臺北市,63000
911054,臺北都會區大眾捷運系統新莊線忠孝新生站聯合開發區(捷十四)工程,9125508700,中正,臨沂段一小段,0191-0001,臺北市,63000
911054,臺北都會區大眾捷運系統新莊線忠孝新生站聯合開發區(捷十四)工程,9125508700,中正,臨沂段一小段,0192-0000,臺北市,63000
911054,臺北都會區大眾捷運系統新莊線忠孝新生站聯合開發區(捷十四)工程,9125508700,中正,臨沂段一小段,0194-0000,臺北市,63000
911054,臺北都會區大眾捷運系統新莊線忠孝新生站聯合開發區(捷十四)工程,9125508700,中正,臨沂段一小段,0195-0000,臺北市,63000
911054,臺北都會區大眾捷運系統新莊線忠孝新生站聯合開發區(捷十四)工程,9125508700,中正,臨沂段一小段,0202-0000,臺北市,63000
911054,臺北都會區大眾捷運系統新莊線忠孝新生站聯合開發區(捷十四)工程,9125508700,中正,臨沂段一小段,0203-0000,臺北市,63000
911054,臺北都會區大眾捷運系統新莊線忠孝新生站聯合開發區(捷十四)工程,9125508700,中正,臨沂段一小段,0204-0000,臺北市,63000
911054,臺北都會區大眾捷運系統新莊線忠孝新生站聯合開發區(捷十四)工程,9125508700,中正,臨沂段一小段,0205-0000,臺北市,63000
911054,臺北都會區大眾捷運系統新莊線忠孝新生站聯合開發區(捷十四)工程,9125508700,中正,臨沂段一小段,0206-0000,臺北市,63000
911054,臺北都會區大眾捷運系統新莊線忠孝新生站聯合開發區(捷十四)工程,9125508700,中正,臨沂段一小段,0206-0002,臺北市,63000
911054,臺北都會區大眾捷運系統新莊線忠孝新生站聯合開發區(捷十四)工程,9125508700,中正,臨沂段一小段,0207-0000,臺北市,63000
911055,內湖成功路二段(內湖交流道附近)東北側六米道路新築工程(一併),9125516700,內湖,石潭段三小段,0557-0002,臺北市,63000
911056,臺北都會區大眾捷運系統新莊線(東門站捷三)工程,9126112100,大安,金華段三小段,0021-0000,臺北市,63000
911056,臺北都會區大眾捷運系統新莊線(東門站捷三)工程,9126112100,大安,金華段三小段,0022-0000,臺北市,63000
911057,臺北都會區大眾捷運系統新莊線忠孝新生站聯合開發區(捷十四)工程(二),9126112700,中正,臨沂段一小段,0189-0000,臺北市,63000
911057,臺北都會區大眾捷運系統新莊線忠孝新生站聯合開發區(捷十四)工程(二),9126112700,中正,臨沂段一小段,0194-0000,臺北市,63000
911058,臺北都會區大眾捷運系統新莊線東門站出入口工程,9125583600,中正,臨沂段三小段,0467-0002,臺北市,63000
911058,臺北都會區大眾捷運系統新莊線東門站出入口工程,9125583600,中正,臨沂段三小段,0583-0002,臺北市,63000
911059,信義吳興街156巷7弄至220巷11弄道路拓寬工程(一併),9125527300,信義,三興段二小段,0432-0002,臺北市,63000
911060,士林社正路17巷旁道路拓寬工程(一併),9125503600,士林,永新段四小段,0396-0000,臺北市,63000
911060,士林社正路17巷旁道路拓寬工程(一併),9125503600,士林,永新段四小段,0398-0000,臺北市,63000
911061,臺北都會區大眾捷運系統新莊線(行天宮站捷五)工程(二),9126112400,中山,吉林段一小段,0481-0000,臺北市,63000
911062,國醫中心工程,9125788700,內湖,石潭段一小段,0136-0001,臺北市,63000
911062,國醫中心工程,9125788700,內湖,石潭段一小段,0150-0000,臺北市,63000
911063,臺北都會區大眾捷運系統新莊線民權西路站.中山國小站.松江南京站.忠孝新生站徵收地上權工程,9125944700,大同,大同段二小段,0086-0001,臺北市,63000
911064,內湖六十四號公園新建工程(更正),9125986800,內湖,康寧段三小段,0361-0000,臺北市,63000
911065,臺北都會區大眾捷運系統新莊線(民權西路站)工程(二),9126112500,大同,大同段二小段,0093-0000,臺北市,63000
911067,深美大豐一六一仟伏輸電線路第二十七號鐵塔,9202020300,文山,老泉段四小段,0324-0002,臺北市,63000
911068,國立政治大學因興建國際關係研究中心研究大樓工程(一併),9128805100,文山,政大段三小段,0489-0001,臺北市,63000
911068,國立政治大學因興建國際關係研究中心研究大樓工程(一併),9128805100,文山,政大段三小段,0489-0002,臺北市,63000
921001,文山區市民運動中心新建工程,9215493300,文山,興安段四小段,0007-0000,臺北市,63000
921001,文山區市民運動中心新建工程,9215493300,文山,興安段四小段,0007-0001,臺北市,63000
921001,文山區市民運動中心新建工程,9215493300,文山,興安段四小段,0007-0003,臺北市,63000
921001,文山區市民運動中心新建工程,9215493300,文山,興安段四小段,0008-0002,臺北市,63000
921001,文山區市民運動中心新建工程,9215493300,文山,興安段四小段,0020-0000,臺北市,63000
921001,文山區市民運動中心新建工程,9215493300,文山,興安段四小段,0024-0000,臺北市,63000
921001,文山區市民運動中心新建工程,9215493300,文山,興安段四小段,0025-0000,臺北市,63000
921001,文山區市民運動中心新建工程,9215493300,文山,興安段四小段,0027-0000,臺北市,63000
921001,文山區市民運動中心新建工程,9215493300,文山,興安段四小段,0028-0000,臺北市,63000
921001,文山區市民運動中心新建工程,9215493300,文山,興安段四小段,0030-0000,臺北市,63000
921001,文山區市民運動中心新建工程,9215493300,文山,興安段四小段,0031-0000,臺北市,63000
921001,文山區市民運動中心新建工程,9215493300,文山,興安段四小段,0032-0000,臺北市,63000
921001,文山區市民運動中心新建工程,9215493300,文山,興安段四小段,0032-0001,臺北市,63000
921001,文山區市民運動中心新建工程,9215493300,文山,興安段四小段,0036-0000,臺北市,63000
921001,文山區市民運動中心新建工程,9215493300,文山,興安段四小段,0037-0000,臺北市,63000
921001,文山區市民運動中心新建工程,9215493300,文山,興安段四小段,0072-0000,臺北市,63000
921003,中山松江路四０二巷七弄道路工程(下設排水),9214144000,中山,德惠段二小段,0582-0001,臺北市,63000
921003,中山松江路四０二巷七弄道路工程(下設排水),9214144000,中山,德惠段二小段,0582-0004,臺北市,63000
921003,中山松江路四０二巷七弄道路工程(下設排水),9214144000,中山,德惠段二小段,0583-0001,臺北市,63000
921003,中山松江路四０二巷七弄道路工程(下設排水),9214144000,中山,德惠段二小段,0584-0001,臺北市,63000
921003,中山松江路四０二巷七弄道路工程(下設排水),9214144000,中山,德惠段二小段,0585-0001,臺北市,63000
921003,中山松江路四０二巷七弄道路工程(下設排水),9214144000,中山,德惠段二小段,0591-0001,臺北市,63000
921003,中山松江路四０二巷七弄道路工程(下設排水),9214144000,中山,德惠段二小段,0592-0001,臺北市,63000
921004,磺港溪壓力箱涵分洪工程,9215741600,北投,豐年段一小段,0377-0001,臺北市,63000
921004,磺港溪壓力箱涵分洪工程,9215741600,北投,豐年段一小段,0378-0000,臺北市,63000
921004,磺港溪壓力箱涵分洪工程,9215741600,北投,豐年段一小段,0379-0000,臺北市,63000
921004,磺港溪壓力箱涵分洪工程,9215741600,北投,豐年段一小段,0380-0001,臺北市,63000
921004,磺港溪壓力箱涵分洪工程,9215741600,北投,豐年段一小段,0381-0000,臺北市,63000
921004,磺港溪壓力箱涵分洪工程,9215741600,北投,豐年段一小段,0382-0000,臺北市,63000
921004,磺港溪壓力箱涵分洪工程,9215741600,北投,豐年段一小段,0383-0001,臺北市,63000
921004,磺港溪壓力箱涵分洪工程,9215741600,北投,豐年段一小段,0405-0001,臺北市,63000
921004,磺港溪壓力箱涵分洪工程,9215741600,北投,豐年段一小段,0406-0000,臺北市,63000
921004,磺港溪壓力箱涵分洪工程,9215741600,北投,豐年段一小段,0407-0000,臺北市,63000
921004,磺港溪壓力箱涵分洪工程,9215741600,北投,豐年段一小段,0408-0002,臺北市,63000
921004,磺港溪壓力箱涵分洪工程,9215741600,北投,豐年段一小段,0410-0002,臺北市,63000
921004,磺港溪壓力箱涵分洪工程,9215741600,北投,豐年段一小段,0416-0001,臺北市,63000
921004,磺港溪壓力箱涵分洪工程,9215741600,北投,豐年段一小段,0417-0000,臺北市,63000
921004,磺港溪壓力箱涵分洪工程,9215741600,北投,豐年段一小段,0419-0000,臺北市,63000
921004,磺港溪壓力箱涵分洪工程,9215741600,北投,豐年段一小段,0420-0002,臺北市,63000
921004,磺港溪壓力箱涵分洪工程,9215741600,北投,豐年段一小段,0423-0004,臺北市,63000
921004,磺港溪壓力箱涵分洪工程,9215741600,北投,豐年段一小段,0423-0005,臺北市,63000
921004,磺港溪壓力箱涵分洪工程,9215741600,北投,豐年段一小段,0557-0002,臺北市,63000
921004,磺港溪壓力箱涵分洪工程,9215741600,北投,豐年段一小段,0562-0002,臺北市,63000
921004,磺港溪壓力箱涵分洪工程,9215741600,北投,豐年段一小段,0563-0002,臺北市,63000
921004,磺港溪壓力箱涵分洪工程,9215741600,北投,豐年段一小段,0608-0000,臺北市,63000
921004,磺港溪壓力箱涵分洪工程,9215741600,北投,豐年段一小段,0609-0000,臺北市,63000
921004,磺港溪壓力箱涵分洪工程,9215741600,北投,豐年段一小段,0610-0002,臺北市,63000
921004,磺港溪壓力箱涵分洪工程,9215741600,北投,豐年段一小段,0612-0002,臺北市,63000
921005,北投二三三號公園新建工程,9210498300,北投,大業段一小段,0019-0000,臺北市,63000
921005,北投二三三號公園新建工程,9210498300,北投,大業段一小段,0020-0000,臺北市,63000
921005,北投二三三號公園新建工程,9210498300,北投,大業段一小段,0054-0000,臺北市,63000
921006,內湖康寧路一段一六四巷東側道路新築工程,9209092200,內湖,康寧段四小段,0106-0003,臺北市,63000
921006,內湖康寧路一段一六四巷東側道路新築工程,9209092200,內湖,康寧段四小段,0107-0001,臺北市,63000
921006,內湖康寧路一段一六四巷東側道路新築工程,9209092200,內湖,康寧段四小段,0108-0001,臺北市,63000
921006,內湖康寧路一段一六四巷東側道路新築工程,9209092200,內湖,康寧段四小段,0109-0002,臺北市,63000
921006,內湖康寧路一段一六四巷東側道路新築工程,9209092200,內湖,康寧段四小段,0110-0003,臺北市,63000
921006,內湖康寧路一段一六四巷東側道路新築工程,9209092200,內湖,康寧段四小段,0120-0001,臺北市,63000
921006,內湖康寧路一段一六四巷東側道路新築工程,9209092200,內湖,康寧段四小段,0121-0001,臺北市,63000
921006,內湖康寧路一段一六四巷東側道路新築工程,9209092200,內湖,康寧段四小段,0132-0001,臺北市,63000
921006,內湖康寧路一段一六四巷東側道路新築工程,9209092200,內湖,康寧段四小段,0133-0001,臺北市,63000
921006,內湖康寧路一段一六四巷東側道路新築工程,9209092200,內湖,康寧段四小段,0137-0004,臺北市,63000
921006,內湖康寧路一段一六四巷東側道路新築工程,9209092200,內湖,康寧段四小段,0242-0000,臺北市,63000
921006,內湖康寧路一段一六四巷東側道路新築工程,9209092200,內湖,康寧段四小段,0245-0000,臺北市,63000
921007,中山龍江路一一四巷南側道路新築工程,9210498800,中山,長春段二小段,0542-0001,臺北市,63000
921007,中山龍江路一一四巷南側道路新築工程,9210498800,中山,長春段二小段,0547-0002,臺北市,63000
921008,士林中正路六三五巷道路新築工程,9215831400,士林,海光段一小段,0073-0000,臺北市,63000
921009,士林前街一０七號旁道路第一期新築工程,9202062500,士林,陽明段一小段,0287-0001,臺北市,63000
921009,士林前街一０七號旁道路第一期新築工程,9202062500,士林,陽明段一小段,0288-0000,臺北市,63000
921009,士林前街一０七號旁道路第一期新築工程,9202062500,士林,陽明段一小段,0289-0001,臺北市,63000
921009,士林前街一０七號旁道路第一期新築工程,9202062500,士林,陽明段一小段,0290-0001,臺北市,63000
921009,士林前街一０七號旁道路第一期新築工程,9202062500,士林,陽明段一小段,0318-0001,臺北市,63000
921009,士林前街一０七號旁道路第一期新築工程,9202062500,士林,陽明段一小段,0327-0001,臺北市,63000
921009,士林前街一０七號旁道路第一期新築工程,9202062500,士林,陽明段一小段,0328-0000,臺北市,63000
921010,萬華雙園國小西北側道路新築工程,9210498100,萬華,莒光段三小段,0466-0001,臺北市,63000
921010,萬華雙園國小西北側道路新築工程,9210498100,萬華,莒光段三小段,0470-0002,臺北市,63000
921010,萬華雙園國小西北側道路新築工程,9210498100,萬華,莒光段三小段,0471-0001,臺北市,63000
921010,萬華雙園國小西北側道路新築工程,9210498100,萬華,莒光段三小段,0472-0001,臺北市,63000
921010,萬華雙園國小西北側道路新築工程,9210498100,萬華,莒光段三小段,0473-0001,臺北市,63000
921010,萬華雙園國小西北側道路新築工程,9210498100,萬華,莒光段三小段,0475-0001,臺北市,63000
921010,萬華雙園國小西北側道路新築工程,9210498100,萬華,莒光段三小段,0476-0001,臺北市,63000
921010,萬華雙園國小西北側道路新築工程,9210498100,萬華,莒光段三小段,0477-0001,臺北市,63000
921010,萬華雙園國小西北側道路新築工程,9210498100,萬華,莒光段三小段,0478-0001,臺北市,63000
921010,萬華雙園國小西北側道路新築工程,9210498100,萬華,莒光段三小段,0479-0001,臺北市,63000
921010,萬華雙園國小西北側道路新築工程,9210498100,萬華,莒光段三小段,0480-0000,臺北市,63000
921010,萬華雙園國小西北側道路新築工程,9210498100,萬華,莒光段三小段,0542-0002,臺北市,63000
921010,萬華雙園國小西北側道路新築工程,9210498100,萬華,莒光段三小段,0543-0001,臺北市,63000
921010,萬華雙園國小西北側道路新築工程,9210498100,萬華,莒光段三小段,0568-0001,臺北市,63000
921012,文山和興路二六巷道路第一期拓寬工程,9210498500,文山,華興段四小段,0273-0000,臺北市,63000
921012,文山和興路二六巷道路第一期拓寬工程,9210498500,文山,華興段四小段,0316-0001,臺北市,63000
921012,文山和興路二六巷道路第一期拓寬工程,9210498500,文山,華興段四小段,0317-0000,臺北市,63000
921012,文山和興路二六巷道路第一期拓寬工程,9210498500,文山,華興段四小段,0318-0000,臺北市,63000
921012,文山和興路二六巷道路第一期拓寬工程,9210498500,文山,華興段四小段,0319-0000,臺北市,63000
921012,文山和興路二六巷道路第一期拓寬工程,9210498500,文山,華興段四小段,0322-0001,臺北市,63000
921012,文山和興路二六巷道路第一期拓寬工程,9210498500,文山,華興段四小段,0325-0002,臺北市,63000
921012,文山和興路二六巷道路第一期拓寬工程,9210498500,文山,華興段四小段,0377-0001,臺北市,63000
921013,文山武功國小南側第一期道路新築工程,9209125600,文山,興隆段四小段,0249-0004,臺北市,63000
921015,北投區洲美防潮堤2200公尺滲水及舌閥等修復工程(第一標),9214913800,北投,洲美段一小段,0485-0000,臺北市,63000
921015,北投區洲美防潮堤2200公尺滲水及舌閥等修復工程(第一標),9214913800,北投,洲美段一小段,0486-0000,臺北市,63000
921015,北投區洲美防潮堤2200公尺滲水及舌閥等修復工程(第一標),9214913800,北投,洲美段二小段,0464-0000,臺北市,63000
921019,台北都會區大眾捷運系統南港線東延段工程共構明開挖徵收地上權,9215471000,南港,南港段二小段,0367-0003,臺北市,63000
921019,台北都會區大眾捷運系統南港線東延段工程共構明開挖徵收地上權,9215471000,南港,南港段二小段,0389-0001,臺北市,63000
921021,臺北都會區大眾捷運系統新莊線忠孝新生站聯合開發區(捷十四)工程(三),9208746900,中正,臨沂段一小段,0188-0000,臺北市,63000
921021,臺北都會區大眾捷運系統新莊線忠孝新生站聯合開發區(捷十四)工程(三),9208746900,中正,臨沂段一小段,0194-0000,臺北市,63000
921021,臺北都會區大眾捷運系統新莊線忠孝新生站聯合開發區(捷十四)工程(三),9208746900,中正,臨沂段一小段,0195-0000,臺北市,63000
921021,臺北都會區大眾捷運系統新莊線忠孝新生站聯合開發區(捷十四)工程(三),9208746900,中正,臨沂段一小段,0202-0000,臺北市,63000
921021,臺北都會區大眾捷運系統新莊線忠孝新生站聯合開發區(捷十四)工程(三),9208746900,中正,臨沂段一小段,0205-0000,臺北市,63000
921023,台北都會區大眾捷運系統新莊線(行天宮站捷七)工程(二),9209092500,中山,榮星段六小段,0550-0000,臺北市,63000
921024,士林社正路十七巷旁道路拓寬工程(一併),9202051900,士林,永新段四小段,0514-0000,臺北市,63000
921025,內溝區民活動中心工程,9210509600,內湖,大湖段四小段,0291-0000,臺北市,63000
921025,內溝區民活動中心工程,9210509600,內湖,大湖段四小段,0292-0000,臺北市,63000
921026,人文社會科學館院內進出道路及相關設施工程,9210497800,南港,中南段三小段,0177-0001,臺北市,63000
921027,臺北都會區大眾捷運系統內湖線出土段工程,9214171200,中山,大直段,0025-0012,臺北市,63000
921028,士林天母游泳池東側前段道路拓寬工程(一併),9215470800,士林,蘭雅段一小段,0442-0000,臺北市,63000
921028,士林天母游泳池東側前段道路拓寬工程(一併),9215470800,士林,蘭雅段一小段,0450-0001,臺北市,63000
921029,臺北都會區大眾捷運系統新店線萬隆站(交六，七)工程,9202091000,文山,興隆段四小段,0199-0006,臺北市,63000
921029,臺北都會區大眾捷運系統新店線萬隆站(交六，七)工程,9202091000,文山,興隆段四小段,0351-0003,臺北市,63000
921029,臺北都會區大眾捷運系統新店線萬隆站(交六，七)工程,9202091000,文山,興隆段四小段,0351-0004,臺北市,63000
921029,臺北都會區大眾捷運系統新店線萬隆站(交六，七)工程,9202091000,文山,興隆段四小段,0352-0000,臺北市,63000
921029,臺北都會區大眾捷運系統新店線萬隆站(交六，七)工程,9202091000,文山,興隆段四小段,0356-0000,臺北市,63000
921029,臺北都會區大眾捷運系統新店線萬隆站(交六，七)工程,9202091000,文山,興隆段四小段,0356-0001,臺北市,63000
921030,臺北都會區大眾捷運系統木柵延伸(內湖)線(交十五)(二)工程,9214162000,內湖,東湖段七小段,0607-0001,臺北市,63000
921030,臺北都會區大眾捷運系統木柵延伸(內湖)線(交十五)(二)工程,9214162000,內湖,東湖段七小段,0608-0001,臺北市,63000
921030,臺北都會區大眾捷運系統木柵延伸(內湖)線(交十五)(二)工程,9214162000,內湖,東湖段七小段,0609-0001,臺北市,63000
921031,台北都會區大眾捷運系統木柵線延伸(內湖)線大直站工程徵收地上權,9216674900,中山,北安段三小段,0102-0013,臺北市,63000
921031,台北都會區大眾捷運系統木柵線延伸(內湖)線大直站工程徵收地上權,9216674900,中山,北安段三小段,0102-0014,臺北市,63000
921032,台北都會區大眾捷運系統新莊線(行天宮站捷五)工程(一併),9215464100,中山,吉林段一小段,0480-0001,臺北市,63000
921033,台北都會區大眾捷運系統新莊線(行天宮站捷五)工程(一併),9215471200,中山,吉林段一小段,0482-0001,臺北市,63000
921034,臺北都會區大眾捷運系統新莊線(行天宮站捷五)工程(三),9215463600,中山,吉林段一小段,0468-0000,臺北市,63000
921035,臺北都會區大眾捷運系統內湖線(機場用地變更為交通用地)工程,9215907100,松山,濱江段四小段,0298-0004,臺北市,63000
921035,臺北都會區大眾捷運系統內湖線(機場用地變更為交通用地)工程,9215907100,松山,濱江段四小段,0298-0005,臺北市,63000
921035,臺北都會區大眾捷運系統內湖線(機場用地變更為交通用地)工程,9215907100,松山,濱江段四小段,0299-0002,臺北市,63000
921035,臺北都會區大眾捷運系統內湖線(機場用地變更為交通用地)工程,9215907100,松山,濱江段四小段,0332-0002,臺北市,63000
921035,臺北都會區大眾捷運系統內湖線(機場用地變更為交通用地)工程,9215907100,松山,濱江段四小段,0333-0000,臺北市,63000
921035,臺北都會區大眾捷運系統內湖線(機場用地變更為交通用地)工程,9215907100,松山,濱江段四小段,0334-0001,臺北市,63000
921035,臺北都會區大眾捷運系統內湖線(機場用地變更為交通用地)工程,9215907100,松山,濱江段四小段,0355-0002,臺北市,63000
921036,臺北都會區大眾捷運系統內湖線(機場用地變更為交通用地二)工程,9215906900,松山,濱江段四小段,0351-0000,臺北市,63000
921036,臺北都會區大眾捷運系統內湖線(機場用地變更為交通用地二)工程,9215906900,松山,濱江段四小段,0352-0000,臺北市,63000
921036,臺北都會區大眾捷運系統內湖線(機場用地變更為交通用地二)工程,9215906900,松山,濱江段四小段,0353-0001,臺北市,63000
921037,臺北都會區大眾捷運系統新莊線(行天宮站捷五)工程(一併),9215861400,中山,吉林段一小段,0481-0001,臺北市,63000
921038,台北松山機場地籍管理及維持機場場內飛安管理工程,9216631700,松山,濱江段四小段,0082-0000,臺北市,63000
921038,台北松山機場地籍管理及維持機場場內飛安管理工程,9216631700,松山,濱江段四小段,0097-0000,臺北市,63000
921038,台北松山機場地籍管理及維持機場場內飛安管理工程,9216631700,松山,濱江段四小段,0101-0000,臺北市,63000
921038,台北松山機場地籍管理及維持機場場內飛安管理工程,9216631700,松山,濱江段四小段,0129-0000,臺北市,63000
921038,台北松山機場地籍管理及維持機場場內飛安管理工程,9216631700,松山,濱江段四小段,0130-0000,臺北市,63000
921038,台北松山機場地籍管理及維持機場場內飛安管理工程,9216631700,松山,濱江段四小段,0132-0000,臺北市,63000
921038,台北松山機場地籍管理及維持機場場內飛安管理工程,9216631700,松山,濱江段四小段,0392-0000,臺北市,63000
921039,大同延平北路3段18巷道路第二期新築工程(一併),9216623400,大同,橋北段三小段,0728-0000,臺北市,63000
921039,大同延平北路3段18巷道路第二期新築工程(一併),9216623400,大同,橋北段三小段,0728-0001,臺北市,63000
921039,大同延平北路3段18巷道路第二期新築工程(一併),9216623400,大同,橋北段三小段,0730-0000,臺北市,63000
921039,大同延平北路3段18巷道路第二期新築工程(一併),9216623400,大同,橋北段三小段,0882-0000,臺北市,63000
921039,大同延平北路3段18巷道路第二期新築工程(一併),9216623400,大同,橋北段三小段,0882-0001,臺北市,63000
921040,臺北都會區大眾捷運系統新莊線忠孝新生站聯合開發區(捷十四)工程(一併),9216701200,中正,臨沂段一小段,0204-0001,臺北市,63000
921041,景美溪(恒光橋上游至指南溪出口段)河道整治工程,9225846400,文山,木柵段二小段,0889-0000,臺北市,63000
921041,景美溪(恒光橋上游至指南溪出口段)河道整治工程,9225846400,文山,木柵段二小段,0890-0000,臺北市,63000
921041,景美溪(恒光橋上游至指南溪出口段)河道整治工程,9225846400,文山,木柵段二小段,0891-0000,臺北市,63000
921041,景美溪(恒光橋上游至指南溪出口段)河道整治工程,9225846400,文山,木柵段二小段,0892-0000,臺北市,63000
921041,景美溪(恒光橋上游至指南溪出口段)河道整治工程,9225846400,文山,木柵段二小段,0893-0000,臺北市,63000
921041,景美溪(恒光橋上游至指南溪出口段)河道整治工程,9225846400,文山,木柵段二小段,0894-0000,臺北市,63000
921041,景美溪(恒光橋上游至指南溪出口段)河道整治工程,9225846400,文山,木柵段二小段,0895-0000,臺北市,63000
921041,景美溪(恒光橋上游至指南溪出口段)河道整治工程,9225846400,文山,木柵段二小段,0896-0000,臺北市,63000
921041,景美溪(恒光橋上游至指南溪出口段)河道整治工程,9225846400,文山,木柵段二小段,0897-0000,臺北市,63000
921041,景美溪(恒光橋上游至指南溪出口段)河道整治工程,9225846400,文山,木柵段二小段,0898-0000,臺北市,63000
921041,景美溪(恒光橋上游至指南溪出口段)河道整治工程,9225846400,文山,木柵段二小段,0899-0000,臺北市,63000
921041,景美溪(恒光橋上游至指南溪出口段)河道整治工程,9225846400,文山,木柵段二小段,0900-0000,臺北市,63000
921041,景美溪(恒光橋上游至指南溪出口段)河道整治工程,9225846400,文山,木柵段二小段,0901-0000,臺北市,63000
921041,景美溪(恒光橋上游至指南溪出口段)河道整治工程,9225846400,文山,木柵段二小段,0902-0000,臺北市,63000
921041,景美溪(恒光橋上游至指南溪出口段)河道整治工程,9225846400,文山,木柵段二小段,0903-0000,臺北市,63000
921041,景美溪(恒光橋上游至指南溪出口段)河道整治工程,9225846400,文山,木柵段二小段,0904-0000,臺北市,63000
921041,景美溪(恒光橋上游至指南溪出口段)河道整治工程,9225846400,文山,木柵段二小段,0905-0000,臺北市,63000
921041,景美溪(恒光橋上游至指南溪出口段)河道整治工程,9225846400,文山,木柵段二小段,0906-0000,臺北市,63000
921042,台北市區鐵路地下化東延南港工程(南港專案)台北市段工程〈一併徵收〉,9220922000,南港,玉成段二小段,0585-0001,臺北市,63000
921044,國醫中心營區,9224452300,內湖,石潭段一小段,0130-0001,臺北市,63000
921044,國醫中心營區,9224452300,內湖,石潭段一小段,0144-0000,臺北市,63000
921044,國醫中心營區,9224452300,內湖,石潭段一小段,0158-0000,臺北市,63000
921044,國醫中心營區,9224452300,內湖,石潭段一小段,0168-0000,臺北市,63000
921044,國醫中心營區,9224452300,內湖,石潭段一小段,0168-0001,臺北市,63000
921045,臺北都會區大眾捷運系統新莊線忠孝新生站聯合開發區(捷十四)工程(一併),9221763600,中正,臨沂段一小段,0204-0001,臺北市,63000
921046,台北都會區大眾捷運系統南港線東延段工程(地上權),9222065800,南港,玉成段二小段,0303-0000,臺北市,63000
921046,台北都會區大眾捷運系統南港線東延段工程(地上權),9222065800,南港,玉成段二小段,0305-0000,臺北市,63000
921046,台北都會區大眾捷運系統南港線東延段工程(地上權),9222065800,南港,玉成段二小段,0306-0000,臺北市,63000
921047,中央研究院辦理都市計畫變更後院區整體發展工程,9222068600,南港,中南段二小段,0329-0002,臺北市,63000
921047,中央研究院辦理都市計畫變更後院區整體發展工程,9222068600,南港,中南段二小段,0353-0001,臺北市,63000
921047,中央研究院辦理都市計畫變更後院區整體發展工程,9222068600,南港,中南段二小段,0356-0006,臺北市,63000
921047,中央研究院辦理都市計畫變更後院區整體發展工程,9222068600,南港,中南段二小段,0356-0017,臺北市,63000
921049,文山和興路二六巷道路第一期拓寬工程(一併),9222082600,文山,華興段四小段,0322-0002,臺北市,63000
921050,臺北都會區大眾捷運系統內湖線(機場用地變更為交通用地)工程(一併),9224347200,松山,濱江段四小段,0355-0000,臺北市,63000
921051,臺北都會區大眾捷運系統新莊線忠孝新生站聯合開發區(捷十四)工程(一併),9224462900,中正,臨沂段一小段,0204-0001,臺北市,63000
921051,臺北都會區大眾捷運系統新莊線忠孝新生站聯合開發區(捷十四)工程(一併),9224462900,中正,臨沂段一小段,0206-0001,臺北市,63000
921051,臺北都會區大眾捷運系統新莊線忠孝新生站聯合開發區(捷十四)工程(一併),9224462900,中正,臨沂段一小段,0207-0001,臺北市,63000
921052,深美－臥龍一路，深美－建國二路一六一仟伏輸電線路第二十三Ａ號鐵塔工程,9224462000,大安,辛亥段四小段,0549-0001,臺北市,63000
921053,臺北都會區大眾捷運系統新莊線忠孝新生站聯合開發區(捷十四)工程(一併),9224735000,中正,臨沂段一小段,0202-0001,臺北市,63000
921053,臺北都會區大眾捷運系統新莊線忠孝新生站聯合開發區(捷十四)工程(一併),9224735000,中正,臨沂段一小段,0205-0001,臺北市,63000
921054,台北都會區大眾捷運系統新莊線東門站工程(地上權),9225352500,大安,金華段一小段,0821-0001,臺北市,63000
921054,台北都會區大眾捷運系統新莊線東門站工程(地上權),9225352500,大安,金華段一小段,0822-0001,臺北市,63000
921054,台北都會區大眾捷運系統新莊線東門站工程(地上權),9225352500,中正,臨沂段三小段,0393-0002,臺北市,63000
921054,台北都會區大眾捷運系統新莊線東門站工程(地上權),9225352500,中正,臨沂段三小段,0467-0003,臺北市,63000
921054,台北都會區大眾捷運系統新莊線東門站工程(地上權),9225352500,中正,臨沂段三小段,0583-0003,臺北市,63000
921056,士林二十一號公園工程,9215742600,士林,福林段三小段,0804-0000,臺北市,63000
921057,臺北都會區大眾捷運系統新莊線忠孝新生站聯合開發區(捷十四)工程(一併),9225622300,中正,臨沂段一小段,0202-0001,臺北市,63000
921057,臺北都會區大眾捷運系統新莊線忠孝新生站聯合開發區(捷十四)工程(一併),9225622300,中正,臨沂段一小段,0203-0001,臺北市,63000
921057,臺北都會區大眾捷運系統新莊線忠孝新生站聯合開發區(捷十四)工程(一併),9225622300,中正,臨沂段一小段,0205-0001,臺北市,63000
921058,內湖康寧路一段一六四巷東側道路新築工程(一併),9225643500,內湖,康寧段四小段,0121-0000,臺北市,63000
921058,內湖康寧路一段一六四巷東側道路新築工程(一併),9225643500,內湖,康寧段四小段,0132-0000,臺北市,63000
921058,內湖康寧路一段一六四巷東側道路新築工程(一併),9225643500,內湖,康寧段四小段,0132-0002,臺北市,63000
921058,內湖康寧路一段一六四巷東側道路新築工程(一併),9225643500,內湖,康寧段四小段,0133-0002,臺北市,63000
921059,文山區木柵國民小學擴建工程,9228557000,文山,木柵段一小段,0014-0000,臺北市,63000
921060,台北市區鐵路地下化東延南港工程(南港專案)台北市段工程(補辦徵收),9304898200,南港,南港段二小段,0010-0000,臺北市,63000
921060,台北市區鐵路地下化東延南港工程(南港專案)台北市段工程(補辦徵收),9304898200,南港,南港段二小段,0011-0000,臺北市,63000
931001,磺港溪壓力箱涵分洪工程(三合街至大興街),9304895200,北投,豐年段一小段,0328-0001,臺北市,63000
931001,磺港溪壓力箱涵分洪工程(三合街至大興街),9304895200,北投,豐年段一小段,0329-0001,臺北市,63000
931001,磺港溪壓力箱涵分洪工程(三合街至大興街),9304895200,北投,豐年段一小段,0333-0001,臺北市,63000
931001,磺港溪壓力箱涵分洪工程(三合街至大興街),9304895200,北投,豐年段一小段,0334-0001,臺北市,63000
931001,磺港溪壓力箱涵分洪工程(三合街至大興街),9304895200,北投,豐年段一小段,0335-0001,臺北市,63000
931001,磺港溪壓力箱涵分洪工程(三合街至大興街),9304895200,北投,豐年段一小段,0345-0001,臺北市,63000
931001,磺港溪壓力箱涵分洪工程(三合街至大興街),9304895200,北投,豐年段一小段,0351-0001,臺北市,63000
931001,磺港溪壓力箱涵分洪工程(三合街至大興街),9304895200,北投,豐年段一小段,0352-0001,臺北市,63000
931001,磺港溪壓力箱涵分洪工程(三合街至大興街),9304895200,北投,豐年段一小段,0358-0001,臺北市,63000
931001,磺港溪壓力箱涵分洪工程(三合街至大興街),9304895200,北投,豐年段一小段,0359-0001,臺北市,63000
931001,磺港溪壓力箱涵分洪工程(三合街至大興街),9304895200,北投,豐年段一小段,0363-0001,臺北市,63000
931001,磺港溪壓力箱涵分洪工程(三合街至大興街),9304895200,北投,豐年段一小段,0364-0001,臺北市,63000
931001,磺港溪壓力箱涵分洪工程(三合街至大興街),9304895200,北投,豐年段一小段,0365-0001,臺北市,63000
931001,磺港溪壓力箱涵分洪工程(三合街至大興街),9304895200,北投,豐年段一小段,0425-0001,臺北市,63000
931001,磺港溪壓力箱涵分洪工程(三合街至大興街),9304895200,北投,豐年段一小段,0425-0002,臺北市,63000
931002,景美溪(恒光橋上游至指南溪出口段)河道整治工程,9314490900,文山,木柵段二小段,0864-0000,臺北市,63000
931002,景美溪(恒光橋上游至指南溪出口段)河道整治工程,9314490900,文山,木柵段二小段,0865-0000,臺北市,63000
931002,景美溪(恒光橋上游至指南溪出口段)河道整治工程,9314490900,文山,木柵段二小段,0868-0000,臺北市,63000
931002,景美溪(恒光橋上游至指南溪出口段)河道整治工程,9314490900,文山,木柵段二小段,0869-0000,臺北市,63000
931002,景美溪(恒光橋上游至指南溪出口段)河道整治工程,9314490900,文山,木柵段二小段,0870-0000,臺北市,63000
931002,景美溪(恒光橋上游至指南溪出口段)河道整治工程,9314490900,文山,木柵段二小段,0871-0000,臺北市,63000
931002,景美溪(恒光橋上游至指南溪出口段)河道整治工程,9314490900,文山,木柵段二小段,0872-0000,臺北市,63000
931002,景美溪(恒光橋上游至指南溪出口段)河道整治工程,9314490900,文山,木柵段二小段,0873-0000,臺北市,63000
931002,景美溪(恒光橋上游至指南溪出口段)河道整治工程,9314490900,文山,木柵段二小段,0874-0000,臺北市,63000
931002,景美溪(恒光橋上游至指南溪出口段)河道整治工程,9314490900,文山,木柵段二小段,0875-0000,臺北市,63000
931002,景美溪(恒光橋上游至指南溪出口段)河道整治工程,9314490900,文山,木柵段二小段,0876-0000,臺北市,63000
931002,景美溪(恒光橋上游至指南溪出口段)河道整治工程,9314490900,文山,木柵段二小段,0877-0000,臺北市,63000
931002,景美溪(恒光橋上游至指南溪出口段)河道整治工程,9314490900,文山,木柵段二小段,0878-0000,臺北市,63000
931002,景美溪(恒光橋上游至指南溪出口段)河道整治工程,9314490900,文山,木柵段二小段,0881-0000,臺北市,63000
931002,景美溪(恒光橋上游至指南溪出口段)河道整治工程,9314490900,文山,木柵段二小段,0882-0000,臺北市,63000
931002,景美溪(恒光橋上游至指南溪出口段)河道整治工程,9314490900,文山,木柵段二小段,0883-0000,臺北市,63000
931002,景美溪(恒光橋上游至指南溪出口段)河道整治工程,9314490900,文山,木柵段二小段,0884-0000,臺北市,63000
931002,景美溪(恒光橋上游至指南溪出口段)河道整治工程,9314490900,文山,木柵段二小段,0885-0000,臺北市,63000
931002,景美溪(恒光橋上游至指南溪出口段)河道整治工程,9314490900,文山,木柵段二小段,0886-0000,臺北市,63000
931002,景美溪(恒光橋上游至指南溪出口段)河道整治工程,9314490900,文山,木柵段二小段,0887-0000,臺北市,63000
931002,景美溪(恒光橋上游至指南溪出口段)河道整治工程,9314490900,文山,木柵段二小段,0888-0000,臺北市,63000
931004,內湖六十四號清白公園新建工程,9302479000,內湖,康寧段三小段,0304-0009,臺北市,63000
931009,北投光明路前段道路及人行步道工程,9302416600,北投,溫泉段一小段,0120-0001,臺北市,63000
931009,北投光明路前段道路及人行步道工程,9302416600,北投,溫泉段一小段,0169-0003,臺北市,63000
931009,北投光明路前段道路及人行步道工程,9302416600,北投,溫泉段一小段,0169-0005,臺北市,63000
931010,大安忠孝東路三段44號西側道路新築工程,9318212800,大安,懷生段三小段,0429-0002,臺北市,63000
931011,北投秀山國小東側道路新築工程,9302944300,北投,大屯段三小段,0512-0001,臺北市,63000
931011,北投秀山國小東側道路新築工程,9302944300,北投,大屯段三小段,0514-0003,臺北市,63000
931012,內湖區內湖路1段629巷27弄道路新築工程,9302944700,內湖,碧湖段四小段,0460-0000,臺北市,63000
931012,內湖區內湖路1段629巷27弄道路新築工程,9302944700,內湖,碧湖段四小段,0466-0000,臺北市,63000
931012,內湖區內湖路1段629巷27弄道路新築工程,9302944700,內湖,碧湖段四小段,0467-0001,臺北市,63000
931012,內湖區內湖路1段629巷27弄道路新築工程,9302944700,內湖,碧湖段四小段,0468-0001,臺北市,63000
931012,內湖區內湖路1段629巷27弄道路新築工程,9302944700,內湖,碧湖段四小段,0469-0000,臺北市,63000
931012,內湖區內湖路1段629巷27弄道路新築工程,9302944700,內湖,碧湖段四小段,0472-0000,臺北市,63000
931012,內湖區內湖路1段629巷27弄道路新築工程,9302944700,內湖,碧湖段四小段,0475-0000,臺北市,63000
931012,內湖區內湖路1段629巷27弄道路新築工程,9302944700,內湖,碧湖段四小段,0477-0000,臺北市,63000
931012,內湖區內湖路1段629巷27弄道路新築工程,9302944700,內湖,碧湖段四小段,0488-0000,臺北市,63000
931013,大同重慶北路三段三一二巷西側第一期道路新築工程,9304929900,大同,文昌段一小段,0113-0001,臺北市,63000
931013,大同重慶北路三段三一二巷西側第一期道路新築工程,9304929900,大同,文昌段一小段,0115-0001,臺北市,63000
931013,大同重慶北路三段三一二巷西側第一期道路新築工程,9304929900,大同,文昌段一小段,0116-0001,臺北市,63000
931013,大同重慶北路三段三一二巷西側第一期道路新築工程,9304929900,大同,文昌段一小段,0117-0001,臺北市,63000
931013,大同重慶北路三段三一二巷西側第一期道路新築工程,9304929900,大同,文昌段一小段,0118-0001,臺北市,63000
931013,大同重慶北路三段三一二巷西側第一期道路新築工程,9304929900,大同,文昌段一小段,0119-0001,臺北市,63000
931013,大同重慶北路三段三一二巷西側第一期道路新築工程,9304929900,大同,文昌段一小段,0120-0001,臺北市,63000
931014,中山龍江路二九五巷道路新築工程,9302479400,中山,榮星段三小段,0178-0003,臺北市,63000
931016,中山林森北路五十一巷道路新築工程,9302479100,中山,正義段二小段,0537-0001,臺北市,63000
931017,大安大安路一段二三一號旁道路拓寬工程,9302497000,大安,復興段三小段,0368-0001,臺北市,63000
931017,大安大安路一段二三一號旁道路拓寬工程,9302497000,大安,復興段三小段,0371-0000,臺北市,63000
931017,大安大安路一段二三一號旁道路拓寬工程,9302497000,大安,復興段三小段,0445-0001,臺北市,63000
931018,北投公館路二二八巷十五弄道路新築工程,9309003100,北投,奇岩段三小段,0323-0001,臺北市,63000
931018,北投公館路二二八巷十五弄道路新築工程,9309003100,北投,奇岩段三小段,0324-0000,臺北市,63000
931018,北投公館路二二八巷十五弄道路新築工程,9309003100,北投,奇岩段三小段,0340-0002,臺北市,63000
931018,北投公館路二二八巷十五弄道路新築工程,9309003100,北投,奇岩段三小段,0341-0000,臺北市,63000
931018,北投公館路二二八巷十五弄道路新築工程,9309003100,北投,奇岩段三小段,0353-0002,臺北市,63000
931019,信義忠孝東路五段三七二巷二八弄道路新築工程,9302496900,信義,信義段二小段,0027-0001,臺北市,63000
931020,臺灣電力股份有限公司興建陽明～興仁～北投六九仟伏輸電線路連接站工程,9225846200,北投,大屯段三小段,0349-0003,臺北市,63000
931021,士林社中街一五六巷四十弄旁道路新築工程,9304939900,士林,永新段四小段,0097-0002,臺北市,63000
931021,士林社中街一五六巷四十弄旁道路新築工程,9304939900,士林,永新段四小段,0098-0001,臺北市,63000
931021,士林社中街一五六巷四十弄旁道路新築工程,9304939900,士林,永新段四小段,0099-0000,臺北市,63000
931021,士林社中街一五六巷四十弄旁道路新築工程,9304939900,士林,永新段四小段,0101-0000,臺北市,63000
931021,士林社中街一五六巷四十弄旁道路新築工程,9304939900,士林,永新段四小段,0105-0000,臺北市,63000
931021,士林社中街一五六巷四十弄旁道路新築工程,9304939900,士林,永新段四小段,0106-0000,臺北市,63000
931021,士林社中街一五六巷四十弄旁道路新築工程,9304939900,士林,永新段四小段,0112-0000,臺北市,63000
931023,萬華雙園國小西側南段道路新築工程,9302944400,萬華,莒光段三小段,0479-0002,臺北市,63000
931023,萬華雙園國小西側南段道路新築工程,9302944400,萬華,莒光段三小段,0480-0001,臺北市,63000
931023,萬華雙園國小西側南段道路新築工程,9302944400,萬華,莒光段三小段,0481-0000,臺北市,63000
931023,萬華雙園國小西側南段道路新築工程,9302944400,萬華,莒光段三小段,0482-0001,臺北市,63000
931023,萬華雙園國小西側南段道路新築工程,9302944400,萬華,莒光段三小段,0483-0001,臺北市,63000
931023,萬華雙園國小西側南段道路新築工程,9302944400,萬華,莒光段三小段,0484-0001,臺北市,63000
931023,萬華雙園國小西側南段道路新築工程,9302944400,萬華,莒光段三小段,0485-0001,臺北市,63000
931023,萬華雙園國小西側南段道路新築工程,9302944400,萬華,莒光段三小段,0486-0001,臺北市,63000
931023,萬華雙園國小西側南段道路新築工程,9302944400,萬華,莒光段三小段,0487-0001,臺北市,63000
931023,萬華雙園國小西側南段道路新築工程,9302944400,萬華,莒光段三小段,0488-0000,臺北市,63000
931023,萬華雙園國小西側南段道路新築工程,9302944400,萬華,莒光段三小段,0489-0001,臺北市,63000
931023,萬華雙園國小西側南段道路新築工程,9302944400,萬華,莒光段三小段,0590-0001,臺北市,63000
931024,中正廈門街25巷4弄西側道路新築工程,9302654400,中正,河堤段四小段,0534-0001,臺北市,63000
931024,中正廈門街25巷4弄西側道路新築工程,9302654400,中正,河堤段四小段,0535-0000,臺北市,63000
931025,南港成福路一０七巷、一二一巷第一期道路新築工程,9309317200,南港,新光段二小段,0192-0000,臺北市,63000
931025,南港成福路一０七巷、一二一巷第一期道路新築工程,9309317200,南港,新光段二小段,0192-0003,臺北市,63000
931025,南港成福路一０七巷、一二一巷第一期道路新築工程,9309317200,南港,新光段二小段,0193-0000,臺北市,63000
931025,南港成福路一０七巷、一二一巷第一期道路新築工程,9309317200,南港,新光段二小段,0194-0003,臺北市,63000
931025,南港成福路一０七巷、一二一巷第一期道路新築工程,9309317200,南港,新光段二小段,0198-0002,臺北市,63000
931027,文山萬壽路中段道路拓寬工程,9309317100,文山,頭廷段二小段,0343-0001,臺北市,63000
931027,文山萬壽路中段道路拓寬工程,9309317100,文山,頭廷段二小段,0344-0001,臺北市,63000
931027,文山萬壽路中段道路拓寬工程,9309317100,文山,頭廷段二小段,0345-0000,臺北市,63000
931027,文山萬壽路中段道路拓寬工程,9309317100,文山,頭廷段二小段,0347-0000,臺北市,63000
931027,文山萬壽路中段道路拓寬工程,9309317100,文山,頭廷段二小段,0347-0001,臺北市,63000
931027,文山萬壽路中段道路拓寬工程,9309317100,文山,頭廷段二小段,0348-0000,臺北市,63000
931027,文山萬壽路中段道路拓寬工程,9309317100,文山,頭廷段二小段,0349-0000,臺北市,63000
931027,文山萬壽路中段道路拓寬工程,9309317100,文山,頭廷段二小段,0356-0000,臺北市,63000
931027,文山萬壽路中段道路拓寬工程,9309317100,文山,頭廷段二小段,0357-0000,臺北市,63000
931027,文山萬壽路中段道路拓寬工程,9309317100,文山,頭廷段二小段,0358-0001,臺北市,63000
931027,文山萬壽路中段道路拓寬工程,9309317100,文山,頭廷段二小段,0359-0001,臺北市,63000
931027,文山萬壽路中段道路拓寬工程,9309317100,文山,頭廷段二小段,0360-0000,臺北市,63000
931027,文山萬壽路中段道路拓寬工程,9309317100,文山,頭廷段二小段,0361-0000,臺北市,63000
931027,文山萬壽路中段道路拓寬工程,9309317100,文山,頭廷段二小段,0362-0000,臺北市,63000
931027,文山萬壽路中段道路拓寬工程,9309317100,文山,頭廷段二小段,0362-0001,臺北市,63000
931027,文山萬壽路中段道路拓寬工程,9309317100,文山,頭廷段二小段,0362-0002,臺北市,63000
931027,文山萬壽路中段道路拓寬工程,9309317100,文山,頭廷段二小段,0363-0000,臺北市,63000
931027,文山萬壽路中段道路拓寬工程,9309317100,文山,頭廷段二小段,0396-0000,臺北市,63000
931027,文山萬壽路中段道路拓寬工程,9309317100,文山,頭廷段二小段,0396-0001,臺北市,63000
931027,文山萬壽路中段道路拓寬工程,9309317100,文山,頭廷段二小段,0554-0000,臺北市,63000
931027,文山萬壽路中段道路拓寬工程,9309317100,文山,頭廷段二小段,0555-0000,臺北市,63000
931027,文山萬壽路中段道路拓寬工程,9309317100,文山,頭廷段二小段,0556-0000,臺北市,63000
931027,文山萬壽路中段道路拓寬工程,9309317100,文山,頭廷段二小段,0557-0000,臺北市,63000
931027,文山萬壽路中段道路拓寬工程,9309317100,文山,頭廷段二小段,0560-0000,臺北市,63000
931027,文山萬壽路中段道路拓寬工程,9309317100,文山,頭廷段二小段,0561-0000,臺北市,63000
931027,文山萬壽路中段道路拓寬工程,9309317100,文山,頭廷段二小段,0562-0000,臺北市,63000
931027,文山萬壽路中段道路拓寬工程,9309317100,文山,頭廷段二小段,0563-0000,臺北市,63000
931027,文山萬壽路中段道路拓寬工程,9309317100,文山,頭廷段二小段,0564-0000,臺北市,63000
931027,文山萬壽路中段道路拓寬工程,9309317100,文山,頭廷段二小段,0564-0001,臺北市,63000
931027,文山萬壽路中段道路拓寬工程,9309317100,文山,頭廷段二小段,0565-0000,臺北市,63000
931027,文山萬壽路中段道路拓寬工程,9309317100,文山,頭廷段二小段,0566-0000,臺北市,63000
931028,臺北都會區大眾捷運系統內湖線(機場用地變更為交通用地)工程(一併),9302979600,松山,濱江段四小段,0298-0006,臺北市,63000
931028,臺北都會區大眾捷運系統內湖線(機場用地變更為交通用地)工程(一併),9302979600,松山,濱江段四小段,0298-0007,臺北市,63000
931030,士林延平北路五段八三巷二八弄道路第一期拓寬工程,9318178500,士林,海光段三小段,0469-0001,臺北市,63000
931030,士林延平北路五段八三巷二八弄道路第一期拓寬工程,9318178500,士林,海光段三小段,0471-0002,臺北市,63000
931030,士林延平北路五段八三巷二八弄道路第一期拓寬工程,9318178500,士林,海光段三小段,0480-0001,臺北市,63000
931030,士林延平北路五段八三巷二八弄道路第一期拓寬工程,9318178500,士林,海光段三小段,0484-0002,臺北市,63000
931030,士林延平北路五段八三巷二八弄道路第一期拓寬工程,9318178500,士林,海光段三小段,0491-0001,臺北市,63000
931031,松山撫遠街機場東側道路新築工程,9313960500,松山,濱江段一小段,0236-0002,臺北市,63000
931031,松山撫遠街機場東側道路新築工程,9313960500,松山,濱江段一小段,0239-0001,臺北市,63000
931031,松山撫遠街機場東側道路新築工程,9313960500,松山,濱江段一小段,0240-0001,臺北市,63000
931031,松山撫遠街機場東側道路新築工程,9313960500,松山,濱江段一小段,0243-0000,臺北市,63000
931031,松山撫遠街機場東側道路新築工程,9313960500,松山,濱江段一小段,0244-0001,臺北市,63000
931031,松山撫遠街機場東側道路新築工程,9313960500,松山,濱江段一小段,0254-0001,臺北市,63000
931031,松山撫遠街機場東側道路新築工程,9313960500,松山,濱江段一小段,0255-0001,臺北市,63000
931031,松山撫遠街機場東側道路新築工程,9313960500,松山,濱江段一小段,0260-0002,臺北市,63000
931031,松山撫遠街機場東側道路新築工程,9313960500,松山,濱江段一小段,0343-0000,臺北市,63000
931031,松山撫遠街機場東側道路新築工程,9313960500,松山,濱江段一小段,0400-0002,臺北市,63000
931032,文山和興路26巷道路第一期拓寬工程(一併),9313765200,文山,華興段四小段,0316-0000,臺北市,63000
931033,北投線空中纜車新建工程,9426868700,北投,新民段一小段,0100-0002,臺北市,63000
931033,北投線空中纜車新建工程,9426868700,北投,新民段一小段,0102-0002,臺北市,63000
931033,北投線空中纜車新建工程,9426868700,北投,新民段一小段,0103-0002,臺北市,63000
931033,北投線空中纜車新建工程,9426868700,北投,新民段一小段,0105-0001,臺北市,63000
931033,北投線空中纜車新建工程,9426868700,北投,新民段一小段,0107-0001,臺北市,63000
931033,北投線空中纜車新建工程,9426868700,北投,新民段一小段,0108-0000,臺北市,63000
931033,北投線空中纜車新建工程,9426868700,北投,新民段一小段,0109-0001,臺北市,63000
931033,北投線空中纜車新建工程,9426868700,北投,新民段一小段,0145-0000,臺北市,63000
931033,北投線空中纜車新建工程,9426868700,北投,新民段一小段,0146-0000,臺北市,63000
931033,北投線空中纜車新建工程,9426868700,北投,新民段一小段,0147-0000,臺北市,63000
931033,北投線空中纜車新建工程,9426868700,北投,新民段一小段,0154-0002,臺北市,63000
931033,北投線空中纜車新建工程,9426868700,北投,新民段一小段,0154-0004,臺北市,63000
931033,北投線空中纜車新建工程,9426868700,北投,新民段一小段,0155-0002,臺北市,63000
931033,北投線空中纜車新建工程,9426868700,北投,新民段一小段,0156-0000,臺北市,63000
931033,北投線空中纜車新建工程,9426868700,北投,新民段一小段,0156-0001,臺北市,63000
931033,北投線空中纜車新建工程,9426868700,北投,新民段一小段,0157-0001,臺北市,63000
931033,北投線空中纜車新建工程,9426868700,北投,新民段一小段,0157-0003,臺北市,63000
931033,北投線空中纜車新建工程,9426868700,北投,新民段一小段,0158-0001,臺北市,63000
931033,北投線空中纜車新建工程,9426868700,北投,新民段一小段,0159-0001,臺北市,63000
931033,北投線空中纜車新建工程,9426868700,北投,新民段一小段,0161-0000,臺北市,63000
931033,北投線空中纜車新建工程,9426868700,北投,新民段一小段,0162-0001,臺北市,63000
931033,北投線空中纜車新建工程,9426868700,北投,新民段一小段,0387-0003,臺北市,63000
931033,北投線空中纜車新建工程,9426868700,北投,新民段一小段,0387-0004,臺北市,63000
931033,北投線空中纜車新建工程,9426868700,北投,新民段一小段,0388-0001,臺北市,63000
931033,北投線空中纜車新建工程,9426868700,北投,新民段二小段,0524-0001,臺北市,63000
931033,北投線空中纜車新建工程,9426868700,北投,新民段二小段,0525-0001,臺北市,63000
931033,北投線空中纜車新建工程,9426868700,北投,新民段二小段,0526-0001,臺北市,63000
931033,北投線空中纜車新建工程,9426868700,北投,新民段二小段,0531-0007,臺北市,63000
931033,北投線空中纜車新建工程,9426868700,北投,新民段二小段,0531-0009,臺北市,63000
931033,北投線空中纜車新建工程,9426868700,北投,新民段二小段,0531-0011,臺北市,63000
931033,北投線空中纜車新建工程,9426868700,北投,新民段二小段,0531-0013,臺北市,63000
931033,北投線空中纜車新建工程,9426868700,北投,新民段二小段,0534-0000,臺北市,63000
931033,北投線空中纜車新建工程,9426868700,北投,新民段二小段,0534-0008,臺北市,63000
931033,北投線空中纜車新建工程,9426868700,北投,新民段二小段,0534-0010,臺北市,63000
931033,北投線空中纜車新建工程,9426868700,北投,新民段二小段,0534-0012,臺北市,63000
931033,北投線空中纜車新建工程,9426868700,北投,新民段二小段,0534-0015,臺北市,63000
931033,北投線空中纜車新建工程,9426868700,北投,新民段二小段,0534-0017,臺北市,63000
931033,北投線空中纜車新建工程,9426868700,北投,新民段二小段,0534-0019,臺北市,63000
931033,北投線空中纜車新建工程,9426868700,北投,新民段二小段,0534-0021,臺北市,63000
931033,北投線空中纜車新建工程,9426868700,北投,新民段二小段,0535-0002,臺北市,63000
931033,北投線空中纜車新建工程,9426868700,北投,新民段二小段,0535-0003,臺北市,63000
931033,北投線空中纜車新建工程,9426868700,北投,新民段二小段,0536-0001,臺北市,63000
931033,北投線空中纜車新建工程,9426868700,北投,新民段二小段,0537-0005,臺北市,63000
931033,北投線空中纜車新建工程,9426868700,北投,新民段二小段,0538-0001,臺北市,63000
931033,北投線空中纜車新建工程,9426868700,北投,新民段四小段,0310-0000,臺北市,63000
931033,北投線空中纜車新建工程,9426868700,北投,新民段四小段,0320-0001,臺北市,63000
931033,北投線空中纜車新建工程,9426868700,北投,新民段四小段,0321-0001,臺北市,63000
931033,北投線空中纜車新建工程,9426868700,北投,新民段四小段,0323-0001,臺北市,63000
931033,北投線空中纜車新建工程,9426868700,北投,新民段四小段,0325-0001,臺北市,63000
931033,北投線空中纜車新建工程,9426868700,北投,新民段四小段,0327-0000,臺北市,63000
931033,北投線空中纜車新建工程,9426868700,北投,新民段四小段,0330-0002,臺北市,63000
931033,北投線空中纜車新建工程,9426868700,北投,新民段四小段,0331-0002,臺北市,63000
931033,北投線空中纜車新建工程,9426868700,北投,新民段四小段,0334-0004,臺北市,63000
931033,北投線空中纜車新建工程,9426868700,北投,新民段四小段,0334-0006,臺北市,63000
931033,北投線空中纜車新建工程,9426868700,北投,新民段四小段,0335-0001,臺北市,63000
931033,北投線空中纜車新建工程,9426868700,北投,新民段四小段,0336-0000,臺北市,63000
931033,北投線空中纜車新建工程,9426868700,北投,新民段四小段,0336-0003,臺北市,63000
931033,北投線空中纜車新建工程,9426868700,北投,新民段四小段,0336-0005,臺北市,63000
931033,北投線空中纜車新建工程,9426868700,北投,新民段四小段,0337-0000,臺北市,63000
931033,北投線空中纜車新建工程,9426868700,北投,新民段四小段,0337-0001,臺北市,63000
931033,北投線空中纜車新建工程,9426868700,北投,新民段四小段,0351-0003,臺北市,63000
931033,北投線空中纜車新建工程,9426868700,北投,新民段四小段,0351-0004,臺北市,63000
931033,北投線空中纜車新建工程,9426868700,北投,新民段四小段,0361-0001,臺北市,63000
931033,北投線空中纜車新建工程,9426868700,北投,新民段四小段,0369-0001,臺北市,63000
931033,北投線空中纜車新建工程,9426868700,北投,新民段四小段,0370-0001,臺北市,63000
931033,北投線空中纜車新建工程,9426868700,北投,新民段四小段,0371-0001,臺北市,63000
931033,北投線空中纜車新建工程,9426868700,北投,新民段四小段,0373-0000,臺北市,63000
931033,北投線空中纜車新建工程,9426868700,北投,新民段四小段,0373-0002,臺北市,63000
931033,北投線空中纜車新建工程,9426868700,北投,新民段四小段,0374-0001,臺北市,63000
931033,北投線空中纜車新建工程,9426868700,北投,新民段四小段,0375-0001,臺北市,63000
931033,北投線空中纜車新建工程,9426868700,北投,新民段四小段,0375-0002,臺北市,63000
931033,北投線空中纜車新建工程,9426868700,北投,新民段四小段,0384-0001,臺北市,63000
931033,北投線空中纜車新建工程,9426868700,北投,新民段四小段,0392-0003,臺北市,63000
931033,北投線空中纜車新建工程,9426868700,北投,溫泉段一小段,0029-0009,臺北市,63000
931033,北投線空中纜車新建工程,9426868700,北投,溫泉段一小段,0135-0004,臺北市,63000
931033,北投線空中纜車新建工程,9426868700,北投,溫泉段一小段,0135-0005,臺北市,63000
931033,北投線空中纜車新建工程,9426868700,北投,溫泉段一小段,0137-0001,臺北市,63000
931034,國立陽明大學為求校地完整、擴校發展及水土保持需要工程,9314198000,北投,崇仰段三小段,0229-0000,臺北市,63000
931035,臺北都會區大眾捷運系統南港線忠孝新生站工程,9309262600,大安,懷生段三小段,0434-0004,臺北市,63000
931035,臺北都會區大眾捷運系統南港線忠孝新生站工程,9309262600,大安,懷生段三小段,0434-0005,臺北市,63000
931035,臺北都會區大眾捷運系統南港線忠孝新生站工程,9309262600,大安,懷生段三小段,0434-0006,臺北市,63000
931035,臺北都會區大眾捷運系統南港線忠孝新生站工程,9309262600,大安,懷生段三小段,0434-0007,臺北市,63000
931035,臺北都會區大眾捷運系統南港線忠孝新生站工程,9309262600,大安,懷生段三小段,0434-0008,臺北市,63000
931035,臺北都會區大眾捷運系統南港線忠孝新生站工程,9309262600,大安,懷生段三小段,0434-0011,臺北市,63000
931035,臺北都會區大眾捷運系統南港線忠孝新生站工程,9309262600,大安,懷生段三小段,0434-0012,臺北市,63000
931036,台北松山機場(北邊用地)地籍管理及維持機場場內飛安管理需要工程,9314197800,松山,濱江段四小段,0398-0000,臺北市,63000
931036,台北松山機場(北邊用地)地籍管理及維持機場場內飛安管理需要工程,9314197800,松山,濱江段四小段,0398-0001,臺北市,63000
931036,台北松山機場(北邊用地)地籍管理及維持機場場內飛安管理需要工程,9314197800,松山,濱江段四小段,0401-0000,臺北市,63000
931036,台北松山機場(北邊用地)地籍管理及維持機場場內飛安管理需要工程,9314197800,松山,濱江段四小段,0401-0001,臺北市,63000
931037,北投復興高中東側道路新築工程,9314291700,北投,開明段一小段,0536-0001,臺北市,63000
931038,中山區三十二號(中安)公園工程,9314507000,中山,中山段三小段,0399-0000,臺北市,63000
931039,臺北都會區大眾捷運系統內湖線高架段工程穿越(內湖路一段及文德路)(地上權),9318473200,內湖,文德段一小段,0051-0001,臺北市,63000
931039,臺北都會區大眾捷運系統內湖線高架段工程穿越(內湖路一段及文德路)(地上權),9318473200,內湖,文德段一小段,0051-0005,臺北市,63000
931039,臺北都會區大眾捷運系統內湖線高架段工程穿越(內湖路一段及文德路)(地上權),9318473200,內湖,文德段一小段,0135-0003,臺北市,63000
931039,臺北都會區大眾捷運系統內湖線高架段工程穿越(內湖路一段及文德路)(地上權),9318473200,內湖,文德段一小段,0135-0006,臺北市,63000
931039,臺北都會區大眾捷運系統內湖線高架段工程穿越(內湖路一段及文德路)(地上權),9318473200,內湖,碧湖段三小段,0645-0000,臺北市,63000
931039,臺北都會區大眾捷運系統內湖線高架段工程穿越(內湖路一段及文德路)(地上權),9318473200,內湖,碧湖段三小段,0665-0000,臺北市,63000
931039,臺北都會區大眾捷運系統內湖線高架段工程穿越(內湖路一段及文德路)(地上權),9318473200,內湖,碧湖段三小段,0665-0015,臺北市,63000
931039,臺北都會區大眾捷運系統內湖線高架段工程穿越(內湖路一段及文德路)(地上權),9318473200,內湖,碧湖段四小段,0690-0000,臺北市,63000
931039,臺北都會區大眾捷運系統內湖線高架段工程穿越(內湖路一段及文德路)(地上權),9318473200,內湖,碧湖段四小段,0690-0039,臺北市,63000
931039,臺北都會區大眾捷運系統內湖線高架段工程穿越(內湖路一段及文德路)(地上權),9318473200,內湖,碧湖段四小段,0690-0041,臺北市,63000
931039,臺北都會區大眾捷運系統內湖線高架段工程穿越(內湖路一段及文德路)(地上權),9318473200,內湖,碧湖段四小段,0690-0043,臺北市,63000
931039,臺北都會區大眾捷運系統內湖線高架段工程穿越(內湖路一段及文德路)(地上權),9318473200,內湖,碧湖段四小段,0690-0045,臺北市,63000
931039,臺北都會區大眾捷運系統內湖線高架段工程穿越(內湖路一段及文德路)(地上權),9318473200,內湖,碧湖段四小段,0690-0047,臺北市,63000
931039,臺北都會區大眾捷運系統內湖線高架段工程穿越(內湖路一段及文德路)(地上權),9318473200,內湖,碧湖段四小段,0690-0049,臺北市,63000
931039,臺北都會區大眾捷運系統內湖線高架段工程穿越(內湖路一段及文德路)(地上權),9318473200,內湖,碧湖段四小段,0690-0051,臺北市,63000
931039,臺北都會區大眾捷運系統內湖線高架段工程穿越(內湖路一段及文德路)(地上權),9318473200,內湖,碧湖段四小段,0690-0053,臺北市,63000
931039,臺北都會區大眾捷運系統內湖線高架段工程穿越(內湖路一段及文德路)(地上權),9318473200,內湖,碧湖段四小段,0690-0063,臺北市,63000
931039,臺北都會區大眾捷運系統內湖線高架段工程穿越(內湖路一段及文德路)(地上權),9318473200,內湖,碧湖段四小段,0690-0064,臺北市,63000
931040,臺北都會區大眾捷運系統內湖線高架段工程穿越(內湖路一段及文德路),9318078200,內湖,文德段一小段,0051-0002,臺北市,63000
931040,臺北都會區大眾捷運系統內湖線高架段工程穿越(內湖路一段及文德路),9318078200,內湖,文德段一小段,0051-0003,臺北市,63000
931040,臺北都會區大眾捷運系統內湖線高架段工程穿越(內湖路一段及文德路),9318078200,內湖,文德段一小段,0051-0004,臺北市,63000
931040,臺北都會區大眾捷運系統內湖線高架段工程穿越(內湖路一段及文德路),9318078200,內湖,文德段一小段,0051-0006,臺北市,63000
931040,臺北都會區大眾捷運系統內湖線高架段工程穿越(內湖路一段及文德路),9318078200,內湖,文德段一小段,0135-0004,臺北市,63000
931040,臺北都會區大眾捷運系統內湖線高架段工程穿越(內湖路一段及文德路),9318078200,內湖,文德段一小段,0135-0005,臺北市,63000
931040,臺北都會區大眾捷運系統內湖線高架段工程穿越(內湖路一段及文德路),9318078200,內湖,文德段一小段,0135-0007,臺北市,63000
931040,臺北都會區大眾捷運系統內湖線高架段工程穿越(內湖路一段及文德路),9318078200,內湖,文德段一小段,0135-0008,臺北市,63000
931040,臺北都會區大眾捷運系統內湖線高架段工程穿越(內湖路一段及文德路),9318078200,內湖,文德段一小段,0135-0009,臺北市,63000
931040,臺北都會區大眾捷運系統內湖線高架段工程穿越(內湖路一段及文德路),9318078200,內湖,文德段一小段,0135-0010,臺北市,63000
931040,臺北都會區大眾捷運系統內湖線高架段工程穿越(內湖路一段及文德路),9318078200,內湖,碧湖段三小段,0665-0003,臺北市,63000
931040,臺北都會區大眾捷運系統內湖線高架段工程穿越(內湖路一段及文德路),9318078200,內湖,碧湖段三小段,0665-0004,臺北市,63000
931040,臺北都會區大眾捷運系統內湖線高架段工程穿越(內湖路一段及文德路),9318078200,內湖,碧湖段三小段,0665-0005,臺北市,63000
931040,臺北都會區大眾捷運系統內湖線高架段工程穿越(內湖路一段及文德路),9318078200,內湖,碧湖段三小段,0665-0006,臺北市,63000
931040,臺北都會區大眾捷運系統內湖線高架段工程穿越(內湖路一段及文德路),9318078200,內湖,碧湖段三小段,0665-0007,臺北市,63000
931040,臺北都會區大眾捷運系統內湖線高架段工程穿越(內湖路一段及文德路),9318078200,內湖,碧湖段三小段,0665-0008,臺北市,63000
931040,臺北都會區大眾捷運系統內湖線高架段工程穿越(內湖路一段及文德路),9318078200,內湖,碧湖段三小段,0665-0009,臺北市,63000
931040,臺北都會區大眾捷運系統內湖線高架段工程穿越(內湖路一段及文德路),9318078200,內湖,碧湖段三小段,0665-0010,臺北市,63000
931040,臺北都會區大眾捷運系統內湖線高架段工程穿越(內湖路一段及文德路),9318078200,內湖,碧湖段三小段,0665-0011,臺北市,63000
931040,臺北都會區大眾捷運系統內湖線高架段工程穿越(內湖路一段及文德路),9318078200,內湖,碧湖段三小段,0665-0012,臺北市,63000
931040,臺北都會區大眾捷運系統內湖線高架段工程穿越(內湖路一段及文德路),9318078200,內湖,碧湖段三小段,0665-0013,臺北市,63000
931040,臺北都會區大眾捷運系統內湖線高架段工程穿越(內湖路一段及文德路),9318078200,內湖,碧湖段三小段,0665-0014,臺北市,63000
931040,臺北都會區大眾捷運系統內湖線高架段工程穿越(內湖路一段及文德路),9318078200,內湖,碧湖段四小段,0690-0037,臺北市,63000
931040,臺北都會區大眾捷運系統內湖線高架段工程穿越(內湖路一段及文德路),9318078200,內湖,碧湖段四小段,0690-0038,臺北市,63000
931040,臺北都會區大眾捷運系統內湖線高架段工程穿越(內湖路一段及文德路),9318078200,內湖,碧湖段四小段,0690-0040,臺北市,63000
931040,臺北都會區大眾捷運系統內湖線高架段工程穿越(內湖路一段及文德路),9318078200,內湖,碧湖段四小段,0690-0042,臺北市,63000
931040,臺北都會區大眾捷運系統內湖線高架段工程穿越(內湖路一段及文德路),9318078200,內湖,碧湖段四小段,0690-0044,臺北市,63000
931040,臺北都會區大眾捷運系統內湖線高架段工程穿越(內湖路一段及文德路),9318078200,內湖,碧湖段四小段,0690-0046,臺北市,63000
931040,臺北都會區大眾捷運系統內湖線高架段工程穿越(內湖路一段及文德路),9318078200,內湖,碧湖段四小段,0690-0048,臺北市,63000
931040,臺北都會區大眾捷運系統內湖線高架段工程穿越(內湖路一段及文德路),9318078200,內湖,碧湖段四小段,0690-0050,臺北市,63000
931040,臺北都會區大眾捷運系統內湖線高架段工程穿越(內湖路一段及文德路),9318078200,內湖,碧湖段四小段,0690-0054,臺北市,63000
931040,臺北都會區大眾捷運系統內湖線高架段工程穿越(內湖路一段及文德路),9318078200,內湖,碧湖段四小段,0690-0055,臺北市,63000
931040,臺北都會區大眾捷運系統內湖線高架段工程穿越(內湖路一段及文德路),9318078200,內湖,碧湖段四小段,0690-0056,臺北市,63000
931040,臺北都會區大眾捷運系統內湖線高架段工程穿越(內湖路一段及文德路),9318078200,內湖,碧湖段四小段,0690-0058,臺北市,63000
931040,臺北都會區大眾捷運系統內湖線高架段工程穿越(內湖路一段及文德路),9318078200,內湖,碧湖段四小段,0690-0059,臺北市,63000
931040,臺北都會區大眾捷運系統內湖線高架段工程穿越(內湖路一段及文德路),9318078200,內湖,碧湖段四小段,0690-0060,臺北市,63000
931040,臺北都會區大眾捷運系統內湖線高架段工程穿越(內湖路一段及文德路),9318078200,內湖,碧湖段四小段,0690-0061,臺北市,63000
931040,臺北都會區大眾捷運系統內湖線高架段工程穿越(內湖路一段及文德路),9318078200,內湖,碧湖段四小段,0690-0062,臺北市,63000
931041,臺北都會區大眾捷運系統內湖線高架段工程穿越(內湖站至南湖大橋間),9318431300,內湖,東湖段七小段,0636-0003,臺北市,63000
931041,臺北都會區大眾捷運系統內湖線高架段工程穿越(內湖站至南湖大橋間),9318431300,內湖,東湖段六小段,0112-0002,臺北市,63000
931041,臺北都會區大眾捷運系統內湖線高架段工程穿越(內湖站至南湖大橋間),9318431300,內湖,東湖段六小段,0115-0002,臺北市,63000
931041,臺北都會區大眾捷運系統內湖線高架段工程穿越(內湖站至南湖大橋間),9318431300,內湖,東湖段六小段,0327-0002,臺北市,63000
931041,臺北都會區大眾捷運系統內湖線高架段工程穿越(內湖站至南湖大橋間),9318431300,內湖,東湖段六小段,0327-0004,臺北市,63000
931041,臺北都會區大眾捷運系統內湖線高架段工程穿越(內湖站至南湖大橋間),9318431300,內湖,東湖段六小段,0330-0001,臺北市,63000
931041,臺北都會區大眾捷運系統內湖線高架段工程穿越(內湖站至南湖大橋間),9318431300,內湖,東湖段六小段,0332-0001,臺北市,63000
931041,臺北都會區大眾捷運系統內湖線高架段工程穿越(內湖站至南湖大橋間),9318431300,內湖,東湖段六小段,0382-0001,臺北市,63000
931041,臺北都會區大眾捷運系統內湖線高架段工程穿越(內湖站至南湖大橋間),9318431300,內湖,東湖段六小段,0383-0001,臺北市,63000
931043,光育營區,9318104700,信義,祥和段四小段,0203-0001,臺北市,63000
931044,臺北都會區大眾捷運系統內湖線高架段工程穿越(北安路),9318416300,中山,北安段一小段,0058-0005,臺北市,63000
931044,臺北都會區大眾捷運系統內湖線高架段工程穿越(北安路),9318416300,中山,北安段一小段,0058-0009,臺北市,63000
931044,臺北都會區大眾捷運系統內湖線高架段工程穿越(北安路),9318416300,中山,北安段一小段,0058-0010,臺北市,63000
931044,臺北都會區大眾捷運系統內湖線高架段工程穿越(北安路),9318416300,中山,北安段一小段,0058-0011,臺北市,63000
931044,臺北都會區大眾捷運系統內湖線高架段工程穿越(北安路),9318416300,中山,北安段一小段,0058-0012,臺北市,63000
931044,臺北都會區大眾捷運系統內湖線高架段工程穿越(北安路),9318416300,中山,北安段一小段,0058-0015,臺北市,63000
931044,臺北都會區大眾捷運系統內湖線高架段工程穿越(北安路),9318416300,中山,北安段一小段,0058-0016,臺北市,63000
931044,臺北都會區大眾捷運系統內湖線高架段工程穿越(北安路),9318416300,中山,北安段三小段,0881-0003,臺北市,63000
931046,台北市區鐵路地下化東延南港工程(簡稱南港專案)南港車站地下化工程(徵收地上權),9319147700,南港,南港段四小段,0501-0002,臺北市,63000
931049,臺北都會區大眾捷運系統信義線工程,9321813200,大安,復興段三小段,0690-0001,臺北市,63000
931049,臺北都會區大眾捷運系統信義線工程,9321813200,大安,復興段三小段,0692-0000,臺北市,63000
931049,臺北都會區大眾捷運系統信義線工程,9321813200,大安,復興段三小段,0695-0001,臺北市,63000
931050,人文社會科學館院內進出道路及溫室相關設施工程,9319166500,南港,中南段三小段,0325-0001,臺北市,63000
931050,人文社會科學館院內進出道路及溫室相關設施工程,9319166500,南港,中南段三小段,0326-0001,臺北市,63000
931050,人文社會科學館院內進出道路及溫室相關設施工程,9319166500,南港,中南段三小段,0328-0001,臺北市,63000
931050,人文社會科學館院內進出道路及溫室相關設施工程,9319166500,南港,中南段三小段,0329-0001,臺北市,63000
931050,人文社會科學館院內進出道路及溫室相關設施工程,9319166500,南港,中南段三小段,0331-0001,臺北市,63000
931050,人文社會科學館院內進出道路及溫室相關設施工程,9319166500,南港,中南段三小段,0281-0001,臺北市,63000
931050,人文社會科學館院內進出道路及溫室相關設施工程,9319166500,南港,中南段三小段,0282-0002,臺北市,63000
931050,人文社會科學館院內進出道路及溫室相關設施工程,9319166500,南港,中南段三小段,0320-0001,臺北市,63000
931050,人文社會科學館院內進出道路及溫室相關設施工程,9319166500,南港,中南段二小段,0449-0002,臺北市,63000
931050,人文社會科學館院內進出道路及溫室相關設施工程,9319166500,南港,中南段三小段,0178-0001,臺北市,63000
931050,人文社會科學館院內進出道路及溫室相關設施工程,9319166500,南港,中南段三小段,0179-0001,臺北市,63000
931050,人文社會科學館院內進出道路及溫室相關設施工程,9319166500,南港,中南段三小段,0184-0001,臺北市,63000
931051,臺北都會區大眾捷運系統內湖線高架段工程穿越(北安路)(地上權),9318524200,中山,北安段一小段,0058-0000,臺北市,63000
931051,臺北都會區大眾捷運系統內湖線高架段工程穿越(北安路)(地上權),9318524200,中山,北安段一小段,0058-0006,臺北市,63000
931051,臺北都會區大眾捷運系統內湖線高架段工程穿越(北安路)(地上權),9318524200,中山,北安段一小段,0881-0004,臺北市,63000
931052,東湖地區聯外山區線道路新築工程,9322471200,內湖,東湖段五小段,0429-0002,臺北市,63000
931052,東湖地區聯外山區線道路新築工程,9322471200,內湖,大湖段四小段,0100-0001,臺北市,63000
931052,東湖地區聯外山區線道路新築工程,9322471200,內湖,大湖段四小段,0101-0000,臺北市,63000
931052,東湖地區聯外山區線道路新築工程,9322471200,內湖,大湖段四小段,0102-0001,臺北市,63000
931052,東湖地區聯外山區線道路新築工程,9322471200,內湖,大湖段四小段,0103-0001,臺北市,63000
931052,東湖地區聯外山區線道路新築工程,9322471200,內湖,大湖段四小段,0107-0001,臺北市,63000
931052,東湖地區聯外山區線道路新築工程,9322471200,內湖,大湖段四小段,0111-0001,臺北市,63000
931052,東湖地區聯外山區線道路新築工程,9322471200,內湖,大湖段四小段,0112-0001,臺北市,63000
931052,東湖地區聯外山區線道路新築工程,9322471200,內湖,大湖段四小段,0113-0001,臺北市,63000
931052,東湖地區聯外山區線道路新築工程,9322471200,內湖,大湖段四小段,0114-0001,臺北市,63000
931052,東湖地區聯外山區線道路新築工程,9322471200,內湖,大湖段四小段,0115-0001,臺北市,63000
931052,東湖地區聯外山區線道路新築工程,9322471200,內湖,大湖段四小段,0117-0001,臺北市,63000
931052,東湖地區聯外山區線道路新築工程,9322471200,內湖,大湖段四小段,0130-0001,臺北市,63000
931052,東湖地區聯外山區線道路新築工程,9322471200,內湖,大湖段四小段,0131-0001,臺北市,63000
931052,東湖地區聯外山區線道路新築工程,9322471200,內湖,大湖段四小段,0132-0001,臺北市,63000
931052,東湖地區聯外山區線道路新築工程,9322471200,內湖,東湖段五小段,0089-0003,臺北市,63000
931052,東湖地區聯外山區線道路新築工程,9322471200,內湖,東湖段五小段,0090-0001,臺北市,63000
931052,東湖地區聯外山區線道路新築工程,9322471200,內湖,東湖段五小段,0090-0002,臺北市,63000
931052,東湖地區聯外山區線道路新築工程,9322471200,內湖,東湖段五小段,0091-0001,臺北市,63000
931052,東湖地區聯外山區線道路新築工程,9322471200,內湖,東湖段五小段,0095-0001,臺北市,63000
931052,東湖地區聯外山區線道路新築工程,9322471200,內湖,東湖段五小段,0097-0002,臺北市,63000
931052,東湖地區聯外山區線道路新築工程,9322471200,內湖,東湖段五小段,0128-0002,臺北市,63000
931052,東湖地區聯外山區線道路新築工程,9322471200,內湖,東湖段五小段,0370-0001,臺北市,63000
931052,東湖地區聯外山區線道路新築工程,9322471200,內湖,東湖段五小段,0394-0001,臺北市,63000
931052,東湖地區聯外山區線道路新築工程,9322471200,內湖,東湖段五小段,0394-0002,臺北市,63000
931052,東湖地區聯外山區線道路新築工程,9322471200,內湖,東湖段五小段,0395-0001,臺北市,63000
931052,東湖地區聯外山區線道路新築工程,9322471200,內湖,東湖段五小段,0398-0001,臺北市,63000
931052,東湖地區聯外山區線道路新築工程,9322471200,內湖,東湖段五小段,0401-0001,臺北市,63000
931052,東湖地區聯外山區線道路新築工程,9322471200,內湖,東湖段五小段,0402-0001,臺北市,63000
931052,東湖地區聯外山區線道路新築工程,9322471200,內湖,東湖段五小段,0410-0001,臺北市,63000
931052,東湖地區聯外山區線道路新築工程,9322471200,內湖,東湖段五小段,0412-0001,臺北市,63000
931052,東湖地區聯外山區線道路新築工程,9322471200,內湖,東湖段五小段,0426-0001,臺北市,63000
931052,東湖地區聯外山區線道路新築工程,9322471200,內湖,大湖段一小段,0094-0002,臺北市,63000
931052,東湖地區聯外山區線道路新築工程,9322471200,內湖,大湖段一小段,0120-0001,臺北市,63000
931052,東湖地區聯外山區線道路新築工程,9322471200,內湖,大湖段一小段,0121-0001,臺北市,63000
931052,東湖地區聯外山區線道路新築工程,9322471200,內湖,大湖段一小段,0122-0001,臺北市,63000
931052,東湖地區聯外山區線道路新築工程,9322471200,內湖,大湖段一小段,0123-0000,臺北市,63000
931052,東湖地區聯外山區線道路新築工程,9322471200,內湖,大湖段一小段,0126-0001,臺北市,63000
931052,東湖地區聯外山區線道路新築工程,9322471200,內湖,大湖段一小段,0132-0001,臺北市,63000
931052,東湖地區聯外山區線道路新築工程,9322471200,內湖,大湖段一小段,0133-0001,臺北市,63000
931053,國際關係研究中心研究大樓工程,9321772900,文山,政大段三小段,0018-0000,臺北市,63000
931053,國際關係研究中心研究大樓工程,9321772900,文山,政大段三小段,0020-0000,臺北市,63000
931053,國際關係研究中心研究大樓工程,9321772900,文山,政大段三小段,0022-0000,臺北市,63000
931053,國際關係研究中心研究大樓工程,9321772900,文山,政大段三小段,0022-0001,臺北市,63000
931053,國際關係研究中心研究大樓工程,9321772900,文山,政大段三小段,0024-0000,臺北市,63000
931053,國際關係研究中心研究大樓工程,9321772900,文山,政大段三小段,0025-0000,臺北市,63000
931053,國際關係研究中心研究大樓工程,9321772900,文山,政大段三小段,0486-0000,臺北市,63000
931053,國際關係研究中心研究大樓工程,9321772900,文山,政大段三小段,0488-0000,臺北市,63000
931053,國際關係研究中心研究大樓工程,9321772900,文山,政大段三小段,0492-0000,臺北市,63000
931054,臺北都會區大眾捷運系統信義線安和路站(出入口)工程,9321801100,大安,仁愛段三小段,0686-0002,臺北市,63000
931054,臺北都會區大眾捷運系統信義線安和路站(出入口)工程,9321801100,大安,仁愛段三小段,0686-0003,臺北市,63000
931055,士林延平北路五段八三巷二八弄道路第一期拓寬工程(一併),9321801000,士林,海光段三小段,0480-0000,臺北市,63000
931056,東湖地區聯外山區線道路新築工程(穿越保護區)徵收地上權,9322434700,內湖,大湖段一小段,0094-0003,臺北市,63000
931056,東湖地區聯外山區線道路新築工程(穿越保護區)徵收地上權,9322434700,內湖,大湖段四小段,0075-0002,臺北市,63000
931056,東湖地區聯外山區線道路新築工程(穿越保護區)徵收地上權,9322434700,內湖,大湖段四小段,0100-0002,臺北市,63000
931056,東湖地區聯外山區線道路新築工程(穿越保護區)徵收地上權,9322434700,內湖,大湖段四小段,0132-0003,臺北市,63000
931056,東湖地區聯外山區線道路新築工程(穿越保護區)徵收地上權,9322434700,內湖,大湖段四小段,0133-0002,臺北市,63000
931056,東湖地區聯外山區線道路新築工程(穿越保護區)徵收地上權,9322434700,內湖,大湖段四小段,0134-0002,臺北市,63000
931056,東湖地區聯外山區線道路新築工程(穿越保護區)徵收地上權,9322434700,內湖,大湖段四小段,0135-0002,臺北市,63000
931056,東湖地區聯外山區線道路新築工程(穿越保護區)徵收地上權,9322434700,內湖,大湖段四小段,0139-0004,臺北市,63000
931056,東湖地區聯外山區線道路新築工程(穿越保護區)徵收地上權,9322434700,內湖,大湖段四小段,0139-0005,臺北市,63000
931056,東湖地區聯外山區線道路新築工程(穿越保護區)徵收地上權,9322434700,內湖,大湖段四小段,0143-0002,臺北市,63000
931056,東湖地區聯外山區線道路新築工程(穿越保護區)徵收地上權,9322434700,內湖,大湖段四小段,0145-0004,臺北市,63000
931056,東湖地區聯外山區線道路新築工程(穿越保護區)徵收地上權,9322434700,內湖,東湖段五小段,0089-0002,臺北市,63000
931056,東湖地區聯外山區線道路新築工程(穿越保護區)徵收地上權,9322434700,內湖,東湖段五小段,0128-0001,臺北市,63000
931056,東湖地區聯外山區線道路新築工程(穿越保護區)徵收地上權,9322434700,內湖,東湖段五小段,0010-0004,臺北市,63000
931057,北二高台北聯絡線信義支線穿越（保護區）用地徵收地上權,9323029900,南港,麗山段四小段,0323-0001,臺北市,63000
931057,北二高台北聯絡線信義支線穿越（保護區）用地徵收地上權,9323029900,南港,麗山段四小段,0325-0001,臺北市,63000
931057,北二高台北聯絡線信義支線穿越（保護區）用地徵收地上權,9323029900,南港,麗山段四小段,0328-0001,臺北市,63000
931057,北二高台北聯絡線信義支線穿越（保護區）用地徵收地上權,9323029900,南港,麗山段四小段,0329-0001,臺北市,63000
931057,北二高台北聯絡線信義支線穿越（保護區）用地徵收地上權,9323029900,南港,麗山段四小段,0332-0001,臺北市,63000
931057,北二高台北聯絡線信義支線穿越（保護區）用地徵收地上權,9323029900,南港,麗山段四小段,0326-0001,臺北市,63000
931057,北二高台北聯絡線信義支線穿越（保護區）用地徵收地上權,9323029900,南港,麗山段四小段,0327-0000,臺北市,63000
931057,北二高台北聯絡線信義支線穿越（保護區）用地徵收地上權,9323029900,南港,麗山段四小段,0333-0000,臺北市,63000
931057,北二高台北聯絡線信義支線穿越（保護區）用地徵收地上權,9323029900,南港,麗山段四小段,0352-0002,臺北市,63000
931057,北二高台北聯絡線信義支線穿越（保護區）用地徵收地上權,9323029900,南港,麗山段四小段,0355-0001,臺北市,63000
931057,北二高台北聯絡線信義支線穿越（保護區）用地徵收地上權,9323029900,南港,麗山段四小段,0356-0000,臺北市,63000
931057,北二高台北聯絡線信義支線穿越（保護區）用地徵收地上權,9323029900,南港,麗山段四小段,0357-0002,臺北市,63000
931057,北二高台北聯絡線信義支線穿越（保護區）用地徵收地上權,9323029900,南港,麗山段四小段,0358-0005,臺北市,63000
931057,北二高台北聯絡線信義支線穿越（保護區）用地徵收地上權,9323029900,南港,麗山段四小段,0358-0007,臺北市,63000
931057,北二高台北聯絡線信義支線穿越（保護區）用地徵收地上權,9323029900,南港,麗山段四小段,0358-0008,臺北市,63000
931057,北二高台北聯絡線信義支線穿越（保護區）用地徵收地上權,9323029900,南港,麗山段四小段,0358-0009,臺北市,63000
931057,北二高台北聯絡線信義支線穿越（保護區）用地徵收地上權,9323029900,南港,麗山段四小段,0359-0001,臺北市,63000
931057,北二高台北聯絡線信義支線穿越（保護區）用地徵收地上權,9323029900,南港,麗山段四小段,0375-0001,臺北市,63000
931057,北二高台北聯絡線信義支線穿越（保護區）用地徵收地上權,9323029900,南港,麗山段四小段,0378-0001,臺北市,63000
931057,北二高台北聯絡線信義支線穿越（保護區）用地徵收地上權,9323029900,南港,麗山段四小段,0379-0001,臺北市,63000
931057,北二高台北聯絡線信義支線穿越（保護區）用地徵收地上權,9323029900,南港,麗山段四小段,0380-0000,臺北市,63000
931057,北二高台北聯絡線信義支線穿越（保護區）用地徵收地上權,9323029900,南港,麗山段四小段,0381-0000,臺北市,63000
931057,北二高台北聯絡線信義支線穿越（保護區）用地徵收地上權,9323029900,南港,麗山段四小段,0382-0001,臺北市,63000
931057,北二高台北聯絡線信義支線穿越（保護區）用地徵收地上權,9323029900,南港,麗山段四小段,0383-0001,臺北市,63000
931057,北二高台北聯絡線信義支線穿越（保護區）用地徵收地上權,9323029900,南港,麗山段四小段,0384-0002,臺北市,63000
931057,北二高台北聯絡線信義支線穿越（保護區）用地徵收地上權,9323029900,南港,麗山段四小段,0385-0000,臺北市,63000
931057,北二高台北聯絡線信義支線穿越（保護區）用地徵收地上權,9323029900,南港,麗山段四小段,0386-0001,臺北市,63000
931057,北二高台北聯絡線信義支線穿越（保護區）用地徵收地上權,9323029900,南港,麗山段四小段,0388-0001,臺北市,63000
931057,北二高台北聯絡線信義支線穿越（保護區）用地徵收地上權,9323029900,南港,麗山段四小段,0410-0001,臺北市,63000
931057,北二高台北聯絡線信義支線穿越（保護區）用地徵收地上權,9323029900,南港,麗山段四小段,0411-0001,臺北市,63000
931057,北二高台北聯絡線信義支線穿越（保護區）用地徵收地上權,9323029900,南港,麗山段四小段,0413-0000,臺北市,63000
931057,北二高台北聯絡線信義支線穿越（保護區）用地徵收地上權,9323029900,南港,麗山段四小段,0417-0001,臺北市,63000
931057,北二高台北聯絡線信義支線穿越（保護區）用地徵收地上權,9323029900,信義,祥和段四小段,0035-0000,臺北市,63000
931057,北二高台北聯絡線信義支線穿越（保護區）用地徵收地上權,9323029900,信義,祥和段四小段,0035-0001,臺北市,63000
931057,北二高台北聯絡線信義支線穿越（保護區）用地徵收地上權,9323029900,信義,祥和段四小段,0038-0000,臺北市,63000
931057,北二高台北聯絡線信義支線穿越（保護區）用地徵收地上權,9323029900,信義,祥和段四小段,0040-0001,臺北市,63000
931057,北二高台北聯絡線信義支線穿越（保護區）用地徵收地上權,9323029900,信義,祥和段四小段,0041-0001,臺北市,63000
931057,北二高台北聯絡線信義支線穿越（保護區）用地徵收地上權,9323029900,信義,祥和段四小段,0051-0005,臺北市,63000
931057,北二高台北聯絡線信義支線穿越（保護區）用地徵收地上權,9323029900,信義,祥和段四小段,0097-0000,臺北市,63000
931057,北二高台北聯絡線信義支線穿越（保護區）用地徵收地上權,9323029900,信義,祥和段四小段,0472-0001,臺北市,63000
931057,北二高台北聯絡線信義支線穿越（保護區）用地徵收地上權,9323029900,信義,祥和段四小段,0473-0001,臺北市,63000
931057,北二高台北聯絡線信義支線穿越（保護區）用地徵收地上權,9323029900,信義,祥和段四小段,0482-0001,臺北市,63000
931057,北二高台北聯絡線信義支線穿越（保護區）用地徵收地上權,9323029900,信義,祥和段四小段,0486-0001,臺北市,63000
931057,北二高台北聯絡線信義支線穿越（保護區）用地徵收地上權,9323029900,信義,祥和段四小段,0490-0001,臺北市,63000
931057,北二高台北聯絡線信義支線穿越（保護區）用地徵收地上權,9323029900,信義,祥和段四小段,0491-0001,臺北市,63000
931057,北二高台北聯絡線信義支線穿越（保護區）用地徵收地上權,9323029900,南港,麗山段五小段,0330-0001,臺北市,63000
931057,北二高台北聯絡線信義支線穿越（保護區）用地徵收地上權,9323029900,南港,麗山段五小段,0331-0001,臺北市,63000
931057,北二高台北聯絡線信義支線穿越（保護區）用地徵收地上權,9323029900,南港,麗山段五小段,0336-0001,臺北市,63000
931057,北二高台北聯絡線信義支線穿越（保護區）用地徵收地上權,9323029900,南港,麗山段五小段,0338-0002,臺北市,63000
931057,北二高台北聯絡線信義支線穿越（保護區）用地徵收地上權,9323029900,南港,麗山段五小段,0338-0003,臺北市,63000
931057,北二高台北聯絡線信義支線穿越（保護區）用地徵收地上權,9323029900,信義,永春段三小段,0596-0003,臺北市,63000
931057,北二高台北聯絡線信義支線穿越（保護區）用地徵收地上權,9323029900,信義,永春段三小段,0597-0001,臺北市,63000
931057,北二高台北聯絡線信義支線穿越（保護區）用地徵收地上權,9323029900,信義,祥和段一小段,0007-0001,臺北市,63000
931057,北二高台北聯絡線信義支線穿越（保護區）用地徵收地上權,9323029900,信義,祥和段一小段,0007-0004,臺北市,63000
931057,北二高台北聯絡線信義支線穿越（保護區）用地徵收地上權,9323029900,信義,祥和段一小段,0008-0003,臺北市,63000
931057,北二高台北聯絡線信義支線穿越（保護區）用地徵收地上權,9323029900,信義,祥和段一小段,0009-0001,臺北市,63000
931057,北二高台北聯絡線信義支線穿越（保護區）用地徵收地上權,9323029900,信義,祥和段一小段,0010-0001,臺北市,63000
931057,北二高台北聯絡線信義支線穿越（保護區）用地徵收地上權,9323029900,信義,祥和段一小段,0011-0001,臺北市,63000
931057,北二高台北聯絡線信義支線穿越（保護區）用地徵收地上權,9323029900,信義,祥和段一小段,0012-0001,臺北市,63000
931057,北二高台北聯絡線信義支線穿越（保護區）用地徵收地上權,9323029900,信義,祥和段一小段,0021-0001,臺北市,63000
931057,北二高台北聯絡線信義支線穿越（保護區）用地徵收地上權,9323029900,南港,麗山段四小段,0377-0002,臺北市,63000
931058,士林延平北路五段八三巷二八弄道路第一期拓寬工程(一併二),9322102900,士林,海光段二小段,0645-0000,臺北市,63000
931058,士林延平北路五段八三巷二八弄道路第一期拓寬工程(一併二),9322102900,士林,海光段二小段,0645-0001,臺北市,63000
931059,臺北都會區大眾捷運系統內湖線(機場用地變更為交通用地三)工程,9322725200,松山,濱江段四小段,0298-0009,臺北市,63000
931059,臺北都會區大眾捷運系統內湖線(機場用地變更為交通用地三)工程,9322725200,松山,濱江段四小段,0298-0010,臺北市,63000
931059,臺北都會區大眾捷運系統內湖線(機場用地變更為交通用地三)工程,9322725200,松山,濱江段四小段,0299-0003,臺北市,63000
931059,臺北都會區大眾捷運系統內湖線(機場用地變更為交通用地三)工程,9322725200,松山,濱江段四小段,0332-0003,臺北市,63000
931059,臺北都會區大眾捷運系統內湖線(機場用地變更為交通用地三)工程,9322725200,松山,濱江段四小段,0334-0000,臺北市,63000
931060,配合台北市松山撫遠街機場東側道路新築工程暨改善飛安需求工程(一),9322472000,松山,濱江段一小段,0240-0000,臺北市,63000
931060,配合台北市松山撫遠街機場東側道路新築工程暨改善飛安需求工程(一),9322472000,松山,濱江段一小段,0254-0000,臺北市,63000
931060,配合台北市松山撫遠街機場東側道路新築工程暨改善飛安需求工程(一),9322472000,松山,濱江段一小段,0255-0000,臺北市,63000
931060,配合台北市松山撫遠街機場東側道路新築工程暨改善飛安需求工程(一),9322472000,松山,濱江段一小段,0286-0000,臺北市,63000
931060,配合台北市松山撫遠街機場東側道路新築工程暨改善飛安需求工程(一),9322472000,松山,濱江段一小段,0289-0000,臺北市,63000
931060,配合台北市松山撫遠街機場東側道路新築工程暨改善飛安需求工程(一),9322472000,松山,濱江段一小段,0290-0000,臺北市,63000
931060,配合台北市松山撫遠街機場東側道路新築工程暨改善飛安需求工程(一),9322472000,松山,濱江段一小段,0292-0000,臺北市,63000
931060,配合台北市松山撫遠街機場東側道路新築工程暨改善飛安需求工程(一),9322472000,松山,濱江段一小段,0293-0000,臺北市,63000
931060,配合台北市松山撫遠街機場東側道路新築工程暨改善飛安需求工程(一),9322472000,松山,濱江段一小段,0295-0000,臺北市,63000
931060,配合台北市松山撫遠街機場東側道路新築工程暨改善飛安需求工程(一),9322472000,松山,濱江段一小段,0300-0000,臺北市,63000
931060,配合台北市松山撫遠街機場東側道路新築工程暨改善飛安需求工程(一),9322472000,松山,濱江段一小段,0303-0000,臺北市,63000
931060,配合台北市松山撫遠街機場東側道路新築工程暨改善飛安需求工程(一),9322472000,松山,濱江段一小段,0305-0000,臺北市,63000
931061,配合台北市松山撫遠街機場東側道路新築工程暨改善飛安需求工程(二),9322471900,松山,濱江段一小段,0289-0000,臺北市,63000
931061,配合台北市松山撫遠街機場東側道路新築工程暨改善飛安需求工程(二),9322471900,松山,濱江段一小段,0304-0000,臺北市,63000
931062,臺北都會區大眾捷運系統信義線聯合開發區(捷)工程,9322473200,大安,仁愛段三小段,0650-0000,臺北市,63000
931062,臺北都會區大眾捷運系統信義線聯合開發區(捷)工程,9322473200,大安,仁愛段三小段,0672-0000,臺北市,63000
931062,臺北都會區大眾捷運系統信義線聯合開發區(捷)工程,9322473200,大安,仁愛段三小段,0677-0000,臺北市,63000
931063,臺北都會區大眾捷運系統南港線東延段經貿南站工程（地上權）,9322473100,南港,南港段二小段,0005-0001,臺北市,63000
931064,臺北都會區大眾捷運系統南港線東延段經貿南站工程,9322706600,南港,南港段二小段,0005-0003,臺北市,63000
931065,臺北都會區大眾捷運系統內湖線高架段工程穿越(內湖路一段)(地上權),9322726100,內湖,西湖段一小段,1069-0005,臺北市,63000
931065,臺北都會區大眾捷運系統內湖線高架段工程穿越(內湖路一段)(地上權),9322726100,內湖,西湖段一小段,0277-0002,臺北市,63000
931065,臺北都會區大眾捷運系統內湖線高架段工程穿越(內湖路一段)(地上權),9322726100,內湖,西湖段四小段,0277-0004,臺北市,63000
931066,臺北都會區大眾捷運系統內湖線高架段工程穿越(內湖路一段),9404559000,內湖,西湖段一小段,1069-0006,臺北市,63000
931066,臺北都會區大眾捷運系統內湖線高架段工程穿越(內湖路一段),9404559000,內湖,西湖段一小段,1069-0007,臺北市,63000
931066,臺北都會區大眾捷運系統內湖線高架段工程穿越(內湖路一段),9404559000,內湖,西湖段一小段,1069-0008,臺北市,63000
931066,臺北都會區大眾捷運系統內湖線高架段工程穿越(內湖路一段),9404559000,內湖,西湖段一小段,1069-0009,臺北市,63000
931066,臺北都會區大眾捷運系統內湖線高架段工程穿越(內湖路一段),9404559000,內湖,西湖段一小段,1069-0010,臺北市,63000
931066,臺北都會區大眾捷運系統內湖線高架段工程穿越(內湖路一段),9404559000,內湖,西湖段一小段,1069-0011,臺北市,63000
931066,臺北都會區大眾捷運系統內湖線高架段工程穿越(內湖路一段),9404559000,內湖,西湖段一小段,1069-0012,臺北市,63000
931066,臺北都會區大眾捷運系統內湖線高架段工程穿越(內湖路一段),9404559000,內湖,西湖段一小段,1069-0013,臺北市,63000
931066,臺北都會區大眾捷運系統內湖線高架段工程穿越(內湖路一段),9404559000,內湖,西湖段一小段,1069-0014,臺北市,63000
931066,臺北都會區大眾捷運系統內湖線高架段工程穿越(內湖路一段),9404559000,內湖,西湖段一小段,1069-0015,臺北市,63000
931066,臺北都會區大眾捷運系統內湖線高架段工程穿越(內湖路一段),9404559000,內湖,西湖段一小段,1069-0016,臺北市,63000
931066,臺北都會區大眾捷運系統內湖線高架段工程穿越(內湖路一段),9404559000,內湖,西湖段一小段,1069-0017,臺北市,63000
931066,臺北都會區大眾捷運系統內湖線高架段工程穿越(內湖路一段),9404559000,內湖,西湖段一小段,1069-0018,臺北市,63000
931066,臺北都會區大眾捷運系統內湖線高架段工程穿越(內湖路一段),9404559000,內湖,西湖段一小段,1069-0019,臺北市,63000
931066,臺北都會區大眾捷運系統內湖線高架段工程穿越(內湖路一段),9404559000,內湖,西湖段二小段,0278-0002,臺北市,63000
931067,內溝溪中游段河整治工程(第一標，第二標)(台北市轄),9326042100,內湖,東湖段四小段,0002-0002,臺北市,63000
931067,內溝溪中游段河整治工程(第一標，第二標)(台北市轄),9326042100,內湖,東湖段四小段,0008-0006,臺北市,63000
931067,內溝溪中游段河整治工程(第一標，第二標)(台北市轄),9326042100,內湖,大湖段四小段,0025-0001,臺北市,63000
931067,內溝溪中游段河整治工程(第一標，第二標)(台北市轄),9326042100,內湖,大湖段四小段,0026-0001,臺北市,63000
931067,內溝溪中游段河整治工程(第一標，第二標)(台北市轄),9326042100,內湖,大湖段四小段,0061-0001,臺北市,63000
931067,內溝溪中游段河整治工程(第一標，第二標)(台北市轄),9326042100,內湖,大湖段四小段,0063-0001,臺北市,63000
931067,內溝溪中游段河整治工程(第一標，第二標)(台北市轄),9326042100,內湖,大湖段四小段,0064-0001,臺北市,63000
931067,內溝溪中游段河整治工程(第一標，第二標)(台北市轄),9326042100,內湖,大湖段四小段,0065-0001,臺北市,63000
931067,內溝溪中游段河整治工程(第一標，第二標)(台北市轄),9326042100,內湖,大湖段四小段,0085-0001,臺北市,63000
931067,內溝溪中游段河整治工程(第一標，第二標)(台北市轄),9326042100,內湖,大湖段四小段,0086-0000,臺北市,63000
931067,內溝溪中游段河整治工程(第一標，第二標)(台北市轄),9326042100,內湖,大湖段四小段,0087-0001,臺北市,63000
931067,內溝溪中游段河整治工程(第一標，第二標)(台北市轄),9326042100,內湖,大湖段四小段,0089-0001,臺北市,63000
931067,內溝溪中游段河整治工程(第一標，第二標)(台北市轄),9326042100,內湖,大湖段四小段,0106-0001,臺北市,63000
931067,內溝溪中游段河整治工程(第一標，第二標)(台北市轄),9326042100,內湖,大湖段四小段,0107-0002,臺北市,63000
931067,內溝溪中游段河整治工程(第一標，第二標)(台北市轄),9326042100,內湖,大湖段四小段,0108-0001,臺北市,63000
931067,內溝溪中游段河整治工程(第一標，第二標)(台北市轄),9326042100,內湖,大湖段四小段,0109-0001,臺北市,63000
931067,內溝溪中游段河整治工程(第一標，第二標)(台北市轄),9326042100,內湖,大湖段四小段,0110-0002,臺北市,63000
931067,內溝溪中游段河整治工程(第一標，第二標)(台北市轄),9326042100,內湖,大湖段四小段,0111-0002,臺北市,63000
931067,內溝溪中游段河整治工程(第一標，第二標)(台北市轄),9326042100,內湖,大湖段四小段,0113-0004,臺北市,63000
931067,內溝溪中游段河整治工程(第一標，第二標)(台北市轄),9326042100,內湖,大湖段四小段,0113-0005,臺北市,63000
931067,內溝溪中游段河整治工程(第一標，第二標)(台北市轄),9326042100,內湖,東湖段五小段,0006-0001,臺北市,63000
931067,內溝溪中游段河整治工程(第一標，第二標)(台北市轄),9326042100,內湖,東湖段五小段,0008-0001,臺北市,63000
931067,內溝溪中游段河整治工程(第一標，第二標)(台北市轄),9326042100,內湖,東湖段五小段,0009-0000,臺北市,63000
931067,內溝溪中游段河整治工程(第一標，第二標)(台北市轄),9326042100,內湖,東湖段五小段,0010-0000,臺北市,63000
931067,內溝溪中游段河整治工程(第一標，第二標)(台北市轄),9326042100,內湖,東湖段七小段,0001-0002,臺北市,63000
931067,內溝溪中游段河整治工程(第一標，第二標)(台北市轄),9326042100,內湖,東湖段七小段,0002-0000,臺北市,63000
931067,內溝溪中游段河整治工程(第一標，第二標)(台北市轄),9326042100,內湖,東湖段七小段,0003-0000,臺北市,63000
931067,內溝溪中游段河整治工程(第一標，第二標)(台北市轄),9326042100,內湖,東湖段七小段,0004-0000,臺北市,63000
931067,內溝溪中游段河整治工程(第一標，第二標)(台北市轄),9326042100,內湖,東湖段七小段,0005-0000,臺北市,63000
931067,內溝溪中游段河整治工程(第一標，第二標)(台北市轄),9326042100,內湖,東湖段七小段,0005-0003,臺北市,63000
931067,內溝溪中游段河整治工程(第一標，第二標)(台北市轄),9326042100,內湖,東湖段七小段,0006-0000,臺北市,63000
931067,內溝溪中游段河整治工程(第一標，第二標)(台北市轄),9326042100,內湖,東湖段七小段,0007-0000,臺北市,63000
941001,磺港溪壓力箱涵分洪工程(大興街至大業路五一六巷),9412206100,北投,豐年段一小段,0151-0001,臺北市,63000
941001,磺港溪壓力箱涵分洪工程(大興街至大業路五一六巷),9412206100,北投,豐年段一小段,0184-0001,臺北市,63000
941001,磺港溪壓力箱涵分洪工程(大興街至大業路五一六巷),9412206100,北投,豐年段一小段,0185-0001,臺北市,63000
941001,磺港溪壓力箱涵分洪工程(大興街至大業路五一六巷),9412206100,北投,豐年段一小段,0186-0001,臺北市,63000
941001,磺港溪壓力箱涵分洪工程(大興街至大業路五一六巷),9412206100,北投,豐年段一小段,0187-0001,臺北市,63000
941001,磺港溪壓力箱涵分洪工程(大興街至大業路五一六巷),9412206100,北投,豐年段一小段,0188-0001,臺北市,63000
941003,景美溪(恆光橋上游至指南溪出口段)河道整治工程,9412249000,文山,木柵段二小段,0841-0000,臺北市,63000
941003,景美溪(恆光橋上游至指南溪出口段)河道整治工程,9412249000,文山,木柵段二小段,0842-0000,臺北市,63000
941003,景美溪(恆光橋上游至指南溪出口段)河道整治工程,9412249000,文山,木柵段二小段,0851-0000,臺北市,63000
941003,景美溪(恆光橋上游至指南溪出口段)河道整治工程,9412249000,文山,木柵段二小段,0852-0000,臺北市,63000
941003,景美溪(恆光橋上游至指南溪出口段)河道整治工程,9412249000,文山,木柵段二小段,0853-0000,臺北市,63000
941003,景美溪(恆光橋上游至指南溪出口段)河道整治工程,9412249000,文山,木柵段二小段,0854-0000,臺北市,63000
941003,景美溪(恆光橋上游至指南溪出口段)河道整治工程,9412249000,文山,木柵段二小段,0855-0000,臺北市,63000
941003,景美溪(恆光橋上游至指南溪出口段)河道整治工程,9412249000,文山,木柵段二小段,0856-0000,臺北市,63000
941003,景美溪(恆光橋上游至指南溪出口段)河道整治工程,9412249000,文山,木柵段二小段,0857-0000,臺北市,63000
941003,景美溪(恆光橋上游至指南溪出口段)河道整治工程,9412249000,文山,木柵段二小段,0858-0000,臺北市,63000
941003,景美溪(恆光橋上游至指南溪出口段)河道整治工程,9412249000,文山,木柵段二小段,0859-0000,臺北市,63000
941003,景美溪(恆光橋上游至指南溪出口段)河道整治工程,9412249000,文山,木柵段二小段,0860-0000,臺北市,63000
941003,景美溪(恆光橋上游至指南溪出口段)河道整治工程,9412249000,文山,木柵段二小段,0861-0000,臺北市,63000
941003,景美溪(恆光橋上游至指南溪出口段)河道整治工程,9412249000,文山,木柵段二小段,0862-0000,臺北市,63000
941003,景美溪(恆光橋上游至指南溪出口段)河道整治工程,9412249000,文山,木柵段二小段,0863-0000,臺北市,63000
941003,景美溪(恆光橋上游至指南溪出口段)河道整治工程,9412249000,文山,木柵段二小段,0866-0000,臺北市,63000
941003,景美溪(恆光橋上游至指南溪出口段)河道整治工程,9412249000,文山,木柵段二小段,0867-0000,臺北市,63000
941003,景美溪(恆光橋上游至指南溪出口段)河道整治工程,9412249000,文山,老泉段一小段,0188-0000,臺北市,63000
941003,景美溪(恆光橋上游至指南溪出口段)河道整治工程,9412249000,文山,老泉段一小段,0190-0000,臺北市,63000
941003,景美溪(恆光橋上游至指南溪出口段)河道整治工程,9412249000,文山,老泉段一小段,0190-0001,臺北市,63000
941003,景美溪(恆光橋上游至指南溪出口段)河道整治工程,9412249000,文山,老泉段一小段,0191-0000,臺北市,63000
941003,景美溪(恆光橋上游至指南溪出口段)河道整治工程,9412249000,文山,政大段五小段,0242-0000,臺北市,63000
941003,景美溪(恆光橋上游至指南溪出口段)河道整治工程,9412249000,文山,政大段五小段,0245-0000,臺北市,63000
941003,景美溪(恆光橋上游至指南溪出口段)河道整治工程,9412249000,文山,政大段五小段,0247-0000,臺北市,63000
941003,景美溪(恆光橋上游至指南溪出口段)河道整治工程,9412249000,文山,政大段五小段,0312-0000,臺北市,63000
941003,景美溪(恆光橋上游至指南溪出口段)河道整治工程,9412249000,文山,政大段五小段,0316-0000,臺北市,63000
941003,景美溪(恆光橋上游至指南溪出口段)河道整治工程,9412249000,文山,政大段五小段,0331-0000,臺北市,63000
941003,景美溪(恆光橋上游至指南溪出口段)河道整治工程,9412249000,文山,政大段五小段,0331-0002,臺北市,63000
941004,內湖六十四號清白公園擴建工程,9412248900,內湖,康寧段三小段,0304-0010,臺北市,63000
941004,內湖六十四號清白公園擴建工程,9412248900,內湖,康寧段三小段,0357-0002,臺北市,63000
941004,內湖六十四號清白公園擴建工程,9412248900,內湖,康寧段三小段,0358-0000,臺北市,63000
941004,內湖六十四號清白公園擴建工程,9412248900,內湖,康寧段三小段,0360-0000,臺北市,63000
941005,南港四十八號公園新建工程,9412248800,南港,新光段二小段,0406-0000,臺北市,63000
941005,南港四十八號公園新建工程,9412248800,南港,新光段二小段,0407-0000,臺北市,63000
941005,南港四十八號公園新建工程,9412248800,南港,新光段二小段,0408-0000,臺北市,63000
941006,士林國中綜合教學大樓工程及配合校園整體規劃需要,9422877800,士林,光華段二小段,0206-0002,臺北市,63000
941006,士林國中綜合教學大樓工程及配合校園整體規劃需要,9422877800,士林,光華段二小段,0206-0003,臺北市,63000
941006,士林國中綜合教學大樓工程及配合校園整體規劃需要,9422877800,士林,光華段二小段,0211-0001,臺北市,63000
941007,北投區秀山國小聯外道路排水工程,9412834700,北投,開明段三小段,0110-0000,臺北市,63000
941007,北投區秀山國小聯外道路排水工程,9412834700,北投,開明段三小段,0111-0000,臺北市,63000
941008,內湖區中山高速公路北側康寧路3段245巷以東部分道路工程,9404588200,內湖,東湖段七小段,0198-0000,臺北市,63000
941008,內湖區中山高速公路北側康寧路3段245巷以東部分道路工程,9404588200,內湖,東湖段七小段,0201-0000,臺北市,63000
941009,內湖康樂抽水站旁跨內溝溪橋樑新建及周邊道路改善工程,9412834800,內湖,東湖段七小段,0037-0003,臺北市,63000
941009,內湖康樂抽水站旁跨內溝溪橋樑新建及周邊道路改善工程,9412834800,內湖,東湖段七小段,0038-0002,臺北市,63000
941009,內湖康樂抽水站旁跨內溝溪橋樑新建及周邊道路改善工程,9412834800,內湖,東湖段七小段,0039-0000,臺北市,63000
941009,內湖康樂抽水站旁跨內溝溪橋樑新建及周邊道路改善工程,9412834800,內湖,東湖段七小段,0040-0000,臺北市,63000
941009,內湖康樂抽水站旁跨內溝溪橋樑新建及周邊道路改善工程,9412834800,內湖,東湖段七小段,0041-0003,臺北市,63000
941009,內湖康樂抽水站旁跨內溝溪橋樑新建及周邊道路改善工程,9412834800,內湖,東湖段七小段,0048-0003,臺北市,63000
941011,內湖大湖山莊街底調洪沈砂池新建工程,9413364300,內湖,大湖段二小段,0054-0001,臺北市,63000
941011,內湖大湖山莊街底調洪沈砂池新建工程,9413364300,內湖,康寧段二小段,0001-0000,臺北市,63000
941011,內湖大湖山莊街底調洪沈砂池新建工程,9413364300,內湖,康寧段二小段,0001-0001,臺北市,63000
941011,內湖大湖山莊街底調洪沈砂池新建工程,9413364300,內湖,康寧段二小段,0002-0000,臺北市,63000
941011,內湖大湖山莊街底調洪沈砂池新建工程,9413364300,內湖,康寧段二小段,0002-0001,臺北市,63000
941011,內湖大湖山莊街底調洪沈砂池新建工程,9413364300,內湖,康寧段二小段,0003-0000,臺北市,63000
941011,內湖大湖山莊街底調洪沈砂池新建工程,9413364300,內湖,康寧段二小段,0003-0001,臺北市,63000
941011,內湖大湖山莊街底調洪沈砂池新建工程,9413364300,內湖,康寧段二小段,0003-0003,臺北市,63000
941011,內湖大湖山莊街底調洪沈砂池新建工程,9413364300,內湖,康寧段二小段,0031-0004,臺北市,63000
941011,內湖大湖山莊街底調洪沈砂池新建工程,9413364300,內湖,康寧段二小段,0031-0005,臺北市,63000
941011,內湖大湖山莊街底調洪沈砂池新建工程,9413364300,內湖,康寧段二小段,0032-0001,臺北市,63000
941011,內湖大湖山莊街底調洪沈砂池新建工程,9413364300,內湖,康寧段二小段,0032-0002,臺北市,63000
941011,內湖大湖山莊街底調洪沈砂池新建工程,9413364300,內湖,康寧段二小段,0032-0003,臺北市,63000
941011,內湖大湖山莊街底調洪沈砂池新建工程,9413364300,內湖,康寧段二小段,0034-0000,臺北市,63000
941011,內湖大湖山莊街底調洪沈砂池新建工程,9413364300,內湖,康寧段二小段,0035-0000,臺北市,63000
941011,內湖大湖山莊街底調洪沈砂池新建工程,9413364300,內湖,康寧段二小段,0036-0001,臺北市,63000
941011,內湖大湖山莊街底調洪沈砂池新建工程,9413364300,內湖,康寧段二小段,0036-0002,臺北市,63000
941011,內湖大湖山莊街底調洪沈砂池新建工程,9413364300,內湖,康寧段二小段,0036-0003,臺北市,63000
941011,內湖大湖山莊街底調洪沈砂池新建工程,9413364300,內湖,康寧段二小段,0036-0004,臺北市,63000
941011,內湖大湖山莊街底調洪沈砂池新建工程,9413364300,內湖,康寧段二小段,0036-0005,臺北市,63000
941011,內湖大湖山莊街底調洪沈砂池新建工程,9413364300,內湖,康寧段二小段,0036-0006,臺北市,63000
941011,內湖大湖山莊街底調洪沈砂池新建工程,9413364300,內湖,康寧段二小段,0037-0001,臺北市,63000
941011,內湖大湖山莊街底調洪沈砂池新建工程,9413364300,內湖,康寧段二小段,0037-0003,臺北市,63000
941011,內湖大湖山莊街底調洪沈砂池新建工程,9413364300,內湖,康寧段二小段,0040-0000,臺北市,63000
941011,內湖大湖山莊街底調洪沈砂池新建工程,9413364300,內湖,康寧段二小段,0040-0002,臺北市,63000
941011,內湖大湖山莊街底調洪沈砂池新建工程,9413364300,內湖,康寧段二小段,0041-0001,臺北市,63000
941011,內湖大湖山莊街底調洪沈砂池新建工程,9413364300,內湖,康寧段二小段,0041-0002,臺北市,63000
941011,內湖大湖山莊街底調洪沈砂池新建工程,9413364300,內湖,康寧段二小段,0042-0003,臺北市,63000
941011,內湖大湖山莊街底調洪沈砂池新建工程,9413364300,內湖,康寧段二小段,0042-0004,臺北市,63000
941011,內湖大湖山莊街底調洪沈砂池新建工程,9413364300,內湖,康寧段二小段,0042-0005,臺北市,63000
941011,內湖大湖山莊街底調洪沈砂池新建工程,9413364300,內湖,康寧段二小段,0044-0001,臺北市,63000
941011,內湖大湖山莊街底調洪沈砂池新建工程,9413364300,內湖,康寧段二小段,0103-0001,臺北市,63000
941011,內湖大湖山莊街底調洪沈砂池新建工程,9413364300,內湖,康寧段二小段,0104-0001,臺北市,63000
941011,內湖大湖山莊街底調洪沈砂池新建工程,9413364300,內湖,康寧段二小段,0107-0001,臺北市,63000
941011,內湖大湖山莊街底調洪沈砂池新建工程,9413364300,內湖,康寧段二小段,0108-0000,臺北市,63000
941011,內湖大湖山莊街底調洪沈砂池新建工程,9413364300,內湖,康寧段二小段,0109-0001,臺北市,63000
941011,內湖大湖山莊街底調洪沈砂池新建工程,9413364300,內湖,碧山段一小段,0452-0000,臺北市,63000
941011,內湖大湖山莊街底調洪沈砂池新建工程,9413364300,內湖,碧山段一小段,0454-0000,臺北市,63000
941011,內湖大湖山莊街底調洪沈砂池新建工程,9413364300,內湖,碧山段一小段,0461-0001,臺北市,63000
941011,內湖大湖山莊街底調洪沈砂池新建工程,9413364300,內湖,碧山段一小段,0462-0000,臺北市,63000
941011,內湖大湖山莊街底調洪沈砂池新建工程,9413364300,內湖,碧山段一小段,0462-0001,臺北市,63000
941011,內湖大湖山莊街底調洪沈砂池新建工程,9413364300,內湖,碧山段一小段,0463-0001,臺北市,63000
941011,內湖大湖山莊街底調洪沈砂池新建工程,9413364300,內湖,碧山段一小段,0464-0002,臺北市,63000
941011,內湖大湖山莊街底調洪沈砂池新建工程,9413364300,內湖,碧山段一小段,0464-0003,臺北市,63000
941011,內湖大湖山莊街底調洪沈砂池新建工程,9413364300,內湖,碧山段一小段,0464-0004,臺北市,63000
941011,內湖大湖山莊街底調洪沈砂池新建工程,9413364300,內湖,碧山段一小段,0465-0000,臺北市,63000
941011,內湖大湖山莊街底調洪沈砂池新建工程,9413364300,內湖,碧山段一小段,0465-0001,臺北市,63000
941011,內湖大湖山莊街底調洪沈砂池新建工程,9413364300,內湖,碧山段一小段,0465-0002,臺北市,63000
941011,內湖大湖山莊街底調洪沈砂池新建工程,9413364300,內湖,碧山段一小段,0467-0001,臺北市,63000
941011,內湖大湖山莊街底調洪沈砂池新建工程,9413364300,內湖,碧山段一小段,0467-0002,臺北市,63000
941011,內湖大湖山莊街底調洪沈砂池新建工程,9413364300,內湖,碧山段一小段,0468-0001,臺北市,63000
941011,內湖大湖山莊街底調洪沈砂池新建工程,9413364300,內湖,碧山段一小段,0468-0002,臺北市,63000
941011,內湖大湖山莊街底調洪沈砂池新建工程,9413364300,內湖,碧山段一小段,0469-0002,臺北市,63000
941011,內湖大湖山莊街底調洪沈砂池新建工程,9413364300,內湖,碧山段一小段,0470-0001,臺北市,63000
941011,內湖大湖山莊街底調洪沈砂池新建工程,9413364300,內湖,碧山段一小段,0474-0001,臺北市,63000
941012,北投加壓站新設置加壓站機房工程,9411957200,北投,八仙段二小段,0131-0001,臺北市,63000
941012,北投加壓站新設置加壓站機房工程,9411957200,北投,八仙段二小段,0174-0001,臺北市,63000
941014,萬華三水街西段道路拓寬工程,9414334700,萬華,龍山段二小段,0050-0001,臺北市,63000
941014,萬華三水街西段道路拓寬工程,9414334700,萬華,龍山段二小段,0051-0000,臺北市,63000
941014,萬華三水街西段道路拓寬工程,9414334700,萬華,龍山段二小段,0052-0001,臺北市,63000
941016,南港中南街134巷道路拓寬工程,9419882900,南港,中南段一小段,0241-0010,臺北市,63000
941016,南港中南街134巷道路拓寬工程,9419882900,南港,中南段一小段,0280-0002,臺北市,63000
941016,南港中南街134巷道路拓寬工程,9419882900,南港,中南段一小段,0280-0003,臺北市,63000
941016,南港中南街134巷道路拓寬工程,9419882900,南港,中南段一小段,0281-0001,臺北市,63000
941016,南港中南街134巷道路拓寬工程,9419882900,南港,中南段一小段,0282-0001,臺北市,63000
941016,南港中南街134巷道路拓寬工程,9419882900,南港,中南段一小段,0283-0001,臺北市,63000
941016,南港中南街134巷道路拓寬工程,9419882900,南港,中南段一小段,0284-0001,臺北市,63000
941016,南港中南街134巷道路拓寬工程,9419882900,南港,中南段一小段,0285-0001,臺北市,63000
941016,南港中南街134巷道路拓寬工程,9419882900,南港,中南段一小段,0286-0001,臺北市,63000
941016,南港中南街134巷道路拓寬工程,9419882900,南港,中南段一小段,0286-0002,臺北市,63000
941016,南港中南街134巷道路拓寬工程,9419882900,南港,中南段一小段,0290-0001,臺北市,63000
941016,南港中南街134巷道路拓寬工程,9419882900,南港,中南段一小段,0290-0002,臺北市,63000
941016,南港中南街134巷道路拓寬工程,9419882900,南港,中南段一小段,0291-0001,臺北市,63000
941016,南港中南街134巷道路拓寬工程,9419882900,南港,中南段一小段,0292-0001,臺北市,63000
941016,南港中南街134巷道路拓寬工程,9419882900,南港,中南段一小段,0293-0001,臺北市,63000
941016,南港中南街134巷道路拓寬工程,9419882900,南港,中南段一小段,0294-0001,臺北市,63000
941016,南港中南街134巷道路拓寬工程,9419882900,南港,中南段一小段,0295-0001,臺北市,63000
941016,南港中南街134巷道路拓寬工程,9419882900,南港,中南段一小段,0299-0001,臺北市,63000
941016,南港中南街134巷道路拓寬工程,9419882900,南港,中南段一小段,0302-0008,臺北市,63000
941019,臺北車站特定專用區C1聯合開發工程,9404595300,中正,公園段一小段,0188-0016,臺北市,63000
941020,菁山慢濾場出入口工程,9411957800,士林,華岡段三小段,0050-0000,臺北市,63000
941020,菁山慢濾場出入口工程,9411957800,士林,華岡段三小段,0075-0000,臺北市,63000
941021,貓空纜車興建工程,9419779800,文山,指南段一小段,0273-0003,臺北市,63000
941021,貓空纜車興建工程,9419779800,文山,指南段一小段,0283-0003,臺北市,63000
941021,貓空纜車興建工程,9419779800,文山,指南段一小段,0303-0000,臺北市,63000
941021,貓空纜車興建工程,9419779800,文山,指南段一小段,0304-0000,臺北市,63000
941021,貓空纜車興建工程,9419779800,文山,指南段一小段,0305-0001,臺北市,63000
941021,貓空纜車興建工程,9419779800,文山,指南段一小段,0306-0002,臺北市,63000
941021,貓空纜車興建工程,9419779800,文山,指南段一小段,0306-0004,臺北市,63000
941021,貓空纜車興建工程,9419779800,文山,指南段一小段,0307-0002,臺北市,63000
941021,貓空纜車興建工程,9419779800,文山,指南段二小段,0176-0003,臺北市,63000
941021,貓空纜車興建工程,9419779800,文山,指南段二小段,0179-0003,臺北市,63000
941021,貓空纜車興建工程,9419779800,文山,指南段二小段,0182-0002,臺北市,63000
941021,貓空纜車興建工程,9419779800,文山,指南段二小段,0202-0003,臺北市,63000
941021,貓空纜車興建工程,9419779800,文山,指南段二小段,0312-0000,臺北市,63000
941021,貓空纜車興建工程,9419779800,文山,指南段二小段,0313-0000,臺北市,63000
941021,貓空纜車興建工程,9419779800,文山,指南段二小段,0315-0000,臺北市,63000
941021,貓空纜車興建工程,9419779800,文山,指南段二小段,0320-0003,臺北市,63000
941021,貓空纜車興建工程,9419779800,文山,指南段二小段,0350-0004,臺北市,63000
941021,貓空纜車興建工程,9419779800,文山,指南段四小段,0025-0000,臺北市,63000
941021,貓空纜車興建工程,9419779800,文山,指南段四小段,0030-0000,臺北市,63000
941021,貓空纜車興建工程,9419779800,文山,頭廷段二小段,0248-0002,臺北市,63000
941021,貓空纜車興建工程,9419779800,文山,頭廷段二小段,0249-0002,臺北市,63000
941021,貓空纜車興建工程,9419779800,文山,頭廷段二小段,0249-0003,臺北市,63000
941021,貓空纜車興建工程,9419779800,文山,頭廷段二小段,0249-0004,臺北市,63000
941021,貓空纜車興建工程,9419779800,文山,頭廷段二小段,0251-0003,臺北市,63000
941021,貓空纜車興建工程,9419779800,文山,頭廷段二小段,0267-0003,臺北市,63000
941021,貓空纜車興建工程,9419779800,文山,頭廷段三小段,0173-0001,臺北市,63000
941021,貓空纜車興建工程,9419779800,文山,頭廷段三小段,0177-0000,臺北市,63000
941021,貓空纜車興建工程,9419779800,文山,頭廷段三小段,0178-0001,臺北市,63000
941021,貓空纜車興建工程,9419779800,文山,頭廷段三小段,0183-0001,臺北市,63000
941021,貓空纜車興建工程,9419779800,文山,頭廷段三小段,0184-0000,臺北市,63000
941021,貓空纜車興建工程,9419779800,文山,頭廷段三小段,0185-0001,臺北市,63000
941021,貓空纜車興建工程,9419779800,文山,頭廷段三小段,0187-0002,臺北市,63000
941021,貓空纜車興建工程,9419779800,文山,頭廷段三小段,0187-0005,臺北市,63000
941021,貓空纜車興建工程,9419779800,文山,頭廷段三小段,0187-0010,臺北市,63000
941021,貓空纜車興建工程,9419779800,文山,頭廷段三小段,0211-0003,臺北市,63000
941021,貓空纜車興建工程,9419779800,文山,頭廷段三小段,0212-0002,臺北市,63000
941021,貓空纜車興建工程,9419779800,文山,頭廷段三小段,0259-0003,臺北市,63000
941021,貓空纜車興建工程,9419779800,文山,頭廷段三小段,0260-0002,臺北市,63000
941022,貓空纜車興建工程(徵收地上權),9419779900,文山,指南段一小段,0159-0001,臺北市,63000
941022,貓空纜車興建工程(徵收地上權),9419779900,文山,指南段一小段,0257-0003,臺北市,63000
941022,貓空纜車興建工程(徵收地上權),9419779900,文山,指南段一小段,0259-0001,臺北市,63000
941022,貓空纜車興建工程(徵收地上權),9419779900,文山,指南段一小段,0261-0001,臺北市,63000
941022,貓空纜車興建工程(徵收地上權),9419779900,文山,指南段一小段,0263-0002,臺北市,63000
941022,貓空纜車興建工程(徵收地上權),9419779900,文山,指南段一小段,0266-0001,臺北市,63000
941022,貓空纜車興建工程(徵收地上權),9419779900,文山,指南段一小段,0273-0002,臺北市,63000
941022,貓空纜車興建工程(徵收地上權),9419779900,文山,指南段一小段,0273-0004,臺北市,63000
941022,貓空纜車興建工程(徵收地上權),9419779900,文山,指南段一小段,0274-0002,臺北市,63000
941022,貓空纜車興建工程(徵收地上權),9419779900,文山,指南段一小段,0275-0002,臺北市,63000
941022,貓空纜車興建工程(徵收地上權),9419779900,文山,指南段一小段,0276-0002,臺北市,63000
941022,貓空纜車興建工程(徵收地上權),9419779900,文山,指南段一小段,0283-0002,臺北市,63000
941022,貓空纜車興建工程(徵收地上權),9419779900,文山,指南段一小段,0283-0004,臺北市,63000
941022,貓空纜車興建工程(徵收地上權),9419779900,文山,指南段一小段,0286-0002,臺北市,63000
941022,貓空纜車興建工程(徵收地上權),9419779900,文山,指南段一小段,0287-0001,臺北市,63000
941022,貓空纜車興建工程(徵收地上權),9419779900,文山,指南段一小段,0306-0003,臺北市,63000
941022,貓空纜車興建工程(徵收地上權),9419779900,文山,指南段一小段,0307-0003,臺北市,63000
941022,貓空纜車興建工程(徵收地上權),9419779900,文山,指南段一小段,0308-0002,臺北市,63000
941022,貓空纜車興建工程(徵收地上權),9419779900,文山,指南段一小段,0309-0001,臺北市,63000
941022,貓空纜車興建工程(徵收地上權),9419779900,文山,指南段一小段,0341-0002,臺北市,63000
941022,貓空纜車興建工程(徵收地上權),9419779900,文山,指南段一小段,0342-0002,臺北市,63000
941022,貓空纜車興建工程(徵收地上權),9419779900,文山,指南段一小段,0398-0002,臺北市,63000
941022,貓空纜車興建工程(徵收地上權),9419779900,文山,指南段一小段,0399-0002,臺北市,63000
941022,貓空纜車興建工程(徵收地上權),9419779900,文山,指南段一小段,0400-0002,臺北市,63000
941022,貓空纜車興建工程(徵收地上權),9419779900,文山,指南段一小段,0401-0002,臺北市,63000
941022,貓空纜車興建工程(徵收地上權),9419779900,文山,指南段一小段,0402-0001,臺北市,63000
941022,貓空纜車興建工程(徵收地上權),9419779900,文山,指南段二小段,0176-0002,臺北市,63000
941022,貓空纜車興建工程(徵收地上權),9419779900,文山,指南段二小段,0176-0004,臺北市,63000
941022,貓空纜車興建工程(徵收地上權),9419779900,文山,指南段二小段,0178-0002,臺北市,63000
941022,貓空纜車興建工程(徵收地上權),9419779900,文山,指南段二小段,0179-0002,臺北市,63000
941022,貓空纜車興建工程(徵收地上權),9419779900,文山,指南段二小段,0179-0004,臺北市,63000
941022,貓空纜車興建工程(徵收地上權),9419779900,文山,指南段二小段,0182-0001,臺北市,63000
941022,貓空纜車興建工程(徵收地上權),9419779900,文山,指南段二小段,0184-0002,臺北市,63000
941022,貓空纜車興建工程(徵收地上權),9419779900,文山,指南段二小段,0185-0001,臺北市,63000
941022,貓空纜車興建工程(徵收地上權),9419779900,文山,指南段二小段,0186-0001,臺北市,63000
941022,貓空纜車興建工程(徵收地上權),9419779900,文山,指南段二小段,0192-0001,臺北市,63000
941022,貓空纜車興建工程(徵收地上權),9419779900,文山,指南段二小段,0193-0001,臺北市,63000
941022,貓空纜車興建工程(徵收地上權),9419779900,文山,指南段二小段,0194-0001,臺北市,63000
941022,貓空纜車興建工程(徵收地上權),9419779900,文山,指南段二小段,0195-0001,臺北市,63000
941022,貓空纜車興建工程(徵收地上權),9419779900,文山,指南段二小段,0198-0001,臺北市,63000
941022,貓空纜車興建工程(徵收地上權),9419779900,文山,指南段二小段,0198-0002,臺北市,63000
941022,貓空纜車興建工程(徵收地上權),9419779900,文山,指南段二小段,0202-0001,臺北市,63000
941022,貓空纜車興建工程(徵收地上權),9419779900,文山,指南段二小段,0202-0004,臺北市,63000
941022,貓空纜車興建工程(徵收地上權),9419779900,文山,指南段二小段,0215-0001,臺北市,63000
941022,貓空纜車興建工程(徵收地上權),9419779900,文山,指南段二小段,0216-0001,臺北市,63000
941022,貓空纜車興建工程(徵收地上權),9419779900,文山,指南段二小段,0224-0001,臺北市,63000
941022,貓空纜車興建工程(徵收地上權),9419779900,文山,指南段二小段,0231-0001,臺北市,63000
941022,貓空纜車興建工程(徵收地上權),9419779900,文山,指南段二小段,0232-0001,臺北市,63000
941022,貓空纜車興建工程(徵收地上權),9419779900,文山,指南段二小段,0233-0001,臺北市,63000
941022,貓空纜車興建工程(徵收地上權),9419779900,文山,指南段二小段,0234-0001,臺北市,63000
941022,貓空纜車興建工程(徵收地上權),9419779900,文山,指南段二小段,0235-0003,臺北市,63000
941022,貓空纜車興建工程(徵收地上權),9419779900,文山,指南段二小段,0287-0004,臺北市,63000
941022,貓空纜車興建工程(徵收地上權),9419779900,文山,指南段二小段,0289-0001,臺北市,63000
941022,貓空纜車興建工程(徵收地上權),9419779900,文山,指南段二小段,0291-0001,臺北市,63000
941022,貓空纜車興建工程(徵收地上權),9419779900,文山,指南段二小段,0292-0001,臺北市,63000
941022,貓空纜車興建工程(徵收地上權),9419779900,文山,指南段二小段,0293-0001,臺北市,63000
941022,貓空纜車興建工程(徵收地上權),9419779900,文山,指南段二小段,0294-0002,臺北市,63000
941022,貓空纜車興建工程(徵收地上權),9419779900,文山,指南段二小段,0304-0003,臺北市,63000
941022,貓空纜車興建工程(徵收地上權),9419779900,文山,指南段二小段,0304-0005,臺北市,63000
941022,貓空纜車興建工程(徵收地上權),9419779900,文山,指南段二小段,0304-0007,臺北市,63000
941022,貓空纜車興建工程(徵收地上權),9419779900,文山,指南段二小段,0305-0002,臺北市,63000
941022,貓空纜車興建工程(徵收地上權),9419779900,文山,指南段二小段,0320-0002,臺北市,63000
941022,貓空纜車興建工程(徵收地上權),9419779900,文山,指南段二小段,0320-0004,臺北市,63000
941022,貓空纜車興建工程(徵收地上權),9419779900,文山,指南段二小段,0321-0006,臺北市,63000
941022,貓空纜車興建工程(徵收地上權),9419779900,文山,指南段二小段,0321-0008,臺北市,63000
941022,貓空纜車興建工程(徵收地上權),9419779900,文山,指南段二小段,0321-0010,臺北市,63000
941022,貓空纜車興建工程(徵收地上權),9419779900,文山,指南段二小段,0350-0003,臺北市,63000
941022,貓空纜車興建工程(徵收地上權),9419779900,文山,頭廷段二小段,0246-0001,臺北市,63000
941022,貓空纜車興建工程(徵收地上權),9419779900,文山,頭廷段二小段,0248-0001,臺北市,63000
941022,貓空纜車興建工程(徵收地上權),9419779900,文山,頭廷段二小段,0251-0001,臺北市,63000
941022,貓空纜車興建工程(徵收地上權),9419779900,文山,頭廷段二小段,0252-0001,臺北市,63000
941022,貓空纜車興建工程(徵收地上權),9419779900,文山,頭廷段二小段,0254-0001,臺北市,63000
941022,貓空纜車興建工程(徵收地上權),9419779900,文山,頭廷段二小段,0255-0001,臺北市,63000
941022,貓空纜車興建工程(徵收地上權),9419779900,文山,頭廷段二小段,0258-0001,臺北市,63000
941022,貓空纜車興建工程(徵收地上權),9419779900,文山,頭廷段二小段,0259-0001,臺北市,63000
941022,貓空纜車興建工程(徵收地上權),9419779900,文山,頭廷段二小段,0263-0001,臺北市,63000
941022,貓空纜車興建工程(徵收地上權),9419779900,文山,頭廷段二小段,0264-0001,臺北市,63000
941022,貓空纜車興建工程(徵收地上權),9419779900,文山,頭廷段二小段,0267-0001,臺北市,63000
941022,貓空纜車興建工程(徵收地上權),9419779900,文山,頭廷段二小段,0267-0004,臺北市,63000
941022,貓空纜車興建工程(徵收地上權),9419779900,文山,頭廷段二小段,0284-0001,臺北市,63000
941022,貓空纜車興建工程(徵收地上權),9419779900,文山,頭廷段三小段,0185-0002,臺北市,63000
941022,貓空纜車興建工程(徵收地上權),9419779900,文山,頭廷段三小段,0185-0003,臺北市,63000
941022,貓空纜車興建工程(徵收地上權),9419779900,文山,頭廷段三小段,0187-0001,臺北市,63000
941022,貓空纜車興建工程(徵收地上權),9419779900,文山,頭廷段三小段,0187-0003,臺北市,63000
941022,貓空纜車興建工程(徵收地上權),9419779900,文山,頭廷段三小段,0187-0004,臺北市,63000
941022,貓空纜車興建工程(徵收地上權),9419779900,文山,頭廷段三小段,0187-0009,臺北市,63000
941022,貓空纜車興建工程(徵收地上權),9419779900,文山,頭廷段三小段,0187-0011,臺北市,63000
941022,貓空纜車興建工程(徵收地上權),9419779900,文山,頭廷段三小段,0197-0001,臺北市,63000
941022,貓空纜車興建工程(徵收地上權),9419779900,文山,頭廷段三小段,0198-0001,臺北市,63000
941022,貓空纜車興建工程(徵收地上權),9419779900,文山,頭廷段三小段,0211-0002,臺北市,63000
941022,貓空纜車興建工程(徵收地上權),9419779900,文山,頭廷段三小段,0211-0004,臺北市,63000
941022,貓空纜車興建工程(徵收地上權),9419779900,文山,頭廷段三小段,0212-0003,臺北市,63000
941022,貓空纜車興建工程(徵收地上權),9419779900,文山,頭廷段三小段,0259-0004,臺北市,63000
941022,貓空纜車興建工程(徵收地上權),9419779900,文山,頭廷段三小段,0260-0001,臺北市,63000
941022,貓空纜車興建工程(徵收地上權),9419779900,文山,頭廷段三小段,0261-0001,臺北市,63000
941022,貓空纜車興建工程(徵收地上權),9419779900,文山,頭廷段三小段,0436-0001,臺北市,63000
941022,貓空纜車興建工程(徵收地上權),9419779900,文山,頭廷段三小段,0438-0001,臺北市,63000
941022,貓空纜車興建工程(徵收地上權),9419779900,文山,頭廷段三小段,0441-0001,臺北市,63000
941022,貓空纜車興建工程(徵收地上權),9419779900,文山,頭廷段四小段,0082-0000,臺北市,63000
941022,貓空纜車興建工程(徵收地上權),9419779900,文山,頭廷段四小段,0252-0000,臺北市,63000
941024,萬華雙園國小西側南段道路新築工程(一併),9414335400,萬華,莒光段三小段,0482-0000,臺北市,63000
941024,萬華雙園國小西側南段道路新築工程(一併),9414335400,萬華,莒光段三小段,0590-0000,臺北市,63000
941026,臺北都會區大眾捷運系統木柵延伸(內湖)線內湖站第二出入口工程,9415971500,內湖,康寧段三小段,0180-0000,臺北市,63000
941027,南港舊莊里配水池工程,9426826700,南港,大豐段二小段,0284-0003,臺北市,63000
941028,臺北都會區大眾捷運系統木柵延伸(內湖)線文德站第二出入口墩柱工程,9415971600,內湖,文德段一小段,0135-0012,臺北市,63000
941028,臺北都會區大眾捷運系統木柵延伸(內湖)線文德站第二出入口墩柱工程,9415971600,內湖,文德段一小段,0135-0013,臺北市,63000
941028,臺北都會區大眾捷運系統木柵延伸(內湖)線文德站第二出入口墩柱工程,9415971600,內湖,文德段一小段,0135-0014,臺北市,63000
941028,臺北都會區大眾捷運系統木柵延伸(內湖)線文德站第二出入口墩柱工程,9415971600,內湖,文德段一小段,0135-0016,臺北市,63000
941030,東湖地區聯外山區線道路新築工程(一併徵收),9415953900,內湖,東湖段五小段,0089-0004,臺北市,63000
941031,臺北都會區大眾捷運系統信義線(大安站)工程(地上權),9422576000,大安,復興段三小段,0676-0001,臺北市,63000
941031,臺北都會區大眾捷運系統信義線(大安站)工程(地上權),9422576000,大安,復興段三小段,0691-0001,臺北市,63000
941031,臺北都會區大眾捷運系統信義線(大安站)工程(地上權),9422576000,大安,復興段三小段,0693-0001,臺北市,63000
941031,臺北都會區大眾捷運系統信義線(大安站)工程(地上權),9422576000,大安,復興段三小段,0694-0001,臺北市,63000
941031,臺北都會區大眾捷運系統信義線(大安站)工程(地上權),9422576000,大安,懷生段二小段,0392-0004,臺北市,63000
941031,臺北都會區大眾捷運系統信義線(大安站)工程(地上權),9422576000,大安,懷生段二小段,0392-0022,臺北市,63000
941031,臺北都會區大眾捷運系統信義線(大安站)工程(地上權),9422576000,大安,懷生段二小段,0392-0023,臺北市,63000
941031,臺北都會區大眾捷運系統信義線(大安站)工程(地上權),9422576000,大安,懷生段二小段,0392-0024,臺北市,63000
941031,臺北都會區大眾捷運系統信義線(大安站)工程(地上權),9422576000,大安,懷生段二小段,0392-0025,臺北市,63000
941032,臺北都會區大眾捷運系統木柵延伸(內湖)線文德站第二出入口高架工程(地上權),9419904700,內湖,文德段一小段,0135-0011,臺北市,63000
941033,臺北都會區大眾捷運系統新莊線東門站出入口工程,9420168200,中正,臨沂段三小段,0583-0004,臺北市,63000
941034,松山機場內私有土地徵收案,9421202900,中山,大佳段二小段,0385-0001,臺北市,63000
941034,松山機場內私有土地徵收案,9421202900,松山,濱江段四小段,0083-0000,臺北市,63000
941034,松山機場內私有土地徵收案,9421202900,松山,濱江段四小段,0083-0002,臺北市,63000
941034,松山機場內私有土地徵收案,9421202900,松山,濱江段四小段,0083-0003,臺北市,63000
941034,松山機場內私有土地徵收案,9421202900,松山,濱江段四小段,0083-0004,臺北市,63000
941034,松山機場內私有土地徵收案,9421202900,松山,濱江段四小段,0096-0000,臺北市,63000
941035,臺北都會區大眾捷運系統木柵延伸(內湖)線西湖站第2出入口工程,9421486100,內湖,西湖段四小段,0223-0000,臺北市,63000
941035,臺北都會區大眾捷運系統木柵延伸(內湖)線西湖站第2出入口工程,9421486100,內湖,西湖段四小段,0224-0000,臺北市,63000
941036,臺北都會區大眾捷運系統信義線(安和路站)工程(地上權),9412704000,大安,仁愛段三小段,0600-0001,臺北市,63000
941036,臺北都會區大眾捷運系統信義線(安和路站)工程(地上權),9412704000,大安,仁愛段三小段,0662-0001,臺北市,63000
941036,臺北都會區大眾捷運系統信義線(安和路站)工程(地上權),9412704000,大安,仁愛段三小段,0663-0002,臺北市,63000
941036,臺北都會區大眾捷運系統信義線(安和路站)工程(地上權),9412704000,大安,仁愛段三小段,0678-0000,臺北市,63000
941036,臺北都會區大眾捷運系統信義線(安和路站)工程(地上權),9412704000,大安,仁愛段三小段,0686-0004,臺北市,63000
941037,臺北市立實踐國民中學體育教育運動場所工程,9422849700,文山,實踐段一小段,0270-0001,臺北市,63000
941037,臺北市立實踐國民中學體育教育運動場所工程,9422849700,文山,實踐段一小段,0271-0000,臺北市,63000
941037,臺北市立實踐國民中學體育教育運動場所工程,9422849700,文山,實踐段一小段,0272-0001,臺北市,63000
941038,臺北都會區大眾捷運系統木柵延伸(內湖)線文德站第二出入口工程,9422868400,內湖,文德段一小段,0134-0006,臺北市,63000
941038,臺北都會區大眾捷運系統木柵延伸(內湖)線文德站第二出入口工程,9422868400,內湖,文德段一小段,0137-0001,臺北市,63000
941038,臺北都會區大眾捷運系統木柵延伸(內湖)線文德站第二出入口工程,9422868400,內湖,文德段一小段,0138-0001,臺北市,63000
941038,臺北都會區大眾捷運系統木柵延伸(內湖)線文德站第二出入口工程,9422868400,內湖,文德段一小段,0139-0001,臺北市,63000
941039,內湖大湖山莊街底調洪沉砂池新建工程(一併),9414296600,內湖,大湖段二小段,0054-0000,臺北市,63000
941040,內湖大湖山莊街底調洪沉砂池新建工程(補辦),9426547500,內湖,康寧段二小段,0040-0001,臺北市,63000
941040,內湖大湖山莊街底調洪沉砂池新建工程(補辦),9426547500,內湖,康寧段二小段,0041-0000,臺北市,63000
941040,內湖大湖山莊街底調洪沉砂池新建工程(補辦),9426547500,內湖,康寧段二小段,0042-0002,臺北市,63000
941040,內湖大湖山莊街底調洪沉砂池新建工程(補辦),9426547500,內湖,碧山段一小段,0453-0000,臺北市,63000
941041,飛鵰營區工程,9423007300,南港,新光段一小段,0228-0000,臺北市,63000
941041,飛鵰營區工程,9423007300,南港,新光段一小段,0229-0000,臺北市,63000
941042,臺北都會區大眾捷運系統松山線中山站聯合開發區(捷一)工程,9426821300,大同,圓環段二小段,0211-0002,臺北市,63000
941042,臺北都會區大眾捷運系統松山線中山站聯合開發區(捷一)工程,9426821300,大同,圓環段二小段,0226-0000,臺北市,63000
941042,臺北都會區大眾捷運系統松山線中山站聯合開發區(捷一)工程,9426821300,大同,圓環段二小段,0226-0001,臺北市,63000
941042,臺北都會區大眾捷運系統松山線中山站聯合開發區(捷一)工程,9426821300,大同,圓環段二小段,0228-0000,臺北市,63000
941042,臺北都會區大眾捷運系統松山線中山站聯合開發區(捷一)工程,9426821300,大同,圓環段二小段,0228-0001,臺北市,63000
941042,臺北都會區大眾捷運系統松山線中山站聯合開發區(捷一)工程,9426821300,大同,圓環段二小段,0230-0000,臺北市,63000
941042,臺北都會區大眾捷運系統松山線中山站聯合開發區(捷一)工程,9426821300,大同,圓環段二小段,0230-0001,臺北市,63000
941042,臺北都會區大眾捷運系統松山線中山站聯合開發區(捷一)工程,9426821300,大同,圓環段二小段,0231-0000,臺北市,63000
941042,臺北都會區大眾捷運系統松山線中山站聯合開發區(捷一)工程,9426821300,大同,圓環段二小段,0231-0002,臺北市,63000
941042,臺北都會區大眾捷運系統松山線中山站聯合開發區(捷一)工程,9426821300,大同,圓環段二小段,0246-0002,臺北市,63000
941042,臺北都會區大眾捷運系統松山線中山站聯合開發區(捷一)工程,9426821300,大同,圓環段二小段,0249-0000,臺北市,63000
941042,臺北都會區大眾捷運系統松山線中山站聯合開發區(捷一)工程,9426821300,大同,圓環段二小段,0250-0000,臺北市,63000
941042,臺北都會區大眾捷運系統松山線中山站聯合開發區(捷一)工程,9426821300,大同,圓環段二小段,0256-0000,臺北市,63000
941042,臺北都會區大眾捷運系統松山線中山站聯合開發區(捷一)工程,9426821300,大同,圓環段二小段,0257-0000,臺北市,63000
941042,臺北都會區大眾捷運系統松山線中山站聯合開發區(捷一)工程,9426821300,大同,圓環段二小段,0258-0000,臺北市,63000
941043,臺北都會區大眾捷運系統松山線中山站聯合開發區(捷二)工程,9426808000,大同,市府段一小段,0031-0000,臺北市,63000
941043,臺北都會區大眾捷運系統松山線中山站聯合開發區(捷二)工程,9426808000,大同,市府段一小段,0032-0000,臺北市,63000
941043,臺北都會區大眾捷運系統松山線中山站聯合開發區(捷二)工程,9426808000,大同,市府段一小段,0104-0000,臺北市,63000
941043,臺北都會區大眾捷運系統松山線中山站聯合開發區(捷二)工程,9426808000,大同,市府段一小段,0105-0000,臺北市,63000
941043,臺北都會區大眾捷運系統松山線中山站聯合開發區(捷二)工程,9426808000,大同,市府段一小段,0106-0000,臺北市,63000
941043,臺北都會區大眾捷運系統松山線中山站聯合開發區(捷二)工程,9426808000,大同,市府段一小段,0107-0000,臺北市,63000
941043,臺北都會區大眾捷運系統松山線中山站聯合開發區(捷二)工程,9426808000,大同,市府段一小段,0110-0000,臺北市,63000
941043,臺北都會區大眾捷運系統松山線中山站聯合開發區(捷二)工程,9426808000,大同,市府段一小段,0111-0000,臺北市,63000
941043,臺北都會區大眾捷運系統松山線中山站聯合開發區(捷二)工程,9426808000,大同,市府段一小段,0112-0000,臺北市,63000
941044,貓空纜車興建工程(徵收地上權補辦),9423168900,文山,指南段一小段,0258-0002,臺北市,63000
941045,臺北都會區大眾捷運系統內湖線高架段(大直站至劍南站)工程,9423169000,中山,北安段三小段,0881-0000,臺北市,63000
941045,臺北都會區大眾捷運系統內湖線高架段(大直站至劍南站)工程,9423169000,中山,北安段三小段,0881-0004,臺北市,63000
941045,臺北都會區大眾捷運系統內湖線高架段(大直站至劍南站)工程,9423169000,中山,北安段三小段,0881-0005,臺北市,63000
941046,中央研究院為取得院區研究用地工程,9426459900,南港,中南段二小段,0434-0001,臺北市,63000
941046,中央研究院為取得院區研究用地工程,9426459900,南港,中南段三小段,0314-0000,臺北市,63000
941046,中央研究院為取得院區研究用地工程,9426459900,南港,中南段三小段,0317-0001,臺北市,63000
941046,中央研究院為取得院區研究用地工程,9426459900,南港,中南段三小段,0318-0001,臺北市,63000
941046,中央研究院為取得院區研究用地工程,9426459900,南港,中南段三小段,0321-0003,臺北市,63000
941047,臺北都會區大眾捷運系統松山線北門站工程,9426807900,大同,玉泉段二小段,0371-0001,臺北市,63000
941048,臺北都會區大眾捷運系統新莊線東門站連通金山南路地下道工程徵收地上權,9426821400,中正,臨沂段三小段,0583-0005,臺北市,63000
941049,內溝溪中游段河道整治工程(第1標、第2標)(台北市轄)(一併),9426826600,內湖,大湖段四小段,0065-0000,臺北市,63000
941049,內溝溪中游段河道整治工程(第1標、第2標)(台北市轄)(一併),9426826600,內湖,大湖段四小段,0111-0000,臺北市,63000
941049,內溝溪中游段河道整治工程(第1標、第2標)(台北市轄)(一併),9426826600,內湖,東湖段五小段,0006-0000,臺北市,63000
951002,中崙市場拆除重建工程,9505696600,松山,延吉段三小段,0081-0000,臺北市,63000
951003,北投秀山國小聯外道路開闢改善工程,9501211300,北投,開明段三小段,0025-0000,臺北市,63000
951003,北投秀山國小聯外道路開闢改善工程,9501211300,北投,開明段三小段,0042-0000,臺北市,63000
951006,松山車站北側東段道路新築工程,9505459500,信義,虎林段一小段,0261-0001,臺北市,63000
951006,松山車站北側東段道路新築工程,9505459500,信義,虎林段一小段,0262-0003,臺北市,63000
951009,信義西大排水溝整治工程(信義路5段150巷至祥雲街),9531407500,信義,吳興段三小段,0157-0003,臺北市,63000
951009,信義西大排水溝整治工程(信義路5段150巷至祥雲街),9531407500,信義,吳興段三小段,0158-0002,臺北市,63000
951009,信義西大排水溝整治工程(信義路5段150巷至祥雲街),9531407500,信義,吳興段三小段,0159-0002,臺北市,63000
951009,信義西大排水溝整治工程(信義路5段150巷至祥雲街),9531407500,信義,吳興段三小段,0204-0001,臺北市,63000
951009,信義西大排水溝整治工程(信義路5段150巷至祥雲街),9531407500,信義,吳興段三小段,0208-0001,臺北市,63000
951009,信義西大排水溝整治工程(信義路5段150巷至祥雲街),9531407500,信義,祥和段三小段,0522-0002,臺北市,63000
951009,信義西大排水溝整治工程(信義路5段150巷至祥雲街),9531407500,信義,祥和段四小段,0206-0004,臺北市,63000
951009,信義西大排水溝整治工程(信義路5段150巷至祥雲街),9531407500,信義,祥和段四小段,0206-0006,臺北市,63000
951009,信義西大排水溝整治工程(信義路5段150巷至祥雲街),9531407500,信義,祥和段四小段,0206-0009,臺北市,63000
951009,信義西大排水溝整治工程(信義路5段150巷至祥雲街),9531407500,信義,祥和段四小段,0317-0001,臺北市,63000
951009,信義西大排水溝整治工程(信義路5段150巷至祥雲街),9531407500,信義,祥和段四小段,0408-0003,臺北市,63000
951010,文山(景美)19號公園新建工程,9502396700,文山,興隆段三小段,0216-0000,臺北市,63000
951010,文山(景美)19號公園新建工程,9502396700,文山,興隆段三小段,0216-0001,臺北市,63000
951010,文山(景美)19號公園新建工程,9502396700,文山,興隆段三小段,0216-0002,臺北市,63000
951011,松山虎林街5巷道路拓寬工程,9502302600,松山,寶清段七小段,0652-0000,臺北市,63000
951011,松山虎林街5巷道路拓寬工程,9502302600,松山,寶清段七小段,0654-0000,臺北市,63000
951011,松山虎林街5巷道路拓寬工程,9502302600,松山,寶清段七小段,0656-0000,臺北市,63000
951011,松山虎林街5巷道路拓寬工程,9502302600,松山,寶清段七小段,0658-0000,臺北市,63000
951011,松山虎林街5巷道路拓寬工程,9502302600,松山,寶清段七小段,0660-0000,臺北市,63000
951011,松山虎林街5巷道路拓寬工程,9502302600,松山,寶清段七小段,0661-0000,臺北市,63000
951011,松山虎林街5巷道路拓寬工程,9502302600,松山,寶清段七小段,0667-0000,臺北市,63000
951011,松山虎林街5巷道路拓寬工程,9502302600,松山,寶清段七小段,0680-0000,臺北市,63000
951011,松山虎林街5巷道路拓寬工程,9502302600,松山,寶清段七小段,0681-0000,臺北市,63000
951011,松山虎林街5巷道路拓寬工程,9502302600,松山,寶清段七小段,0683-0000,臺北市,63000
951012,北投線空中纜車新建工程(補辦),9460434600,北投,新民段一小段,0387-0003,臺北市,63000
951012,北投線空中纜車新建工程(補辦),9460434600,北投,新民段一小段,0387-0004,臺北市,63000
951013,中正397號公園新建工程,9506642800,中正,河堤段四小段,0570-0001,臺北市,63000
951013,中正397號公園新建工程,9506642800,中正,河堤段四小段,0572-0000,臺北市,63000
951014,臺北都會區大眾捷運系統木柵延伸(內湖)線文德站第二出入口工程(一併),9500279500,內湖,文德段一小段,0137-0000,臺北市,63000
951014,臺北都會區大眾捷運系統木柵延伸(內湖)線文德站第二出入口工程(一併),9500279500,內湖,文德段一小段,0138-0000,臺北市,63000
951014,臺北都會區大眾捷運系統木柵延伸(內湖)線文德站第二出入口工程(一併),9500279500,內湖,文德段一小段,0139-0000,臺北市,63000
951015,臺北都會區大眾捷運系統松山線北門站工程(一併),9500351200,大同,玉泉段二小段,0371-0022,臺北市,63000
951016,內湖大湖山莊街底調洪沉砂池新建工程(一併),9500351100,內湖,碧山段一小段,0469-0001,臺北市,63000
951019,臺北都會區大眾捷運系統松山線中山站聯合開發區(捷一)工程(一併)(一),9501086100,大同,圓環段二小段,0230-0002,臺北市,63000
951019,臺北都會區大眾捷運系統松山線中山站聯合開發區(捷一)工程(一併)(一),9501086100,大同,圓環段二小段,0255-0000,臺北市,63000
951020,臺北都會區大眾捷運系統松山線中山站聯合開發區(捷一)工程(一併)(二),9501094400,大同,圓環段二小段,0260-0000,臺北市,63000
951021,北投公館路228巷15弄道路新築工程(一併),9501835100,北投,奇岩段三小段,0325-0000,臺北市,63000
951022,臺北都會區大眾捷運系統木柵延伸(內湖)線港墘站墩柱工程,9502349800,內湖,碧湖段四小段,0690-0065,臺北市,63000
951022,臺北都會區大眾捷運系統木柵延伸(內湖)線港墘站墩柱工程,9502349800,內湖,碧湖段四小段,0690-0066,臺北市,63000
951022,臺北都會區大眾捷運系統木柵延伸(內湖)線港墘站墩柱工程,9502349800,內湖,碧湖段四小段,0690-0067,臺北市,63000
951022,臺北都會區大眾捷運系統木柵延伸(內湖)線港墘站墩柱工程,9502349800,內湖,碧湖段四小段,0690-0068,臺北市,63000
951022,臺北都會區大眾捷運系統木柵延伸(內湖)線港墘站墩柱工程,9502349800,內湖,碧湖段四小段,0690-0069,臺北市,63000
951022,臺北都會區大眾捷運系統木柵延伸(內湖)線港墘站墩柱工程,9502349800,內湖,碧湖段四小段,0690-0070,臺北市,63000
951022,臺北都會區大眾捷運系統木柵延伸(內湖)線港墘站墩柱工程,9502349800,內湖,碧湖段四小段,0690-0071,臺北市,63000
951023,交通部民用航空局為辦理松山機場內私有土地徵收工程,9502399700,中山,大佳段二小段,0385-0006,臺北市,63000
951024,松山機場範圍內私有土地徵收案,9503094900,中山,大佳段二小段,0784-0000,臺北市,63000
951024,松山機場範圍內私有土地徵收案,9503094900,中山,大佳段二小段,0784-0001,臺北市,63000
951024,松山機場範圍內私有土地徵收案,9503094900,松山,濱江段四小段,0141-0000,臺北市,63000
951024,松山機場範圍內私有土地徵收案,9503094900,松山,濱江段四小段,0191-0000,臺北市,63000
951024,松山機場範圍內私有土地徵收案,9503094900,松山,濱江段四小段,0298-0008,臺北市,63000
951025,北投線空中纜車新建工程(一併),9503763400,北投,湖山段三小段,0381-0001,臺北市,63000
951026,臺北都會區大眾捷運系統內湖線(葫洲站)高架段穿越工程(徵收地上權),9504468300,內湖,東湖段六小段,0244-0003,臺北市,63000
951026,臺北都會區大眾捷運系統內湖線(葫洲站)高架段穿越工程(徵收地上權),9504468300,內湖,東湖段六小段,0245-0003,臺北市,63000
951027,中山高速公路臺北市路段既成道路工程,9504781200,中山,大佳段一小段,0319-0000,臺北市,63000
951028,臺北都會區大眾捷運系統信義線(安和路站至尾軌間)工作井工程(徵收地上權),9505459400,信義,永春段二小段,0283-0004,臺北市,63000
951029,國立國父紀念館用地工程,9505443700,信義,逸仙段二小段,0359-0000,臺北市,63000
951029,國立國父紀念館用地工程,9505443700,信義,逸仙段二小段,0360-0000,臺北市,63000
951029,國立國父紀念館用地工程,9505443700,信義,逸仙段二小段,0531-0001,臺北市,63000
951031,臺北都會區大眾捷運系統松山線市立體育場站(交六、交七)工程,9505617100,松山,美仁段一小段,0460-0000,臺北市,63000
951031,臺北都會區大眾捷運系統松山線市立體育場站(交六、交七)工程,9505617100,松山,美仁段一小段,0461-0001,臺北市,63000
951031,臺北都會區大眾捷運系統松山線市立體育場站(交六、交七)工程,9505617100,松山,美仁段一小段,0461-0002,臺北市,63000
951031,臺北都會區大眾捷運系統松山線市立體育場站(交六、交七)工程,9505617100,松山,美仁段一小段,0462-0014,臺北市,63000
951031,臺北都會區大眾捷運系統松山線市立體育場站(交六、交七)工程,9505617100,松山,美仁段一小段,0462-0015,臺北市,63000
951031,臺北都會區大眾捷運系統松山線市立體育場站(交六、交七)工程,9505617100,松山,美仁段一小段,0462-0016,臺北市,63000
951031,臺北都會區大眾捷運系統松山線市立體育場站(交六、交七)工程,9505617100,松山,美仁段一小段,0462-0017,臺北市,63000
951032,松山虎林街5巷道路拓寬工程(補),9505459800,松山,寶清段七小段,0654-0000,臺北市,63000
951033,中央研究院為興建院區研究設施工程,9505696700,南港,中南段二小段,0435-0001,臺北市,63000
951033,中央研究院為興建院區研究設施工程,9505696700,南港,中南段二小段,0436-0000,臺北市,63000
951033,中央研究院為興建院區研究設施工程,9505696700,南港,中南段二小段,0437-0001,臺北市,63000
951033,中央研究院為興建院區研究設施工程,9505696700,南港,中南段二小段,0441-0001,臺北市,63000
951033,中央研究院為興建院區研究設施工程,9505696700,南港,中南段二小段,0441-0002,臺北市,63000
951033,中央研究院為興建院區研究設施工程,9505696700,南港,中南段二小段,0441-0003,臺北市,63000
951033,中央研究院為興建院區研究設施工程,9505696700,南港,中南段三小段,0147-0001,臺北市,63000
951033,中央研究院為興建院區研究設施工程,9505696700,南港,中南段三小段,0148-0001,臺北市,63000
951034,內湖大湖山莊街底調洪沉砂池新建工程(補辦),9505696500,內湖,康寧段二小段,0031-0003,臺北市,63000
951034,內湖大湖山莊街底調洪沉砂池新建工程(補辦),9505696500,內湖,康寧段二小段,0032-0000,臺北市,63000
961001,青潭堰原水導水涵渠及5號隧道工程補辦徵收,9601373600,文山,興泰段三小段,0087-0008,臺北市,63000
961001,青潭堰原水導水涵渠及5號隧道工程補辦徵收,9601373600,文山,興泰段三小段,0087-0010,臺北市,63000
961001,青潭堰原水導水涵渠及5號隧道工程補辦徵收,9601373600,文山,興泰段三小段,0145-0000,臺北市,63000
961001,青潭堰原水導水涵渠及5號隧道工程補辦徵收,9601373600,文山,興泰段三小段,0147-0000,臺北市,63000
961001,青潭堰原水導水涵渠及5號隧道工程補辦徵收,9601373600,文山,興泰段三小段,0151-0000,臺北市,63000
961001,青潭堰原水導水涵渠及5號隧道工程補辦徵收,9601373600,文山,興泰段三小段,0152-0001,臺北市,63000
961001,青潭堰原水導水涵渠及5號隧道工程補辦徵收,9601373600,文山,興泰段三小段,0152-0004,臺北市,63000
961001,青潭堰原水導水涵渠及5號隧道工程補辦徵收,9601373600,文山,興泰段三小段,0153-0004,臺北市,63000
961001,青潭堰原水導水涵渠及5號隧道工程補辦徵收,9601373600,文山,興泰段三小段,0156-0000,臺北市,63000
961002,下竹林配水池暨加壓站工程,9601367000,士林,華岡段四小段,0566-0000,臺北市,63000
961003,青潭堰原水路3號4號隧道及涵渠前段工程補辦徵收,9601373500,文山,華興段二小段,0438-0000,臺北市,63000
961003,青潭堰原水路3號4號隧道及涵渠前段工程補辦徵收,9601373500,文山,華興段二小段,0447-0000,臺北市,63000
961004,士林公有市場東南側道路新築工程,9606250200,士林,光華段四小段,0506-0002,臺北市,63000
961004,士林公有市場東南側道路新築工程,9606250200,士林,光華段四小段,0507-0001,臺北市,63000
961004,士林公有市場東南側道路新築工程,9606250200,士林,光華段四小段,0591-0003,臺北市,63000
961007,文山新光路2段東向延續道路新築工程(第二期),9603165100,文山,頭廷段一小段,0189-0000,臺北市,63000
961007,文山新光路2段東向延續道路新築工程(第二期),9603165100,文山,頭廷段一小段,0195-0000,臺北市,63000
961007,文山新光路2段東向延續道路新築工程(第二期),9603165100,文山,頭廷段一小段,0197-0000,臺北市,63000
961007,文山新光路2段東向延續道路新築工程(第二期),9603165100,文山,頭廷段一小段,0202-0000,臺北市,63000
961007,文山新光路2段東向延續道路新築工程(第二期),9603165100,文山,頭廷段四小段,0003-0000,臺北市,63000
961007,文山新光路2段東向延續道路新築工程(第二期),9603165100,文山,頭廷段四小段,0004-0000,臺北市,63000
961007,文山新光路2段東向延續道路新築工程(第二期),9603165100,文山,頭廷段四小段,0007-0001,臺北市,63000
961007,文山新光路2段東向延續道路新築工程(第二期),9603165100,文山,頭廷段四小段,0008-0000,臺北市,63000
961007,文山新光路2段東向延續道路新築工程(第二期),9603165100,文山,頭廷段四小段,0009-0000,臺北市,63000
961008,松山興安街174巷道路新築工程,9604200700,松山,敦化段一小段,0311-0001,臺北市,63000
961008,松山興安街174巷道路新築工程,9604200700,松山,敦化段一小段,0360-0001,臺北市,63000
961008,松山興安街174巷道路新築工程,9604200700,松山,敦化段一小段,0361-0001,臺北市,63000
961008,松山興安街174巷道路新築工程,9604200700,松山,敦化段一小段,0402-0001,臺北市,63000
961010,臺北都會區大眾捷運系統木柵延伸(內湖)線內湖站第二出入口工程,9506643200,內湖,康寧段三小段,0178-0001,臺北市,63000
961011,士林公有市場西側道路拓寬工程,9604858000,士林,光華段四小段,0509-0002,臺北市,63000
961011,士林公有市場西側道路拓寬工程,9604858000,士林,光華段四小段,0510-0001,臺北市,63000
961011,士林公有市場西側道路拓寬工程,9604858000,士林,光華段四小段,0511-0000,臺北市,63000
961011,士林公有市場西側道路拓寬工程,9604858000,士林,光華段四小段,0515-0001,臺北市,63000
961013,大安臥龍街64巷道路新築工程,9604678100,大安,學府段一小段,0531-0001,臺北市,63000
961013,大安臥龍街64巷道路新築工程,9604678100,大安,學府段一小段,0542-0000,臺北市,63000
961013,大安臥龍街64巷道路新築工程,9604678100,大安,學府段一小段,0551-0000,臺北市,63000
961014,士林臨溪路道路拓寬工程,9603407800,士林,福林段二小段,0014-0026,臺北市,63000
961015,大安潮州街26巷前段道路新築工程,9603321000,大安,金華段四小段,0303-0004,臺北市,63000
961017,臺北都會區大眾捷運系統松山線(南京三民站)出入口工程,9601519000,松山,西松段二小段,0534-0003,臺北市,63000
961017,臺北都會區大眾捷運系統松山線(南京三民站)出入口工程,9601519000,松山,西松段二小段,0534-0004,臺北市,63000
961017,臺北都會區大眾捷運系統松山線(南京三民站)出入口工程,9601519000,松山,寶清段五小段,0001-0003,臺北市,63000
961018,臺北都會區大眾捷運系統松山線(南京三民站)工程穿越用地(地上權),9601519100,松山,西松段二小段,0534-0002,臺北市,63000
961018,臺北都會區大眾捷運系統松山線(南京三民站)工程穿越用地(地上權),9601519100,松山,寶清段五小段,0001-0002,臺北市,63000
961019,內湖大湖山莊街底調洪沉砂池新建工程(96年補辦),9631114600,內湖,康寧段二小段,0031-0003,臺北市,63000
961020,臺北都會區大眾捷運系統松山線(南京東路站)出入口工程,9603407600,中山,長安段一小段,0001-0003,臺北市,63000
961020,臺北都會區大眾捷運系統松山線(南京東路站)出入口工程,9603407600,中山,長安段一小段,0001-0004,臺北市,63000
961021,臺北都會區大眾捷運系統松山線(南京東路站)工程(地上權),9603408500,中山,長安段一小段,0001-0005,臺北市,63000
961021,臺北都會區大眾捷運系統松山線(南京東路站)工程(地上權),9603408500,中山,長安段三小段,0001-0008,臺北市,63000
961021,臺北都會區大眾捷運系統松山線(南京東路站)工程(地上權),9603408500,中山,長春段一小段,0768-0003,臺北市,63000
961021,臺北都會區大眾捷運系統松山線(南京東路站)工程(地上權),9603408500,中山,長春段一小段,0793-0001,臺北市,63000
961021,臺北都會區大眾捷運系統松山線(南京東路站)工程(地上權),9603408500,中山,長春段一小段,1067-0002,臺北市,63000
961022,內湖區內溝溪生態展示館前廣場及出入口通道工程,9606815700,內湖,大湖段四小段,0289-0001,臺北市,63000
961022,內湖區內溝溪生態展示館前廣場及出入口通道工程,9606815700,內湖,大湖段四小段,0290-0001,臺北市,63000
961024,臺北都會區大眾捷運系統新莊線(行天宮站)工程(地上權),9604678200,中山,榮星段六小段,0646-0001,臺北市,63000
961025,國立國父紀念館用地工程,9604858300,信義,逸仙段二小段,0531-0000,臺北市,63000
961026,臺北都會區大眾捷運系統松山線(松江南京站)出入口工程,9604991800,中山,長安段三小段,0001-0012,臺北市,63000
961027,臺北都會區大眾捷運系統松山線(松江南京站)工程(地上權),9604991900,中山,長安段三小段,0001-0009,臺北市,63000
961027,臺北都會區大眾捷運系統松山線(松江南京站)工程(地上權),9604991900,中山,長安段三小段,0001-0010,臺北市,63000
961028,大同迪化街二段189-1號至11號前道路拓寬工程,9606225600,大同,文昌段二小段,0468-0007,臺北市,63000
961028,大同迪化街二段189-1號至11號前道路拓寬工程,9606225600,大同,文昌段二小段,0468-0008,臺北市,63000
961028,大同迪化街二段189-1號至11號前道路拓寬工程,9606225600,大同,文昌段二小段,0489-0002,臺北市,63000
961028,大同迪化街二段189-1號至11號前道路拓寬工程,9606225600,大同,文昌段二小段,0552-0001,臺北市,63000
961029,松山機場北側都市計畫劃定為機場用地取得計畫工程,9606225800,松山,濱江段一小段,0306-0000,臺北市,63000
961030,臺北都會區大眾捷運系統松山線(中山站)工程(地上權),9606225700,大同,市府段一小段,0006-0000,臺北市,63000
961030,臺北都會區大眾捷運系統松山線(中山站)工程(地上權),9606225700,大同,市府段一小段,0007-0000,臺北市,63000
961030,臺北都會區大眾捷運系統松山線(中山站)工程(地上權),9606225700,大同,市府段一小段,0008-0000,臺北市,63000
961030,臺北都會區大眾捷運系統松山線(中山站)工程(地上權),9606225700,大同,市府段一小段,0009-0000,臺北市,63000
961030,臺北都會區大眾捷運系統松山線(中山站)工程(地上權),9606225700,大同,市府段一小段,0013-0000,臺北市,63000
961030,臺北都會區大眾捷運系統松山線(中山站)工程(地上權),9606225700,大同,市府段一小段,0018-0000,臺北市,63000
961030,臺北都會區大眾捷運系統松山線(中山站)工程(地上權),9606225700,大同,市府段一小段,0019-0001,臺北市,63000
961030,臺北都會區大眾捷運系統松山線(中山站)工程(地上權),9606225700,大同,圓環段二小段,0247-0000,臺北市,63000
961030,臺北都會區大眾捷運系統松山線(中山站)工程(地上權),9606225700,大同,圓環段二小段,0248-0000,臺北市,63000
961030,臺北都會區大眾捷運系統松山線(中山站)工程(地上權),9606225700,大同,圓環段二小段,0261-0000,臺北市,63000
961030,臺北都會區大眾捷運系統松山線(中山站)工程(地上權),9606225700,大同,圓環段二小段,0306-0001,臺北市,63000
961030,臺北都會區大眾捷運系統松山線(中山站)工程(地上權),9606225700,大同,圓環段二小段,0306-0002,臺北市,63000
961031,中央研究院興建院區研究設施工程,9606431200,南港,中南段二小段,0438-0001,臺北市,63000
961031,中央研究院興建院區研究設施工程,9606431200,南港,中南段二小段,0439-0001,臺北市,63000
961031,中央研究院興建院區研究設施工程,9606431200,南港,中南段二小段,0487-0001,臺北市,63000
961031,中央研究院興建院區研究設施工程,9606431200,南港,中南段二小段,0488-0001,臺北市,63000
961031,中央研究院興建院區研究設施工程,9606431200,南港,中南段二小段,0489-0001,臺北市,63000
961031,中央研究院興建院區研究設施工程,9606431200,南港,中南段二小段,0490-0001,臺北市,63000
961031,中央研究院興建院區研究設施工程,9606431200,南港,中南段三小段,0312-0004,臺北市,63000
961031,中央研究院興建院區研究設施工程,9606431200,南港,中南段三小段,0314-0001,臺北市,63000
961031,中央研究院興建院區研究設施工程,9606431200,南港,中南段三小段,0316-0002,臺北市,63000
961032,臺北都會區大眾捷運系統松山線(北門站)工程(地上權),9606390700,大同,玉泉段二小段,0371-0012,臺北市,63000
961033,既設汐止～蘆洲161仟伏輸電線路第19、19-1號等2座鐵塔用地工程,9606431100,內湖,碧山段三小段,0117-0003,臺北市,63000
961033,既設汐止～蘆洲161仟伏輸電線路第19、19-1號等2座鐵塔用地工程,9606431100,內湖,碧山段三小段,0164-0015,臺北市,63000
961034,南港南深路道路拓寬工程,9606687100,南港,大豐段三小段,0860-0000,臺北市,63000
961034,南港南深路道路拓寬工程,9606687100,南港,舊莊段一小段,0143-0000,臺北市,63000
961035,臺北都會區大眾捷運系統木柵延伸(內湖)線內湖站第二出入口工程(一併),9606686900,內湖,康寧段三小段,0178-0000,臺北市,63000
961036,文山區指南國小南側地滑地整治工程,9606855100,文山,指南段三小段,0507-0000,臺北市,63000
971001,大安忠孝東路3段10巷1號道路新築工程,9702219400,大安,懷生段三小段,0434-0013,臺北市,63000
971003,中正八德路1段82巷道路拓寬工程,9707165200,中正,臨沂段一小段,0021-0002,臺北市,63000
971003,中正八德路1段82巷道路拓寬工程,9707165200,中正,臨沂段一小段,0031-0005,臺北市,63000
971003,中正八德路1段82巷道路拓寬工程,9707165200,中正,臨沂段一小段,0095-0000,臺北市,63000
971003,中正八德路1段82巷道路拓寬工程,9707165200,中正,臨沂段一小段,0100-0001,臺北市,63000
971004,文山景美運動公園南側道路新築工程,9703556900,文山,興隆段三小段,0328-0001,臺北市,63000
971006,士林中山北路6段441巷46弄道路新築工程,9703551800,士林,天母段一小段,0170-0003,臺北市,63000
971006,士林中山北路6段441巷46弄道路新築工程,9703551800,士林,天母段一小段,0177-0001,臺北市,63000
971006,士林中山北路6段441巷46弄道路新築工程,9703551800,士林,天母段一小段,0177-0002,臺北市,63000
971006,士林中山北路6段441巷46弄道路新築工程,9703551800,士林,天母段一小段,0178-0001,臺北市,63000
971006,士林中山北路6段441巷46弄道路新築工程,9703551800,士林,天母段一小段,0179-0001,臺北市,63000
971006,士林中山北路6段441巷46弄道路新築工程,9703551800,士林,天母段一小段,0180-0002,臺北市,63000
971006,士林中山北路6段441巷46弄道路新築工程,9703551800,士林,天母段一小段,0180-0003,臺北市,63000
971010,大安瑞安街208巷47弄道路拓寬工程,9703552300,大安,瑞安段二小段,0144-0001,臺北市,63000
971010,大安瑞安街208巷47弄道路拓寬工程,9703552300,大安,瑞安段二小段,0145-0001,臺北市,63000
971010,大安瑞安街208巷47弄道路拓寬工程,9703552300,大安,瑞安段二小段,0275-0000,臺北市,63000
971010,大安瑞安街208巷47弄道路拓寬工程,9703552300,大安,瑞安段二小段,0279-0001,臺北市,63000
971011,臺北都會區大眾捷運系統松山線(市立體育場站)出入口工程,9700076600,松山,美仁段二小段,0597-0013,臺北市,63000
971012,臺北都會區大眾捷運系統松山線(市立體育場站)工程穿越用地(地上權),9700076400,松山,美仁段一小段,0815-0001,臺北市,63000
971012,臺北都會區大眾捷運系統松山線(市立體育場站)工程穿越用地(地上權),9700076400,松山,美仁段二小段,0597-0005,臺北市,63000
971014,內湖區內溝溪生態展示館前廣場及出入口通道工程(補辦),9700077200,內湖,大湖段四小段,0294-0005,臺北市,63000
971016,中正汀州路二段133巷道路新築工程,9703766600,中正,河堤段四小段,0372-0003,臺北市,63000
971016,中正汀州路二段133巷道路新築工程,9703766600,中正,河堤段四小段,0373-0005,臺北市,63000
971017,內湖成功路4段167巷末段道路拓寬工程,9705787200,內湖,康寧段三小段,0361-0004,臺北市,63000
971017,內湖成功路4段167巷末段道路拓寬工程,9705787200,內湖,康寧段三小段,0362-0001,臺北市,63000
971017,內湖成功路4段167巷末段道路拓寬工程,9705787200,內湖,康寧段三小段,0377-0006,臺北市,63000
971018,大安潮州街26巷前段道路新築工程(一併),9730364100,大安,金華段四小段,0303-0001,臺北市,63000
971019,大安復興南路1段295巷8號旁道路新築工程,9703911600,大安,復興段三小段,0761-0002,臺北市,63000
971019,大安復興南路1段295巷8號旁道路新築工程,9703911600,大安,復興段三小段,0783-0001,臺北市,63000
971020,臺北都會區大眾捷運系統松山線中山站(二)工程(地上權),9702388400,大同,市府段一小段,0004-0000,臺北市,63000
971021,文山新光路2段東向延續道路新築工程(第二期)(一併),9702405400,文山,頭廷段一小段,0188-0000,臺北市,63000
971022,內湖康樂街道路改善工程,9705506700,內湖,大湖段四小段,0098-0001,臺北市,63000
971022,內湖康樂街道路改善工程,9705506700,內湖,大湖段四小段,0104-0001,臺北市,63000
971022,內湖康樂街道路改善工程,9705506700,內湖,大湖段四小段,0106-0002,臺北市,63000
971022,內湖康樂街道路改善工程,9705506700,內湖,大湖段四小段,0107-0003,臺北市,63000
971022,內湖康樂街道路改善工程,9705506700,內湖,大湖段四小段,0114-0003,臺北市,63000
971023,信義吳興街220巷北側(原陸軍保養廠區)道路新築工程,9703551700,信義,三興段二小段,0376-0001,臺北市,63000
971025,臺北都會區大眾捷運系統松山線(松山站)工程穿越,9705862100,松山,寶清段七小段,0689-0001,臺北市,63000
971026,生醫管理中心─衛生大樓工程,9706050200,南港,新光段一小段,0116-0001,臺北市,63000
971026,生醫管理中心─衛生大樓工程,9706050200,南港,新光段一小段,0122-0005,臺北市,63000
971026,生醫管理中心─衛生大樓工程,9706050200,南港,新光段一小段,0122-0006,臺北市,63000
971026,生醫管理中心─衛生大樓工程,9706050200,南港,新光段一小段,0128-0007,臺北市,63000
971026,生醫管理中心─衛生大樓工程,9706050200,南港,新光段一小段,0128-0008,臺北市,63000
971026,生醫管理中心─衛生大樓工程,9706050200,南港,新光段一小段,0128-0011,臺北市,63000
971026,生醫管理中心─衛生大樓工程,9706050200,南港,新光段一小段,0128-0012,臺北市,63000
971027,松山機場用地取得,9706050100,松山,濱江段四小段,0141-0001,臺北市,63000
971028,「松山機場北側都市計畫劃定為機場用地取得計畫案」97年度用地取得工程,9707347800,松山,濱江段一小段,0312-0000,臺北市,63000
971028,「松山機場北側都市計畫劃定為機場用地取得計畫案」97年度用地取得工程,9707347800,松山,濱江段一小段,0313-0000,臺北市,63000
971028,「松山機場北側都市計畫劃定為機場用地取得計畫案」97年度用地取得工程,9707347800,松山,濱江段一小段,0314-0000,臺北市,63000
971028,「松山機場北側都市計畫劃定為機場用地取得計畫案」97年度用地取得工程,9707347800,松山,濱江段一小段,0316-0000,臺北市,63000
971028,「松山機場北側都市計畫劃定為機場用地取得計畫案」97年度用地取得工程,9707347800,松山,濱江段一小段,0317-0000,臺北市,63000
971028,「松山機場北側都市計畫劃定為機場用地取得計畫案」97年度用地取得工程,9707347800,松山,濱江段一小段,0318-0000,臺北市,63000
971028,「松山機場北側都市計畫劃定為機場用地取得計畫案」97年度用地取得工程,9707347800,松山,濱江段一小段,0319-0000,臺北市,63000
971028,「松山機場北側都市計畫劃定為機場用地取得計畫案」97年度用地取得工程,9707347800,松山,濱江段一小段,0323-0000,臺北市,63000
971028,「松山機場北側都市計畫劃定為機場用地取得計畫案」97年度用地取得工程,9707347800,松山,濱江段一小段,0323-0001,臺北市,63000
971028,「松山機場北側都市計畫劃定為機場用地取得計畫案」97年度用地取得工程,9707347800,松山,濱江段四小段,0197-0000,臺北市,63000
971028,「松山機場北側都市計畫劃定為機場用地取得計畫案」97年度用地取得工程,9707347800,松山,濱江段四小段,0198-0000,臺北市,63000
971028,「松山機場北側都市計畫劃定為機場用地取得計畫案」97年度用地取得工程,9707347800,松山,濱江段四小段,0199-0000,臺北市,63000
971028,「松山機場北側都市計畫劃定為機場用地取得計畫案」97年度用地取得工程,9707347800,松山,濱江段四小段,0201-0000,臺北市,63000
971028,「松山機場北側都市計畫劃定為機場用地取得計畫案」97年度用地取得工程,9707347800,松山,濱江段四小段,0204-0000,臺北市,63000
971029,三總汀州院區工程,9732508300,中正,福和段二小段,0180-0002,臺北市,63000
971030,臺北市立北安國民中學綜合大樓新建工程北側出入口通達北安路8米寬人車分道等安全措施工程,9732508600,中山,北安段三小段,0303-0006,臺北市,63000
971031,學人宿舍第一期工程暨院區研究及其他相關設施工程,9707846600,南港,中南段三小段,0080-0000,臺北市,63000
981001,北投大屯路21巷道路拓寬工程,9804787400,北投,開明段一小段,0362-0001,臺北市,63000
981001,北投大屯路21巷道路拓寬工程,9804787400,北投,開明段一小段,0363-0000,臺北市,63000
981001,北投大屯路21巷道路拓寬工程,9804787400,北投,開明段一小段,0379-0001,臺北市,63000
981001,北投大屯路21巷道路拓寬工程,9804787400,北投,開明段一小段,0380-0001,臺北市,63000
981001,北投大屯路21巷道路拓寬工程,9804787400,北投,開明段一小段,0382-0001,臺北市,63000
981001,北投大屯路21巷道路拓寬工程,9804787400,北投,開明段一小段,0383-0000,臺北市,63000
981001,北投大屯路21巷道路拓寬工程,9804787400,北投,開明段一小段,0385-0001,臺北市,63000
981001,北投大屯路21巷道路拓寬工程,9804787400,北投,開明段一小段,0386-0000,臺北市,63000
981001,北投大屯路21巷道路拓寬工程,9804787400,北投,開明段一小段,0398-0001,臺北市,63000
981001,北投大屯路21巷道路拓寬工程,9804787400,北投,開明段一小段,0399-0000,臺北市,63000
981001,北投大屯路21巷道路拓寬工程,9804787400,北投,開明段一小段,0400-0000,臺北市,63000
981001,北投大屯路21巷道路拓寬工程,9804787400,北投,開明段一小段,0401-0001,臺北市,63000
981001,北投大屯路21巷道路拓寬工程,9804787400,北投,開明段一小段,0407-0001,臺北市,63000
981001,北投大屯路21巷道路拓寬工程,9804787400,北投,開明段一小段,0408-0001,臺北市,63000
981001,北投大屯路21巷道路拓寬工程,9804787400,北投,開明段一小段,0411-0001,臺北市,63000
981001,北投大屯路21巷道路拓寬工程,9804787400,北投,開明段一小段,0413-0000,臺北市,63000
981001,北投大屯路21巷道路拓寬工程,9804787400,北投,開明段一小段,0414-0000,臺北市,63000
981001,北投大屯路21巷道路拓寬工程,9804787400,北投,開明段一小段,0415-0001,臺北市,63000
981001,北投大屯路21巷道路拓寬工程,9804787400,北投,開明段一小段,0419-0001,臺北市,63000
981001,北投大屯路21巷道路拓寬工程,9804787400,北投,開明段一小段,0421-0000,臺北市,63000
981003,中正晉江街4巷道路新築工程,9803199700,中正,河堤段四小段,0175-0013,臺北市,63000
981005,南港R13街廓東西向道路新築工程,9804377800,南港,南港段一小段,0366-0002,臺北市,63000
981005,南港R13街廓東西向道路新築工程,9804377800,南港,南港段一小段,0497-0001,臺北市,63000
981005,南港R13街廓東西向道路新築工程,9804377800,南港,南港段一小段,0498-0001,臺北市,63000
981005,南港R13街廓東西向道路新築工程,9804377800,南港,南港段一小段,0499-0001,臺北市,63000
981005,南港R13街廓東西向道路新築工程,9804377800,南港,南港段一小段,0500-0001,臺北市,63000
981005,南港R13街廓東西向道路新築工程,9804377800,南港,南港段一小段,0502-0002,臺北市,63000
981005,南港R13街廓東西向道路新築工程,9804377800,南港,南港段一小段,0502-0003,臺北市,63000
981005,南港R13街廓東西向道路新築工程,9804377800,南港,南港段一小段,0508-0001,臺北市,63000
981005,南港R13街廓東西向道路新築工程,9804377800,南港,南港段一小段,0521-0000,臺北市,63000
981005,南港R13街廓東西向道路新築工程,9804377800,南港,南港段一小段,0522-0008,臺北市,63000
981005,南港R13街廓東西向道路新築工程,9804377800,南港,南港段一小段,0522-0011,臺北市,63000
981005,南港R13街廓東西向道路新築工程,9804377800,南港,南港段一小段,0526-0001,臺北市,63000
981005,南港R13街廓東西向道路新築工程,9804377800,南港,南港段一小段,0526-0003,臺北市,63000
981007,中正同安街28巷7弄道路拓寬工程,9803199800,中正,河堤段四小段,0327-0001,臺北市,63000
981007,中正同安街28巷7弄道路拓寬工程,9803199800,中正,河堤段四小段,0328-0001,臺北市,63000
981010,社子大橋新建工程第1期,9804787700,北投,八仙段二小段,0058-0002,臺北市,63000
981010,社子大橋新建工程第1期,9804787700,北投,八仙段二小段,0088-0001,臺北市,63000
981010,社子大橋新建工程第1期,9804787700,北投,八仙段二小段,0091-0002,臺北市,63000
981010,社子大橋新建工程第1期,9804787700,北投,八仙段二小段,0091-0003,臺北市,63000
981010,社子大橋新建工程第1期,9804787700,北投,八仙段二小段,0091-0004,臺北市,63000
981010,社子大橋新建工程第1期,9804787700,北投,八仙段二小段,0092-0004,臺北市,63000
981010,社子大橋新建工程第1期,9804787700,北投,八仙段二小段,0093-0001,臺北市,63000
981010,社子大橋新建工程第1期,9804787700,北投,八仙段二小段,0093-0002,臺北市,63000
981010,社子大橋新建工程第1期,9804787700,北投,八仙段二小段,0094-0001,臺北市,63000
981010,社子大橋新建工程第1期,9804787700,北投,八仙段二小段,0094-0002,臺北市,63000
981010,社子大橋新建工程第1期,9804787700,北投,八仙段二小段,0100-0002,臺北市,63000
981010,社子大橋新建工程第1期,9804787700,北投,八仙段二小段,0100-0003,臺北市,63000
981010,社子大橋新建工程第1期,9804787700,北投,八仙段二小段,0100-0004,臺北市,63000
981010,社子大橋新建工程第1期,9804787700,北投,八仙段二小段,0101-0001,臺北市,63000
981010,社子大橋新建工程第1期,9804787700,北投,八仙段二小段,0107-0004,臺北市,63000
981010,社子大橋新建工程第1期,9804787700,北投,八仙段二小段,0107-0005,臺北市,63000
981010,社子大橋新建工程第1期,9804787700,北投,八仙段二小段,0107-0006,臺北市,63000
981010,社子大橋新建工程第1期,9804787700,北投,八仙段二小段,0108-0001,臺北市,63000
981010,社子大橋新建工程第1期,9804787700,北投,八仙段二小段,0207-0002,臺北市,63000
981010,社子大橋新建工程第1期,9804787700,北投,八仙段二小段,0207-0003,臺北市,63000
981010,社子大橋新建工程第1期,9804787700,北投,八仙段二小段,0207-0004,臺北市,63000
981010,社子大橋新建工程第1期,9804787700,北投,八仙段二小段,0207-0005,臺北市,63000
981010,社子大橋新建工程第1期,9804787700,北投,八仙段二小段,0207-0007,臺北市,63000
981010,社子大橋新建工程第1期,9804787700,北投,八仙段二小段,0207-0008,臺北市,63000
981010,社子大橋新建工程第1期,9804787700,北投,八仙段二小段,0207-0009,臺北市,63000
981010,社子大橋新建工程第1期,9804787700,北投,八仙段二小段,0208-0001,臺北市,63000
981010,社子大橋新建工程第1期,9804787700,北投,八仙段二小段,0210-0003,臺北市,63000
981010,社子大橋新建工程第1期,9804787700,北投,八仙段二小段,0211-0002,臺北市,63000
981010,社子大橋新建工程第1期,9804787700,北投,八仙段二小段,0211-0003,臺北市,63000
981010,社子大橋新建工程第1期,9804787700,北投,八仙段二小段,0211-0004,臺北市,63000
981010,社子大橋新建工程第1期,9804787700,北投,八仙段二小段,0212-0001,臺北市,63000
981010,社子大橋新建工程第1期,9804787700,北投,八仙段二小段,0215-0001,臺北市,63000
981010,社子大橋新建工程第1期,9804787700,北投,八仙段二小段,0219-0002,臺北市,63000
981010,社子大橋新建工程第1期,9804787700,北投,八仙段二小段,0219-0003,臺北市,63000
981010,社子大橋新建工程第1期,9804787700,北投,八仙段二小段,0219-0004,臺北市,63000
981010,社子大橋新建工程第1期,9804787700,北投,八仙段二小段,0266-0001,臺北市,63000
981010,社子大橋新建工程第1期,9804787700,北投,八仙段二小段,0267-0001,臺北市,63000
981010,社子大橋新建工程第1期,9804787700,北投,八仙段二小段,0269-0000,臺北市,63000
981010,社子大橋新建工程第1期,9804787700,北投,八仙段二小段,0269-0001,臺北市,63000
981010,社子大橋新建工程第1期,9804787700,北投,八仙段二小段,0274-0001,臺北市,63000
981010,社子大橋新建工程第1期,9804787700,北投,八仙段二小段,0275-0003,臺北市,63000
981010,社子大橋新建工程第1期,9804787700,北投,八仙段二小段,0275-0004,臺北市,63000
981010,社子大橋新建工程第1期,9804787700,北投,八仙段二小段,0275-0005,臺北市,63000
981010,社子大橋新建工程第1期,9804787700,北投,八仙段二小段,0275-0006,臺北市,63000
981010,社子大橋新建工程第1期,9804787700,北投,八仙段二小段,0275-0007,臺北市,63000
981010,社子大橋新建工程第1期,9804787700,北投,八仙段二小段,0275-0008,臺北市,63000
981012,內湖區內溝溪生態展示館前廣場及出入口通道工程(一併),9803160400,內湖,大湖段四小段,0290-0000,臺北市,63000
981013,中山國防部示範樂隊東側後段道路(步道)新築工程,9804787500,中山,北安段一小段,0015-0077,臺北市,63000
981013,中山國防部示範樂隊東側後段道路(步道)新築工程,9804787500,中山,北安段一小段,0015-0079,臺北市,63000
981014,北部第二高速公路工程(更正徵收),9832508300,文山,指南段三小段,0584-0002,臺北市,63000
981015,臺北都會區大眾捷運系統新莊線大橋國小站聯合開發區(捷二)工程,9832437700,大同,橋北段二小段,0638-0000,臺北市,63000
981015,臺北都會區大眾捷運系統新莊線大橋國小站聯合開發區(捷二)工程,9832437700,大同,橋北段二小段,0638-0001,臺北市,63000
981015,臺北都會區大眾捷運系統新莊線大橋國小站聯合開發區(捷二)工程,9832437700,大同,橋北段二小段,0649-0000,臺北市,63000
981015,臺北都會區大眾捷運系統新莊線大橋國小站聯合開發區(捷二)工程,9832437700,大同,橋北段二小段,0651-0000,臺北市,63000
981015,臺北都會區大眾捷運系統新莊線大橋國小站聯合開發區(捷二)工程,9832437700,大同,橋北段二小段,0653-0001,臺北市,63000
981015,臺北都會區大眾捷運系統新莊線大橋國小站聯合開發區(捷二)工程,9832437700,大同,橋北段二小段,0657-0001,臺北市,63000
981015,臺北都會區大眾捷運系統新莊線大橋國小站聯合開發區(捷二)工程,9832437700,大同,橋北段二小段,0658-0003,臺北市,63000
981015,臺北都會區大眾捷運系統新莊線大橋國小站聯合開發區(捷二)工程,9832437700,大同,橋北段二小段,0658-0004,臺北市,63000
981015,臺北都會區大眾捷運系統新莊線大橋國小站聯合開發區(捷二)工程,9832437700,大同,橋北段二小段,0661-0001,臺北市,63000
981015,臺北都會區大眾捷運系統新莊線大橋國小站聯合開發區(捷二)工程,9832437700,大同,橋北段二小段,0662-0001,臺北市,63000
981015,臺北都會區大眾捷運系統新莊線大橋國小站聯合開發區(捷二)工程,9832437700,大同,橋北段二小段,0663-0001,臺北市,63000
981015,臺北都會區大眾捷運系統新莊線大橋國小站聯合開發區(捷二)工程,9832437700,大同,橋北段二小段,0664-0001,臺北市,63000
981015,臺北都會區大眾捷運系統新莊線大橋國小站聯合開發區(捷二)工程,9832437700,大同,橋北段二小段,0665-0001,臺北市,63000
981015,臺北都會區大眾捷運系統新莊線大橋國小站聯合開發區(捷二)工程,9832437700,大同,橋北段二小段,0666-0001,臺北市,63000
981015,臺北都會區大眾捷運系統新莊線大橋國小站聯合開發區(捷二)工程,9832437700,大同,橋北段二小段,0667-0001,臺北市,63000
981015,臺北都會區大眾捷運系統新莊線大橋國小站聯合開發區(捷二)工程,9832437700,大同,橋北段二小段,0668-0001,臺北市,63000
981015,臺北都會區大眾捷運系統新莊線大橋國小站聯合開發區(捷二)工程,9832437700,大同,橋北段二小段,0671-0000,臺北市,63000
981015,臺北都會區大眾捷運系統新莊線大橋國小站聯合開發區(捷二)工程,9832437700,大同,橋北段二小段,0672-0001,臺北市,63000
981015,臺北都會區大眾捷運系統新莊線大橋國小站聯合開發區(捷二)工程,9832437700,大同,橋北段二小段,0672-0002,臺北市,63000
981015,臺北都會區大眾捷運系統新莊線大橋國小站聯合開發區(捷二)工程,9832437700,大同,橋北段二小段,0673-0003,臺北市,63000
981015,臺北都會區大眾捷運系統新莊線大橋國小站聯合開發區(捷二)工程,9832437700,大同,橋北段二小段,0673-0004,臺北市,63000
981015,臺北都會區大眾捷運系統新莊線大橋國小站聯合開發區(捷二)工程,9832437700,大同,橋北段二小段,0674-0001,臺北市,63000
981015,臺北都會區大眾捷運系統新莊線大橋國小站聯合開發區(捷二)工程,9832437700,大同,橋北段二小段,0675-0001,臺北市,63000
981015,臺北都會區大眾捷運系統新莊線大橋國小站聯合開發區(捷二)工程,9832437700,大同,橋北段二小段,0676-0001,臺北市,63000
981015,臺北都會區大眾捷運系統新莊線大橋國小站聯合開發區(捷二)工程,9832437700,大同,橋北段二小段,0677-0001,臺北市,63000
981015,臺北都會區大眾捷運系統新莊線大橋國小站聯合開發區(捷二)工程,9832437700,大同,橋北段二小段,0678-0001,臺北市,63000
981015,臺北都會區大眾捷運系統新莊線大橋國小站聯合開發區(捷二)工程,9832437700,大同,橋北段二小段,0679-0000,臺北市,63000
981016,既設汐止─蘆洲161仟伏輸電線路第13、22號等2座鐵塔工程,9803910200,內湖,碧山段一小段,0464-0001,臺北市,63000
981016,既設汐止─蘆洲161仟伏輸電線路第13、22號等2座鐵塔工程,9803910200,士林,翠山段二小段,0301-0001,臺北市,63000
981017,捷運圓山站西側廣場設置轉運站工程,9804788000,大同,大龍段一小段,0265-0045,臺北市,63000
981017,捷運圓山站西側廣場設置轉運站工程,9804788000,大同,大龍段一小段,0265-0046,臺北市,63000
981017,捷運圓山站西側廣場設置轉運站工程,9804788000,大同,大龍段一小段,0265-0047,臺北市,63000
981017,捷運圓山站西側廣場設置轉運站工程,9804788000,大同,大龍段一小段,0265-0048,臺北市,63000
981018,臺北都會區大眾捷運系統松山線(南京東路站)工程(地上權),9804247000,松山,敦化段一小段,0782-0001,臺北市,63000
981018,臺北都會區大眾捷運系統松山線(南京東路站)工程(地上權),9804247000,松山,敦化段一小段,0782-0002,臺北市,63000
981019,臺北市鐵觀音包種茶研發推廣中心土地取得,9804417800,文山,草湳段三小段,0443-0002,臺北市,63000
981019,臺北市鐵觀音包種茶研發推廣中心土地取得,9804417800,文山,草湳段三小段,0444-0000,臺北市,63000
981019,臺北市鐵觀音包種茶研發推廣中心土地取得,9804417800,文山,草湳段三小段,0488-0000,臺北市,63000
981019,臺北市鐵觀音包種茶研發推廣中心土地取得,9804417800,文山,草湳段三小段,0488-0001,臺北市,63000
981019,臺北市鐵觀音包種茶研發推廣中心土地取得,9804417800,文山,草湳段三小段,0490-0000,臺北市,63000
981019,臺北市鐵觀音包種茶研發推廣中心土地取得,9804417800,文山,草湳段三小段,0490-0002,臺北市,63000
981019,臺北市鐵觀音包種茶研發推廣中心土地取得,9804417800,文山,草湳段三小段,0496-0002,臺北市,63000
981019,臺北市鐵觀音包種茶研發推廣中心土地取得,9804417800,文山,草湳段三小段,0496-0003,臺北市,63000
981020,國立臺北教育大學附設實驗國民小學為興辦生態教育體驗設施工程暨學校用地取得工程,9833025800,大安,學府段三小段,0467-0001,臺北市,63000
981020,國立臺北教育大學附設實驗國民小學為興辦生態教育體驗設施工程暨學校用地取得工程,9833025800,大安,學府段三小段,0491-0000,臺北市,63000
981020,國立臺北教育大學附設實驗國民小學為興辦生態教育體驗設施工程暨學校用地取得工程,9833025800,大安,學府段三小段,0492-0000,臺北市,63000
981021,臺北市鐵觀音包種茶研發推廣中心土地取得(補辦),9804787900,文山,草湳段三小段,0443-0002,臺北市,63000
981022,配合捷運內湖線港墘站辦理鄰旁內湖路1段667巷道路工程,9804787600,內湖,碧湖段四小段,0466-0001,臺北市,63000
981023,松山機場北側都市計畫劃定為機場用地取得計畫案98年度用地取得,9804813800,松山,濱江段四小段,0009-0001,臺北市,63000
981023,松山機場北側都市計畫劃定為機場用地取得計畫案98年度用地取得,9804813800,松山,濱江段四小段,0011-0002,臺北市,63000
981023,松山機場北側都市計畫劃定為機場用地取得計畫案98年度用地取得,9804813800,松山,濱江段四小段,0012-0002,臺北市,63000
981023,松山機場北側都市計畫劃定為機場用地取得計畫案98年度用地取得,9804813800,松山,濱江段四小段,0015-0001,臺北市,63000
981023,松山機場北側都市計畫劃定為機場用地取得計畫案98年度用地取得,9804813800,松山,濱江段四小段,0016-0003,臺北市,63000
981023,松山機場北側都市計畫劃定為機場用地取得計畫案98年度用地取得,9804813800,松山,濱江段四小段,0040-0001,臺北市,63000
981023,松山機場北側都市計畫劃定為機場用地取得計畫案98年度用地取得,9804813800,松山,濱江段四小段,0041-0001,臺北市,63000
981023,松山機場北側都市計畫劃定為機場用地取得計畫案98年度用地取得,9804813800,松山,濱江段四小段,0042-0001,臺北市,63000
981023,松山機場北側都市計畫劃定為機場用地取得計畫案98年度用地取得,9804813800,松山,濱江段四小段,0043-0001,臺北市,63000
981023,松山機場北側都市計畫劃定為機場用地取得計畫案98年度用地取得,9804813800,松山,濱江段四小段,0043-0002,臺北市,63000
981024,臺北市立北安國民中學綜合大樓新建工程北側出入口通達北安路8米寬人車分道等安全措施工程,9833107600,中山,北安段三小段,0301-0007,臺北市,63000
981024,臺北市立北安國民中學綜合大樓新建工程北側出入口通達北安路8米寬人車分道等安全措施工程,9833107600,中山,北安段三小段,0302-0008,臺北市,63000
981024,臺北市立北安國民中學綜合大樓新建工程北側出入口通達北安路8米寬人車分道等安全措施工程,9833107600,中山,北安段三小段,0302-0011,臺北市,63000
981024,臺北市立北安國民中學綜合大樓新建工程北側出入口通達北安路8米寬人車分道等安全措施工程,9833107600,中山,北安段三小段,0303-0007,臺北市,63000
981024,臺北市立北安國民中學綜合大樓新建工程北側出入口通達北安路8米寬人車分道等安全措施工程,9833107600,中山,北安段三小段,0303-0008,臺北市,63000
991002,國立臺灣戲劇藝術中心興建工程,9930057100,士林,蘭雅段三小段,0699-0002,臺北市,63000
991002,國立臺灣戲劇藝術中心興建工程,9930057100,士林,蘭雅段三小段,0699-0003,臺北市,63000
991003,核一汐止串接松湖345仟伏輸電線路第20號等2座鐵塔工程,9930063800,內湖,碧山段二小段,0200-0001,臺北市,63000
991003,核一汐止串接松湖345仟伏輸電線路第20號等2座鐵塔工程,9930063800,內湖,碧山段二小段,0202-0001,臺北市,63000
991003,核一汐止串接松湖345仟伏輸電線路第20號等2座鐵塔工程,9930063800,內湖,碧山段二小段,0369-0001,臺北市,63000
991004,臺北市區鐵路地下化南港專案工程(向陽路至南港車站段),9901083200,南港,南港段四小段,0474-0005,臺北市,63000
991004,臺北市區鐵路地下化南港專案工程(向陽路至南港車站段),9901083200,南港,南港段四小段,0474-0006,臺北市,63000
991005,生醫管理中心-衛生大樓工程,9900078900,南港,新光段一小段,0128-0011,臺北市,63000
991007,北投241號公園西側道路新築工程,9901695100,北投,桃源段四小段,0003-0000,臺北市,63000
991007,北投241號公園西側道路新築工程,9901695100,北投,桃源段四小段,0004-0000,臺北市,63000
991008,大同民權西路225巷道路拓寬工程,9902685900,大同,橋北段二小段,0673-0002,臺北市,63000
991008,大同民權西路225巷道路拓寬工程,9902685900,大同,橋北段二小段,0691-0002,臺北市,63000
991008,大同民權西路225巷道路拓寬工程,9902685900,大同,橋北段二小段,0691-0003,臺北市,63000
991008,大同民權西路225巷道路拓寬工程,9902685900,大同,橋北段二小段,0692-0001,臺北市,63000
991009,大同民權西路245巷29號至51號道路新築工程,9903075400,大同,橋北段三小段,0648-0002,臺北市,63000
991009,大同民權西路245巷29號至51號道路新築工程,9903075400,大同,橋北段三小段,0655-0001,臺北市,63000
991009,大同民權西路245巷29號至51號道路新築工程,9903075400,大同,橋北段三小段,0657-0001,臺北市,63000
991009,大同民權西路245巷29號至51號道路新築工程,9903075400,大同,橋北段三小段,0666-0001,臺北市,63000
991009,大同民權西路245巷29號至51號道路新築工程,9903075400,大同,橋北段三小段,0667-0001,臺北市,63000
991009,大同民權西路245巷29號至51號道路新築工程,9903075400,大同,橋北段三小段,0670-0001,臺北市,63000
991009,大同民權西路245巷29號至51號道路新築工程,9903075400,大同,橋北段三小段,0672-0001,臺北市,63000
991009,大同民權西路245巷29號至51號道路新築工程,9903075400,大同,橋北段三小段,0674-0001,臺北市,63000
991009,大同民權西路245巷29號至51號道路新築工程,9903075400,大同,橋北段三小段,0675-0001,臺北市,63000
991009,大同民權西路245巷29號至51號道路新築工程,9903075400,大同,橋北段三小段,0676-0001,臺北市,63000
991009,大同民權西路245巷29號至51號道路新築工程,9903075400,大同,橋北段三小段,0681-0001,臺北市,63000
991009,大同民權西路245巷29號至51號道路新築工程,9903075400,大同,橋北段三小段,0682-0002,臺北市,63000
991009,大同民權西路245巷29號至51號道路新築工程,9903075400,大同,橋北段三小段,0684-0001,臺北市,63000
991009,大同民權西路245巷29號至51號道路新築工程,9903075400,大同,橋北段三小段,0704-0002,臺北市,63000
991009,大同民權西路245巷29號至51號道路新築工程,9903075400,大同,橋北段三小段,0705-0001,臺北市,63000
991009,大同民權西路245巷29號至51號道路新築工程,9903075400,大同,橋北段三小段,0706-0001,臺北市,63000
991009,大同民權西路245巷29號至51號道路新築工程,9903075400,大同,橋北段三小段,0707-0001,臺北市,63000
991009,大同民權西路245巷29號至51號道路新築工程,9903075400,大同,橋北段三小段,0756-0002,臺北市,63000
991009,大同民權西路245巷29號至51號道路新築工程,9903075400,大同,橋北段三小段,0757-0001,臺北市,63000
991010,大同民權西路245巷1號至29號道路新築工程,9932751000,大同,橋北段三小段,0758-0001,臺北市,63000
991010,大同民權西路245巷1號至29號道路新築工程,9932751000,大同,橋北段三小段,0758-0002,臺北市,63000
991010,大同民權西路245巷1號至29號道路新築工程,9932751000,大同,橋北段三小段,0759-0001,臺北市,63000
991010,大同民權西路245巷1號至29號道路新築工程,9932751000,大同,橋北段三小段,0760-0001,臺北市,63000
991010,大同民權西路245巷1號至29號道路新築工程,9932751000,大同,橋北段三小段,0760-0002,臺北市,63000
991010,大同民權西路245巷1號至29號道路新築工程,9932751000,大同,橋北段三小段,0761-0001,臺北市,63000
991010,大同民權西路245巷1號至29號道路新築工程,9932751000,大同,橋北段三小段,0761-0002,臺北市,63000
991010,大同民權西路245巷1號至29號道路新築工程,9932751000,大同,橋北段三小段,0819-0001,臺北市,63000
991010,大同民權西路245巷1號至29號道路新築工程,9932751000,大同,橋北段三小段,0819-0002,臺北市,63000
991010,大同民權西路245巷1號至29號道路新築工程,9932751000,大同,橋北段三小段,0820-0002,臺北市,63000
991010,大同民權西路245巷1號至29號道路新築工程,9932751000,大同,橋北段三小段,0820-0003,臺北市,63000
991010,大同民權西路245巷1號至29號道路新築工程,9932751000,大同,橋北段三小段,0821-0001,臺北市,63000
991010,大同民權西路245巷1號至29號道路新築工程,9932751000,大同,橋北段三小段,0821-0003,臺北市,63000
991010,大同民權西路245巷1號至29號道路新築工程,9932751000,大同,橋北段三小段,0822-0001,臺北市,63000
991010,大同民權西路245巷1號至29號道路新築工程,9932751000,大同,橋北段三小段,0822-0003,臺北市,63000
991010,大同民權西路245巷1號至29號道路新築工程,9932751000,大同,橋北段三小段,0823-0001,臺北市,63000
991010,大同民權西路245巷1號至29號道路新築工程,9932751000,大同,橋北段三小段,0823-0002,臺北市,63000
991010,大同民權西路245巷1號至29號道路新築工程,9932751000,大同,橋北段三小段,0823-0003,臺北市,63000
991010,大同民權西路245巷1號至29號道路新築工程,9932751000,大同,橋北段三小段,0824-0001,臺北市,63000
991010,大同民權西路245巷1號至29號道路新築工程,9932751000,大同,橋北段三小段,0824-0002,臺北市,63000
991010,大同民權西路245巷1號至29號道路新築工程,9932751000,大同,橋北段三小段,0825-0001,臺北市,63000
991010,大同民權西路245巷1號至29號道路新築工程,9932751000,大同,橋北段三小段,0825-0002,臺北市,63000
991010,大同民權西路245巷1號至29號道路新築工程,9932751000,大同,橋北段三小段,0826-0002,臺北市,63000
991010,大同民權西路245巷1號至29號道路新築工程,9932751000,大同,橋北段三小段,0826-0007,臺北市,63000
991010,大同民權西路245巷1號至29號道路新築工程,9932751000,大同,橋北段三小段,0827-0001,臺北市,63000
991010,大同民權西路245巷1號至29號道路新築工程,9932751000,大同,橋北段三小段,0827-0003,臺北市,63000
991010,大同民權西路245巷1號至29號道路新築工程,9932751000,大同,橋北段三小段,0827-0004,臺北市,63000
991010,大同民權西路245巷1號至29號道路新築工程,9932751000,大同,橋北段三小段,0828-0001,臺北市,63000
991010,大同民權西路245巷1號至29號道路新築工程,9932751000,大同,橋北段三小段,0828-0002,臺北市,63000
991010,大同民權西路245巷1號至29號道路新築工程,9932751000,大同,橋北段三小段,0828-0003,臺北市,63000
991010,大同民權西路245巷1號至29號道路新築工程,9932751000,大同,橋北段三小段,0830-0001,臺北市,63000
991010,大同民權西路245巷1號至29號道路新築工程,9932751000,大同,橋北段三小段,0830-0002,臺北市,63000
991011,內湖124號公園擴建工程,9902685800,內湖,東湖段七小段,0018-0001,臺北市,63000
991011,內湖124號公園擴建工程,9902685800,內湖,東湖段七小段,0019-0001,臺北市,63000
991011,內湖124號公園擴建工程,9902685800,內湖,東湖段七小段,0020-0000,臺北市,63000
991011,內湖124號公園擴建工程,9902685800,內湖,東湖段七小段,0021-0000,臺北市,63000
991011,內湖124號公園擴建工程,9902685800,內湖,東湖段七小段,0022-0000,臺北市,63000
991011,內湖124號公園擴建工程,9902685800,內湖,東湖段七小段,0023-0000,臺北市,63000
991011,內湖124號公園擴建工程,9902685800,內湖,東湖段七小段,0024-0000,臺北市,63000
991011,內湖124號公園擴建工程,9902685800,內湖,東湖段七小段,0025-0000,臺北市,63000
991011,內湖124號公園擴建工程,9902685800,內湖,東湖段七小段,0649-0000,臺北市,63000
991011,內湖124號公園擴建工程,9902685800,內湖,東湖段七小段,0650-0000,臺北市,63000
991011,內湖124號公園擴建工程,9902685800,內湖,東湖段七小段,0651-0000,臺北市,63000
991011,內湖124號公園擴建工程,9902685800,內湖,東湖段七小段,0652-0000,臺北市,63000
991012,文山19號公園東南側道路新築工程,9902198400,文山,興隆段二小段,0234-0001,臺北市,63000
991014,臺北市區鐵路地下化南港專案工程(中南街至研究院路段),9902063200,南港,南港段二小段,0728-0004,臺北市,63000
991014,臺北市區鐵路地下化南港專案工程(中南街至研究院路段),9902063200,南港,南港段二小段,0730-0002,臺北市,63000
991014,臺北市區鐵路地下化南港專案工程(中南街至研究院路段),9902063200,南港,南港段二小段,0731-0002,臺北市,63000
991014,臺北市區鐵路地下化南港專案工程(中南街至研究院路段),9902063200,南港,南港段二小段,0732-0001,臺北市,63000
991014,臺北市區鐵路地下化南港專案工程(中南街至研究院路段),9902063200,南港,南港段二小段,0733-0001,臺北市,63000
991014,臺北市區鐵路地下化南港專案工程(中南街至研究院路段),9902063200,南港,南港段二小段,0734-0003,臺北市,63000
991015,大同重慶北路3段312巷西側第2期道路新築工程,9902685700,大同,文昌段一小段,0121-0001,臺北市,63000
991015,大同重慶北路3段312巷西側第2期道路新築工程,9902685700,大同,文昌段一小段,0122-0000,臺北市,63000
991015,大同重慶北路3段312巷西側第2期道路新築工程,9902685700,大同,文昌段一小段,0128-0001,臺北市,63000
991015,大同重慶北路3段312巷西側第2期道路新築工程,9902685700,大同,文昌段一小段,0129-0002,臺北市,63000
991015,大同重慶北路3段312巷西側第2期道路新築工程,9902685700,大同,文昌段一小段,0129-0003,臺北市,63000
991016,臺北市區鐵路地下化南港專案工程(基隆路至松山路段),9902888200,信義,虎林段三小段,0099-0001,臺北市,63000
991016,臺北市區鐵路地下化南港專案工程(基隆路至松山路段),9902888200,信義,虎林段三小段,0099-0003,臺北市,63000
991016,臺北市區鐵路地下化南港專案工程(基隆路至松山路段),9902888200,信義,虎林段三小段,0103-0002,臺北市,63000
991016,臺北市區鐵路地下化南港專案工程(基隆路至松山路段),9902888200,信義,虎林段三小段,0103-0003,臺北市,63000
991016,臺北市區鐵路地下化南港專案工程(基隆路至松山路段),9902888200,信義,虎林段三小段,0132-0001,臺北市,63000
991016,臺北市區鐵路地下化南港專案工程(基隆路至松山路段),9902888200,信義,虎林段三小段,0132-0002,臺北市,63000
991016,臺北市區鐵路地下化南港專案工程(基隆路至松山路段),9902888200,信義,虎林段三小段,0133-0000,臺北市,63000
991016,臺北市區鐵路地下化南港專案工程(基隆路至松山路段),9902888200,信義,虎林段三小段,0133-0001,臺北市,63000
991016,臺北市區鐵路地下化南港專案工程(基隆路至松山路段),9902888200,信義,虎林段三小段,0161-0002,臺北市,63000
991016,臺北市區鐵路地下化南港專案工程(基隆路至松山路段),9902888200,信義,虎林段三小段,0295-0003,臺北市,63000
991016,臺北市區鐵路地下化南港專案工程(基隆路至松山路段),9902888200,信義,虎林段三小段,0299-0001,臺北市,63000
991016,臺北市區鐵路地下化南港專案工程(基隆路至松山路段),9902888200,信義,虎林段三小段,0299-0003,臺北市,63000
991016,臺北市區鐵路地下化南港專案工程(基隆路至松山路段),9902888200,信義,虎林段三小段,0327-0002,臺北市,63000
991016,臺北市區鐵路地下化南港專案工程(基隆路至松山路段),9902888200,松山,寶清段七小段,0689-0000,臺北市,63000
991016,臺北市區鐵路地下化南港專案工程(基隆路至松山路段),9902888200,松山,寶清段七小段,0689-0001,臺北市,63000
991016,臺北市區鐵路地下化南港專案工程(基隆路至松山路段),9902888200,松山,寶清段七小段,0690-0000,臺北市,63000
991016,臺北市區鐵路地下化南港專案工程(基隆路至松山路段),9902888200,松山,寶清段七小段,0694-0000,臺北市,63000
991016,臺北市區鐵路地下化南港專案工程(基隆路至松山路段),9902888200,松山,寶清段七小段,0696-0000,臺北市,63000
991016,臺北市區鐵路地下化南港專案工程(基隆路至松山路段),9902888200,松山,寶清段七小段,0697-0000,臺北市,63000
991016,臺北市區鐵路地下化南港專案工程(基隆路至松山路段),9902888200,松山,寶清段七小段,0699-0001,臺北市,63000
991016,臺北市區鐵路地下化南港專案工程(基隆路至松山路段),9902888200,松山,寶清段七小段,0750-0000,臺北市,63000
991016,臺北市區鐵路地下化南港專案工程(基隆路至松山路段),9902888200,松山,寶清段二小段,0249-0007,臺北市,63000
991017,大安和平東路2段130巷道路新築工程,9902198500,大安,學府段一小段,0635-0000,臺北市,63000
991020,臺北市區鐵路地下化南港專案工程(松山路至東新街段),9933038700,南港,玉成段三小段,0351-0003,臺北市,63000
991020,臺北市區鐵路地下化南港專案工程(松山路至東新街段),9933038700,南港,玉成段三小段,0351-0010,臺北市,63000
991020,臺北市區鐵路地下化南港專案工程(松山路至東新街段),9933038700,南港,玉成段三小段,0351-0011,臺北市,63000
991020,臺北市區鐵路地下化南港專案工程(松山路至東新街段),9933038700,南港,玉成段三小段,0351-0012,臺北市,63000
991020,臺北市區鐵路地下化南港專案工程(松山路至東新街段),9933038700,南港,玉成段三小段,0512-0002,臺北市,63000
991020,臺北市區鐵路地下化南港專案工程(松山路至東新街段),9933038700,南港,玉成段三小段,0540-0000,臺北市,63000
991020,臺北市區鐵路地下化南港專案工程(松山路至東新街段),9933038700,南港,玉成段三小段,0599-0003,臺北市,63000
991021,臺北市區鐵路地下化南港專案工程(南港車站至中南街段),9903280600,南港,南港段二小段,0505-0001,臺北市,63000
991021,臺北市區鐵路地下化南港專案工程(南港車站至中南街段),9903280600,南港,南港段二小段,0555-0006,臺北市,63000
991021,臺北市區鐵路地下化南港專案工程(南港車站至中南街段),9903280600,南港,南港段二小段,0556-0001,臺北市,63000
991021,臺北市區鐵路地下化南港專案工程(南港車站至中南街段),9903280600,南港,南港段二小段,0557-0002,臺北市,63000
991021,臺北市區鐵路地下化南港專案工程(南港車站至中南街段),9903280600,南港,南港段二小段,0764-0002,臺北市,63000
991021,臺北市區鐵路地下化南港專案工程(南港車站至中南街段),9903280600,南港,南港段二小段,0765-0001,臺北市,63000
991021,臺北市區鐵路地下化南港專案工程(南港車站至中南街段),9903280600,南港,南港段二小段,0896-0010,臺北市,63000
991021,臺北市區鐵路地下化南港專案工程(南港車站至中南街段),9903280600,南港,南港段二小段,0896-0011,臺北市,63000
991021,臺北市區鐵路地下化南港專案工程(南港車站至中南街段),9903280600,南港,南港段二小段,0896-0012,臺北市,63000
991021,臺北市區鐵路地下化南港專案工程(南港車站至中南街段),9903280600,南港,南港段二小段,0896-0013,臺北市,63000
991021,臺北市區鐵路地下化南港專案工程(南港車站至中南街段),9903280600,南港,南港段二小段,0896-0014,臺北市,63000
991021,臺北市區鐵路地下化南港專案工程(南港車站至中南街段),9903280600,南港,南港段二小段,0897-0002,臺北市,63000
991021,臺北市區鐵路地下化南港專案工程(南港車站至中南街段),9903280600,南港,南港段二小段,0898-0001,臺北市,63000
991021,臺北市區鐵路地下化南港專案工程(南港車站至中南街段),9903280600,南港,南港段二小段,0898-0005,臺北市,63000
991021,臺北市區鐵路地下化南港專案工程(南港車站至中南街段),9903280600,南港,南港段二小段,0899-0001,臺北市,63000
991021,臺北市區鐵路地下化南港專案工程(南港車站至中南街段),9903280600,南港,南港段二小段,0899-0003,臺北市,63000
991021,臺北市區鐵路地下化南港專案工程(南港車站至中南街段),9903280600,南港,南港段二小段,0900-0001,臺北市,63000
991021,臺北市區鐵路地下化南港專案工程(南港車站至中南街段),9903280600,南港,南港段二小段,0916-0004,臺北市,63000
991021,臺北市區鐵路地下化南港專案工程(南港車站至中南街段),9903280600,南港,南港段二小段,0916-0006,臺北市,63000
991021,臺北市區鐵路地下化南港專案工程(南港車站至中南街段),9903280600,南港,南港段二小段,0917-0002,臺北市,63000
991021,臺北市區鐵路地下化南港專案工程(南港車站至中南街段),9903280600,南港,南港段二小段,0917-0003,臺北市,63000
991021,臺北市區鐵路地下化南港專案工程(南港車站至中南街段),9903280600,南港,南港段二小段,0918-0003,臺北市,63000
991022,萬華廣州街223巷南側道路新築工程,9903545900,萬華,龍山段一小段,0442-0001,臺北市,63000
991022,萬華廣州街223巷南側道路新築工程,9903545900,萬華,龍山段一小段,0443-0003,臺北市,63000
991022,萬華廣州街223巷南側道路新築工程,9903545900,萬華,龍山段一小段,0451-0001,臺北市,63000
991022,萬華廣州街223巷南側道路新築工程,9903545900,萬華,龍山段一小段,0454-0000,臺北市,63000
991022,萬華廣州街223巷南側道路新築工程,9903545900,萬華,龍山段一小段,0460-0000,臺北市,63000
991022,萬華廣州街223巷南側道路新築工程,9903545900,萬華,龍山段一小段,0473-0000,臺北市,63000
991022,萬華廣州街223巷南側道路新築工程,9903545900,萬華,龍山段一小段,0474-0000,臺北市,63000
991022,萬華廣州街223巷南側道路新築工程,9903545900,萬華,龍山段一小段,0477-0000,臺北市,63000
991022,萬華廣州街223巷南側道路新築工程,9903545900,萬華,龍山段一小段,0519-0001,臺北市,63000
991022,萬華廣州街223巷南側道路新築工程,9903545900,萬華,龍山段一小段,0522-0001,臺北市,63000
991022,萬華廣州街223巷南側道路新築工程,9903545900,萬華,龍山段一小段,0523-0001,臺北市,63000
991022,萬華廣州街223巷南側道路新築工程,9903545900,萬華,龍山段一小段,0526-0001,臺北市,63000
991023,國立臺北教育大學附設實驗國民小學為辦理生態教育體驗設施工程暨學校用地取得,9901695000,大安,學府段三小段,0387-0000,臺北市,63000
991024,「松山機場北側都市計畫劃定為機場用地取得計畫案」99年度用地,9902198700,松山,濱江段四小段,0060-0003,臺北市,63000
991024,「松山機場北側都市計畫劃定為機場用地取得計畫案」99年度用地,9902198700,松山,濱江段四小段,0061-0001,臺北市,63000
991024,「松山機場北側都市計畫劃定為機場用地取得計畫案」99年度用地,9902198700,松山,濱江段四小段,0062-0001,臺北市,63000
991024,「松山機場北側都市計畫劃定為機場用地取得計畫案」99年度用地,9902198700,松山,濱江段四小段,0064-0001,臺北市,63000
991025,興建核一-汐止串接松湖345仟伏輸電線路第32號連接站暨地下電纜管路工程,9932005400,內湖,西湖段一小段,0066-0009,臺北市,63000
991025,興建核一-汐止串接松湖345仟伏輸電線路第32號連接站暨地下電纜管路工程,9932005400,內湖,西湖段一小段,0066-0010,臺北市,63000
991025,興建核一-汐止串接松湖345仟伏輸電線路第32號連接站暨地下電纜管路工程,9932005400,內湖,西湖段一小段,0091-0003,臺北市,63000
991025,興建核一-汐止串接松湖345仟伏輸電線路第32號連接站暨地下電纜管路工程,9932005400,內湖,西湖段一小段,0091-0005,臺北市,63000
991026,台灣電力股份有限公司為使興雅變電所基地完整,9902478400,信義,雅祥段二小段,0002-0000,臺北市,63000
991027,既設汐止~蘆洲161仟伏輸電線路第14、15號鐵塔,9932674900,內湖,碧山段一小段,0499-0001,臺北市,63000
991027,既設汐止~蘆洲161仟伏輸電線路第14、15號鐵塔,9932674900,內湖,碧山段一小段,0508-0001,臺北市,63000
991027,既設汐止~蘆洲161仟伏輸電線路第14、15號鐵塔,9932674900,內湖,碧山段二小段,0532-0001,臺北市,63000
991029,大同27號廣場新建工程,9903238200,大同,大龍段一小段,0265-0051,臺北市,63000
991030,既設汐止-蘆洲161仟伏輸電線路第27、28號鐵塔需要,9903809300,士林,至善段五小段,0245-0001,臺北市,63000
991030,既設汐止-蘆洲161仟伏輸電線路第27、28號鐵塔需要,9903809300,士林,至善段五小段,0342-0001,臺北市,63000
991030,既設汐止-蘆洲161仟伏輸電線路第27、28號鐵塔需要,9903809300,士林,至善段五小段,0344-0001,臺北市,63000
991030,既設汐止-蘆洲161仟伏輸電線路第27、28號鐵塔需要,9903809300,士林,至善段五小段,0345-0001,臺北市,63000
1001001,文山(景美)42號綠地擴建工程,10001503100,文山,興安段四小段,0055-0000,臺北市,63000
1001002,松山南京東路5段389巷(撫遠街66巷健康公園東側)道路新築工程,10003618800,松山,寶清段一小段,0242-0001,臺北市,63000
1001002,松山南京東路5段389巷(撫遠街66巷健康公園東側)道路新築工程,10003618800,松山,寶清段一小段,0253-0001,臺北市,63000
1001003,萬華廣州街223巷北側道路新築工程,10003618900,萬華,龍山段一小段,0400-0001,臺北市,63000
1001003,萬華廣州街223巷北側道路新築工程,10003618900,萬華,龍山段一小段,0401-0000,臺北市,63000
1001003,萬華廣州街223巷北側道路新築工程,10003618900,萬華,龍山段一小段,0413-0000,臺北市,63000
1001003,萬華廣州街223巷北側道路新築工程,10003618900,萬華,龍山段一小段,0417-0000,臺北市,63000
1001003,萬華廣州街223巷北側道路新築工程,10003618900,萬華,龍山段一小段,0425-0000,臺北市,63000
1001003,萬華廣州街223巷北側道路新築工程,10003618900,萬華,龍山段一小段,0426-0000,臺北市,63000
1001003,萬華廣州街223巷北側道路新築工程,10003618900,萬華,龍山段一小段,0429-0000,臺北市,63000
1001003,萬華廣州街223巷北側道路新築工程,10003618900,萬華,龍山段一小段,0431-0000,臺北市,63000
1001003,萬華廣州街223巷北側道路新築工程,10003618900,萬華,龍山段一小段,0432-0000,臺北市,63000
1001003,萬華廣州街223巷北側道路新築工程,10003618900,萬華,龍山段一小段,0441-0000,臺北市,63000
1001003,萬華廣州街223巷北側道路新築工程,10003618900,萬華,龍山段一小段,0442-0000,臺北市,63000
1001004,大安安和路2段32巷東段道路拓寬工程,10003734700,大安,通化段五小段,0130-0000,臺北市,63000
1001004,大安安和路2段32巷東段道路拓寬工程,10003734700,大安,通化段五小段,0130-0001,臺北市,63000
1001004,大安安和路2段32巷東段道路拓寬工程,10003734700,大安,通化段五小段,0132-0000,臺北市,63000
1001006,大同迪化街2段146巷道路新築工程,10003734800,大同,橋北段三小段,0170-0002,臺北市,63000
1001006,大同迪化街2段146巷道路新築工程,10003734800,大同,橋北段三小段,0170-0003,臺北市,63000
1001006,大同迪化街2段146巷道路新築工程,10003734800,大同,橋北段三小段,0173-0002,臺北市,63000
1001006,大同迪化街2段146巷道路新築工程,10003734800,大同,橋北段三小段,0174-0002,臺北市,63000
1001006,大同迪化街2段146巷道路新築工程,10003734800,大同,橋北段三小段,0189-0003,臺北市,63000
1001006,大同迪化街2段146巷道路新築工程,10003734800,大同,橋北段三小段,0190-0004,臺北市,63000
1001006,大同迪化街2段146巷道路新築工程,10003734800,大同,橋北段三小段,0190-0005,臺北市,63000
1001006,大同迪化街2段146巷道路新築工程,10003734800,大同,橋北段三小段,0191-0002,臺北市,63000
1001006,大同迪化街2段146巷道路新築工程,10003734800,大同,橋北段三小段,0192-0002,臺北市,63000
1001006,大同迪化街2段146巷道路新築工程,10003734800,大同,橋北段三小段,0206-0002,臺北市,63000
1001006,大同迪化街2段146巷道路新築工程,10003734800,大同,橋北段三小段,0207-0002,臺北市,63000
1001006,大同迪化街2段146巷道路新築工程,10003734800,大同,橋北段三小段,0208-0004,臺北市,63000
1001009,大同庫倫街道路拓寬工程,10002687600,大同,大龍段一小段,0265-0052,臺北市,63000
1001009,大同庫倫街道路拓寬工程,10002687600,大同,大龍段一小段,0265-0053,臺北市,63000
1001009,大同庫倫街道路拓寬工程,10002687600,大同,大龍段一小段,0265-0054,臺北市,63000
1001009,大同庫倫街道路拓寬工程,10002687600,大同,大龍段一小段,0265-0055,臺北市,63000
1001009,大同庫倫街道路拓寬工程,10002687600,大同,大龍段一小段,0265-0056,臺北市,63000
1001009,大同庫倫街道路拓寬工程,10002687600,大同,大龍段一小段,0265-0057,臺北市,63000
1001009,大同庫倫街道路拓寬工程,10002687600,大同,大龍段一小段,0297-0002,臺北市,63000
1001010,中山381號綠地新建工程,10001647800,中山,北安段三小段,0812-0000,臺北市,63000
1001011,南港2號(玉成)公園工程,10002202600,南港,玉成段五小段,0803-0001,臺北市,63000
1001011,南港2號(玉成)公園工程,10002202600,南港,玉成段五小段,0804-0001,臺北市,63000
1001011,南港2號(玉成)公園工程,10002202600,南港,玉成段五小段,0806-0001,臺北市,63000
1001011,南港2號(玉成)公園工程,10002202600,南港,玉成段五小段,0807-0001,臺北市,63000
1001011,南港2號(玉成)公園工程,10002202600,南港,玉成段五小段,0815-0001,臺北市,63000
1001011,南港2號(玉成)公園工程,10002202600,南港,玉成段五小段,0818-0001,臺北市,63000
1001011,南港2號(玉成)公園工程,10002202600,南港,玉成段五小段,0819-0001,臺北市,63000
1001012,信義信義路5段150巷400弄道路拓寬工程,10003734600,信義,祥和段三小段,0195-0000,臺北市,63000
1001012,信義信義路5段150巷400弄道路拓寬工程,10003734600,信義,祥和段三小段,0197-0000,臺北市,63000
1001012,信義信義路5段150巷400弄道路拓寬工程,10003734600,信義,祥和段三小段,0197-0001,臺北市,63000
1001012,信義信義路5段150巷400弄道路拓寬工程,10003734600,信義,祥和段三小段,0375-0000,臺北市,63000
1001012,信義信義路5段150巷400弄道路拓寬工程,10003734600,信義,祥和段四小段,0067-0000,臺北市,63000
1001012,信義信義路5段150巷400弄道路拓寬工程,10003734600,信義,祥和段四小段,0070-0006,臺北市,63000
1001013,士林社中街250巷底西側道路新築工程,10004168900,士林,永平段一小段,0152-0001,臺北市,63000
1001013,士林社中街250巷底西側道路新築工程,10004168900,士林,永平段一小段,0225-0000,臺北市,63000
1001013,士林社中街250巷底西側道路新築工程,10004168900,士林,永平段一小段,0227-0000,臺北市,63000
1001013,士林社中街250巷底西側道路新築工程,10004168900,士林,永平段一小段,0229-0001,臺北市,63000
1001013,士林社中街250巷底西側道路新築工程,10004168900,士林,永平段一小段,0263-0002,臺北市,63000
1001014,信義松山菸廠文化園區北側道路新築工程,10003736900,信義,逸仙段二小段,0034-0000,臺北市,63000
1001014,信義松山菸廠文化園區北側道路新築工程,10003736900,信義,逸仙段二小段,0035-0000,臺北市,63000
1001014,信義松山菸廠文化園區北側道路新築工程,10003736900,信義,逸仙段二小段,0035-0001,臺北市,63000
1001014,信義松山菸廠文化園區北側道路新築工程,10003736900,信義,逸仙段二小段,0035-0002,臺北市,63000
1001015,文山區指南里高地供水配水池暨加壓站工程,10001979400,文山,指南段三小段,0631-0004,臺北市,63000
1001015,文山區指南里高地供水配水池暨加壓站工程,10001979400,文山,指南段三小段,0632-0005,臺北市,63000
1001015,文山區指南里高地供水配水池暨加壓站工程,10001979400,文山,指南段四小段,0640-0007,臺北市,63000
1001016,大同重慶北路3段312巷西側第2期道路新築工程(一併),10002420700,大同,文昌段一小段,0129-0000,臺北市,63000
1001017,大同民權西路225巷道路拓寬工程(一併),10002436700,大同,橋北段二小段,0673-0001,臺北市,63000
1001018,大同民權西路245巷1號至29號道路新築工程(一併),10002666000,大同,橋北段三小段,0830-0000,臺北市,63000
1001019,臺北市文山區指南里高地供水配水池暨加壓站工程(一併),10003459300,文山,指南段三小段,0632-0002,臺北市,63000
1001020,臺北市文山區永建國民小學遷建校舍新建工程,10003737000,文山,華興段一小段,0146-0001,臺北市,63000
1001020,臺北市文山區永建國民小學遷建校舍新建工程,10003737000,文山,華興段一小段,0149-0000,臺北市,63000
1001020,臺北市文山區永建國民小學遷建校舍新建工程,10003737000,文山,華興段一小段,0152-0001,臺北市,63000
1001020,臺北市文山區永建國民小學遷建校舍新建工程,10003737000,文山,華興段一小段,0155-0001,臺北市,63000
1001020,臺北市文山區永建國民小學遷建校舍新建工程,10003737000,文山,華興段一小段,0155-0002,臺北市,63000
1001020,臺北市文山區永建國民小學遷建校舍新建工程,10003737000,文山,華興段一小段,0156-0000,臺北市,63000
1001020,臺北市文山區永建國民小學遷建校舍新建工程,10003737000,文山,華興段一小段,0157-0001,臺北市,63000
1001020,臺北市文山區永建國民小學遷建校舍新建工程,10003737000,文山,華興段一小段,0162-0001,臺北市,63000
1001020,臺北市文山區永建國民小學遷建校舍新建工程,10003737000,文山,華興段一小段,0163-0001,臺北市,63000
1001021,北投桃源段二小段251地號等16筆土地都市更新事業計畫案週邊道路新築工程,10003723500,北投,桃源段二小段,0228-0002,臺北市,63000
1001021,北投桃源段二小段251地號等16筆土地都市更新事業計畫案週邊道路新築工程,10003723500,北投,桃源段二小段,0346-0000,臺北市,63000
1001022,公有永吉市場用地完整性,10003731400,信義,永吉段二小段,0137-0000,臺北市,63000
1001023,交通部公路總局辦公大樓新建工程,10003731500,萬華,萬大段一小段,0290-0001,臺北市,63000
1001024,台灣電力股份有限公司為既設汐止-蘆洲161仟伏輸電線路第10號鐵塔,10003742500,內湖,大湖段一小段,0165-0001,臺北市,63000
1001024,台灣電力股份有限公司為既設汐止-蘆洲161仟伏輸電線路第10號鐵塔,10003742500,內湖,大湖段一小段,0168-0001,臺北市,63000
1001025,行政院國軍退除役官兵輔導委員會臺北榮民總醫院新門診大樓新建工程,10004168800,北投,崇仰段三小段,0246-0000,臺北市,63000
1011001,大安古莊公園東側道路新築工程,10103638800,大安,龍泉段三小段,0797-0000,臺北市,63000
1011001,大安古莊公園東側道路新築工程,10103638800,大安,龍泉段三小段,0800-0000,臺北市,63000
1011001,大安古莊公園東側道路新築工程,10103638800,大安,龍泉段三小段,0804-0000,臺北市,63000
1011001,大安古莊公園東側道路新築工程,10103638800,大安,龍泉段三小段,0925-0001,臺北市,63000
1011001,大安古莊公園東側道路新築工程,10103638800,大安,龍泉段三小段,0927-0005,臺北市,63000
1011001,大安古莊公園東側道路新築工程,10103638800,大安,龍泉段三小段,0928-0002,臺北市,63000
1011002,松山民生東路3段140巷北段道路新築工程,10103694700,松山,敦化段一小段,0045-0000,臺北市,63000
1011002,松山民生東路3段140巷北段道路新築工程,10103694700,松山,敦化段一小段,0046-0002,臺北市,63000
1011002,松山民生東路3段140巷北段道路新築工程,10103694700,松山,敦化段一小段,0047-0001,臺北市,63000
1011002,松山民生東路3段140巷北段道路新築工程,10103694700,松山,敦化段一小段,0051-0001,臺北市,63000
1011002,松山民生東路3段140巷北段道路新築工程,10103694700,松山,敦化段一小段,0256-0001,臺北市,63000
1011002,松山民生東路3段140巷北段道路新築工程,10103694700,松山,敦化段一小段,0256-0005,臺北市,63000
1011002,松山民生東路3段140巷北段道路新築工程,10103694700,松山,敦化段一小段,0258-0002,臺北市,63000
1011002,松山民生東路3段140巷北段道路新築工程,10103694700,松山,敦化段一小段,0258-0009,臺北市,63000
1011003,大同延平北路1段66巷道路新築工程,10103695000,大同,玉泉段二小段,0261-0001,臺北市,63000
1011003,大同延平北路1段66巷道路新築工程,10103695000,大同,玉泉段二小段,0263-0002,臺北市,63000
1011003,大同延平北路1段66巷道路新築工程,10103695000,大同,玉泉段二小段,0265-0001,臺北市,63000
1011003,大同延平北路1段66巷道路新築工程,10103695000,大同,玉泉段二小段,0266-0001,臺北市,63000
1011003,大同延平北路1段66巷道路新築工程,10103695000,大同,玉泉段二小段,0291-0001,臺北市,63000
1011003,大同延平北路1段66巷道路新築工程,10103695000,大同,玉泉段二小段,0294-0001,臺北市,63000
1011003,大同延平北路1段66巷道路新築工程,10103695000,大同,玉泉段二小段,0294-0002,臺北市,63000
1011003,大同延平北路1段66巷道路新築工程,10103695000,大同,玉泉段二小段,0295-0001,臺北市,63000
1011003,大同延平北路1段66巷道路新築工程,10103695000,大同,玉泉段二小段,0296-0001,臺北市,63000
1011003,大同延平北路1段66巷道路新築工程,10103695000,大同,玉泉段二小段,0306-0001,臺北市,63000
1011006,南港昆陽街171巷1弄東段道路新築工程,10200090800,南港,玉成段四小段,0295-0002,臺北市,63000
1011006,南港昆陽街171巷1弄東段道路新築工程,10200090800,南港,玉成段四小段,0300-0000,臺北市,63000
1011006,南港昆陽街171巷1弄東段道路新築工程,10200090800,南港,玉成段四小段,0301-0000,臺北市,63000
1011006,南港昆陽街171巷1弄東段道路新築工程,10200090800,南港,玉成段四小段,0314-0002,臺北市,63000
1011006,南港昆陽街171巷1弄東段道路新築工程,10200090800,南港,玉成段四小段,0318-0002,臺北市,63000
1011007,中正善導寺西北側道路新築工程,10103694800,中正,成功段一小段,0238-0002,臺北市,63000
1011007,中正善導寺西北側道路新築工程,10103694800,中正,成功段一小段,0242-0001,臺北市,63000
1011007,中正善導寺西北側道路新築工程,10103694800,中正,成功段一小段,0251-0001,臺北市,63000
1011007,中正善導寺西北側道路新築工程,10103694800,中正,成功段一小段,0253-0003,臺北市,63000
1011008,臺北市區鐵路地下化南港專案工程(基隆路至松山路段)(一併),10102211900,松山,寶清段二小段,0249-0000,臺北市,63000
1011008,臺北市區鐵路地下化南港專案工程(基隆路至松山路段)(一併),10102211900,松山,寶清段二小段,0249-0008,臺北市,63000
1011009,內湖內湖路1段667巷中段道路拓寬工程,10103695100,內湖,碧湖段四小段,0425-0002,臺北市,63000
1011009,內湖內湖路1段667巷中段道路拓寬工程,10103695100,內湖,碧湖段四小段,0426-0000,臺北市,63000
1011009,內湖內湖路1段667巷中段道路拓寬工程,10103695100,內湖,碧湖段四小段,0433-0001,臺北市,63000
1011009,內湖內湖路1段667巷中段道路拓寬工程,10103695100,內湖,碧湖段四小段,0434-0003,臺北市,63000
1011009,內湖內湖路1段667巷中段道路拓寬工程,10103695100,內湖,碧湖段四小段,0462-0000,臺北市,63000
1011010,北投天母北路105巷道路拓寬工程,10103638500,北投,行義段三小段,0309-0000,臺北市,63000
1011010,北投天母北路105巷道路拓寬工程,10103638500,北投,行義段三小段,0466-0001,臺北市,63000
1011011,文山(木柵)89號公園新建工程,10103629200,文山,木柵段三小段,0404-0000,臺北市,63000
1011011,文山(木柵)89號公園新建工程,10103629200,文山,木柵段三小段,0405-0000,臺北市,63000
1011011,文山(木柵)89號公園新建工程,10103629200,文山,木柵段三小段,0458-0000,臺北市,63000
1011012,大同民權西路225巷北側道路拓寬工程,10103638400,大同,橋北段二小段,0653-0003,臺北市,63000
1011012,大同民權西路225巷北側道路拓寬工程,10103638400,大同,橋北段二小段,0654-0001,臺北市,63000
1011012,大同民權西路225巷北側道路拓寬工程,10103638400,大同,橋北段二小段,0657-0000,臺北市,63000
1011012,大同民權西路225巷北側道路拓寬工程,10103638400,大同,橋北段二小段,0658-0001,臺北市,63000
1011012,大同民權西路225巷北側道路拓寬工程,10103638400,大同,橋北段二小段,0658-0002,臺北市,63000
1011012,大同民權西路225巷北側道路拓寬工程,10103638400,大同,橋北段二小段,0672-0000,臺北市,63000
1011012,大同民權西路225巷北側道路拓寬工程,10103638400,大同,橋北段二小段,0673-0001,臺北市,63000
1011013,萬華昆明街257巷5號旁道路新築工程,10103638600,萬華,萬華段一小段,0344-0001,臺北市,63000
1011013,萬華昆明街257巷5號旁道路新築工程,10103638600,萬華,萬華段一小段,0344-0002,臺北市,63000
1011013,萬華昆明街257巷5號旁道路新築工程,10103638600,萬華,萬華段一小段,0345-0002,臺北市,63000
1011013,萬華昆明街257巷5號旁道路新築工程,10103638600,萬華,萬華段一小段,0345-0003,臺北市,63000
1011013,萬華昆明街257巷5號旁道路新築工程,10103638600,萬華,萬華段一小段,0345-0004,臺北市,63000
1011013,萬華昆明街257巷5號旁道路新築工程,10103638600,萬華,萬華段一小段,0346-0001,臺北市,63000
1011014,文山(景美)21號興泰公園擴建工程,10103628700,文山,興泰段二小段,0129-0000,臺北市,63000
1011015,松山健康公園西側道路新築工程,10103694900,松山,寶清段一小段,0245-0000,臺北市,63000
1011015,松山健康公園西側道路新築工程,10103694900,松山,寶清段一小段,0255-0000,臺北市,63000
1011015,松山健康公園西側道路新築工程,10103694900,松山,寶清段一小段,0255-0001,臺北市,63000
1021001,內湖陽港3調洪沉砂池新建工程,10201478300,內湖,碧湖段一小段,0173-0001,臺北市,63000
1021001,內湖陽港3調洪沉砂池新建工程,10201478300,內湖,碧湖段一小段,0175-0001,臺北市,63000
1021001,內湖陽港3調洪沉砂池新建工程,10201478300,內湖,碧湖段一小段,0176-0004,臺北市,63000
1021001,內湖陽港3調洪沉砂池新建工程,10201478300,內湖,碧湖段二小段,0865-0001,臺北市,63000
1021001,內湖陽港3調洪沉砂池新建工程,10201478300,內湖,碧湖段二小段,0871-0000,臺北市,63000
1021001,內湖陽港3調洪沉砂池新建工程,10201478300,內湖,碧湖段二小段,0871-0004,臺北市,63000
1021002,松山機場用地範圍內私有土地徵收案,10201478200,松山,濱江段四小段,0332-0000,臺北市,63000
1021003,松山機場北側都市計畫劃定機場用地工程,10201843500,松山,濱江段四小段,0559-0001,臺北市,63000
1021003,松山機場北側都市計畫劃定機場用地工程,10201843500,松山,濱江段四小段,0570-0004,臺北市,63000
1021004,中央研究院生態研究區(國家生技研究園區開發計畫)工程,10203072600,南港,中南段一小段,0628-0000,臺北市,63000
1021004,中央研究院生態研究區(國家生技研究園區開發計畫)工程,10203072600,南港,中南段一小段,0629-0000,臺北市,63000
1021004,中央研究院生態研究區(國家生技研究園區開發計畫)工程,10203072600,南港,中南段一小段,0630-0000,臺北市,63000
1021004,中央研究院生態研究區(國家生技研究園區開發計畫)工程,10203072600,南港,中南段一小段,0631-0000,臺北市,63000
1021004,中央研究院生態研究區(國家生技研究園區開發計畫)工程,10203072600,南港,中南段一小段,0632-0000,臺北市,63000
1021004,中央研究院生態研究區(國家生技研究園區開發計畫)工程,10203072600,南港,中南段一小段,0633-0000,臺北市,63000
1021004,中央研究院生態研究區(國家生技研究園區開發計畫)工程,10203072600,南港,中南段一小段,0634-0000,臺北市,63000
1021004,中央研究院生態研究區(國家生技研究園區開發計畫)工程,10203072600,南港,中南段一小段,0635-0000,臺北市,63000
1021004,中央研究院生態研究區(國家生技研究園區開發計畫)工程,10203072600,南港,中南段一小段,0636-0000,臺北市,63000
1021004,中央研究院生態研究區(國家生技研究園區開發計畫)工程,10203072600,南港,中南段一小段,0637-0000,臺北市,63000
1021004,中央研究院生態研究區(國家生技研究園區開發計畫)工程,10203072600,南港,中南段一小段,0638-0000,臺北市,63000
1021004,中央研究院生態研究區(國家生技研究園區開發計畫)工程,10203072600,南港,中南段一小段,0639-0000,臺北市,63000
1021004,中央研究院生態研究區(國家生技研究園區開發計畫)工程,10203072600,南港,中南段一小段,0640-0000,臺北市,63000
1021004,中央研究院生態研究區(國家生技研究園區開發計畫)工程,10203072600,南港,中南段一小段,0641-0000,臺北市,63000
1021004,中央研究院生態研究區(國家生技研究園區開發計畫)工程,10203072600,南港,中南段一小段,0677-0000,臺北市,63000
1021004,中央研究院生態研究區(國家生技研究園區開發計畫)工程,10203072600,南港,中南段一小段,0679-0000,臺北市,63000
1021004,中央研究院生態研究區(國家生技研究園區開發計畫)工程,10203072600,南港,中南段一小段,0695-0000,臺北市,63000
1021004,中央研究院生態研究區(國家生技研究園區開發計畫)工程,10203072600,南港,中南段一小段,0696-0000,臺北市,63000
1021004,中央研究院生態研究區(國家生技研究園區開發計畫)工程,10203072600,南港,中南段一小段,0697-0000,臺北市,63000
1021004,中央研究院生態研究區(國家生技研究園區開發計畫)工程,10203072600,南港,中南段一小段,0698-0000,臺北市,63000
1021004,中央研究院生態研究區(國家生技研究園區開發計畫)工程,10203072600,南港,中南段一小段,0699-0000,臺北市,63000
1021004,中央研究院生態研究區(國家生技研究園區開發計畫)工程,10203072600,南港,中南段一小段,0700-0000,臺北市,63000
1021004,中央研究院生態研究區(國家生技研究園區開發計畫)工程,10203072600,南港,中南段一小段,0701-0000,臺北市,63000
1021004,中央研究院生態研究區(國家生技研究園區開發計畫)工程,10203072600,南港,中南段一小段,0702-0000,臺北市,63000
1021004,中央研究院生態研究區(國家生技研究園區開發計畫)工程,10203072600,南港,中南段一小段,0703-0000,臺北市,63000
1021004,中央研究院生態研究區(國家生技研究園區開發計畫)工程,10203072600,南港,中南段一小段,0704-0000,臺北市,63000
1021004,中央研究院生態研究區(國家生技研究園區開發計畫)工程,10203072600,南港,中南段一小段,0705-0000,臺北市,63000
1021004,中央研究院生態研究區(國家生技研究園區開發計畫)工程,10203072600,南港,中南段一小段,0706-0000,臺北市,63000
1021004,中央研究院生態研究區(國家生技研究園區開發計畫)工程,10203072600,南港,中南段一小段,0707-0000,臺北市,63000
1021004,中央研究院生態研究區(國家生技研究園區開發計畫)工程,10203072600,南港,中南段一小段,0708-0000,臺北市,63000
1021004,中央研究院生態研究區(國家生技研究園區開發計畫)工程,10203072600,南港,中南段一小段,0709-0000,臺北市,63000
1021004,中央研究院生態研究區(國家生技研究園區開發計畫)工程,10203072600,南港,中南段一小段,0713-0001,臺北市,63000
1021004,中央研究院生態研究區(國家生技研究園區開發計畫)工程,10203072600,南港,中南段一小段,0713-0002,臺北市,63000
1021004,中央研究院生態研究區(國家生技研究園區開發計畫)工程,10203072600,南港,中南段一小段,0713-0003,臺北市,63000
1021004,中央研究院生態研究區(國家生技研究園區開發計畫)工程,10203072600,南港,中南段一小段,0713-0004,臺北市,63000
1021004,中央研究院生態研究區(國家生技研究園區開發計畫)工程,10203072600,南港,中南段一小段,0714-0000,臺北市,63000
1021005,南港大坑溪左、右抽水站用地工程,10203101600,南港,中南段二小段,0001-0000,臺北市,63000
1021006,青潭堰原水導水3號隧道進出口工程,10203355900,文山,華興段二小段,0186-0001,臺北市,63000
1021006,青潭堰原水導水3號隧道進出口工程,10203355900,文山,華興段二小段,0211-0001,臺北市,63000
1021006,青潭堰原水導水3號隧道進出口工程,10203355900,文山,華興段二小段,0244-0001,臺北市,63000
1021006,青潭堰原水導水3號隧道進出口工程,10203355900,文山,華興段二小段,0267-0001,臺北市,63000
1021006,青潭堰原水導水3號隧道進出口工程,10203355900,文山,華興段二小段,0267-0002,臺北市,63000
1021006,青潭堰原水導水3號隧道進出口工程,10203355900,文山,華興段二小段,0268-0001,臺北市,63000
1021006,青潭堰原水導水3號隧道進出口工程,10203355900,文山,華興段二小段,0269-0001,臺北市,63000
1021006,青潭堰原水導水3號隧道進出口工程,10203355900,文山,華興段二小段,0270-0001,臺北市,63000
1021006,青潭堰原水導水3號隧道進出口工程,10203355900,文山,華興段二小段,0271-0001,臺北市,63000
1021006,青潭堰原水導水3號隧道進出口工程,10203355900,文山,華興段二小段,0273-0000,臺北市,63000
1021006,青潭堰原水導水3號隧道進出口工程,10203355900,文山,華興段二小段,0274-0000,臺北市,63000
1021006,青潭堰原水導水3號隧道進出口工程,10203355900,文山,華興段二小段,0281-0000,臺北市,63000
1021006,青潭堰原水導水3號隧道進出口工程,10203355900,文山,華興段二小段,0285-0000,臺北市,63000
1021006,青潭堰原水導水3號隧道進出口工程,10203355900,文山,華興段二小段,0287-0000,臺北市,63000
1021006,青潭堰原水導水3號隧道進出口工程,10203355900,文山,華興段二小段,0288-0000,臺北市,63000
1021007,大同塔城街道路新築工程,10203372700,大同,玉泉段二小段,0371-0012,臺北市,63000
1021007,大同塔城街道路新築工程,10203372700,大同,玉泉段二小段,0371-0047,臺北市,63000
1021008,大安古莊公園東側道路新築工程(一併),10203464800,大安,龍泉段三小段,0927-0006,臺北市,63000
1031002,臺北市區鐵路地下化南港專案工程(南港車站至中南街段)(一併),10332658700,南港,南港段二小段,0898-0004,臺北市,63000
1031002,臺北市區鐵路地下化南港專案工程(南港車站至中南街段)(一併),10332658700,南港,南港段二小段,0899-0004,臺北市,63000
1031003,大安古莊公園東側道路新築工程(一併),10302847700,大安,龍泉段三小段,0797-0001,臺北市,63000
1031003,大安古莊公園東側道路新築工程(一併),10302847700,大安,龍泉段三小段,0800-0001,臺北市,63000
1031003,大安古莊公園東側道路新築工程(一併),10302847700,大安,龍泉段三小段,0928-0001,臺北市,63000
1041001,萬華車站前廣場用地地下停車場工程,10400771600,萬華,萬華段二小段,0713-0001,臺北市,63000
1041001,萬華車站前廣場用地地下停車場工程,10400771600,萬華,萬華段二小段,0917-0000,臺北市,63000
1041001,萬華車站前廣場用地地下停車場工程,10400771600,萬華,萬華段二小段,0918-0000,臺北市,63000
1041002,青潭堰原水導水3號隧道進出口工程(一併),10408291800,文山,華興段二小段,0269-0000,臺北市,63000
1041002,青潭堰原水導水3號隧道進出口工程(一併),10408291800,文山,華興段二小段,0271-0000,臺北市,63000
1041003,大安古莊公園東側道路新築工程(一併),10408361700,大安,龍泉段三小段,0928-0000,臺北市,63000
1041004,臺北市中山區吉林段四小段705地號等47筆土地都市更新事業計畫案週邊道路新築工程,10401677900,中山,吉林段四小段,0689-0001,臺北市,63000
1041004,臺北市中山區吉林段四小段705地號等47筆土地都市更新事業計畫案週邊道路新築工程,10401677900,中山,吉林段四小段,0749-0001,臺北市,63000
1051002,萬華西園路1段92號旁道路新築工程,10501352200,萬華,直興段二小段,0312-0002,臺北市,63000
1051003,大安延平高中東側及南側道路新築工程,10501373600,大安,懷生段二小段,0521-0005,臺北市,63000
1051003,大安延平高中東側及南側道路新築工程,10501373600,大安,懷生段二小段,0538-0003,臺北市,63000
1051004,北投自來水處大度配水池暨加壓站旁貴子坑溪左岸道路新築工程,10501373800,北投,八仙段二小段,0719-0004,臺北市,63000
1051004,北投自來水處大度配水池暨加壓站旁貴子坑溪左岸道路新築工程,10501373800,北投,八仙段二小段,0719-0005,臺北市,63000
1051004,北投自來水處大度配水池暨加壓站旁貴子坑溪左岸道路新築工程,10501373800,北投,八仙段二小段,0720-0001,臺北市,63000
1051004,北投自來水處大度配水池暨加壓站旁貴子坑溪左岸道路新築工程,10501373800,北投,八仙段二小段,0720-0002,臺北市,63000
1051004,北投自來水處大度配水池暨加壓站旁貴子坑溪左岸道路新築工程,10501373800,北投,八仙段二小段,0729-0001,臺北市,63000
1051005,信義福德街137巷道路新築工程,10501374200,信義,福德段四小段,0395-0003,臺北市,63000
1051005,信義福德街137巷道路新築工程,10501374200,信義,福德段四小段,0400-0007,臺北市,63000
1051005,信義福德街137巷道路新築工程,10501374200,信義,福德段四小段,0417-0001,臺北市,63000
1051005,信義福德街137巷道路新築工程,10501374200,信義,福德段四小段,0418-0001,臺北市,63000
1051005,信義福德街137巷道路新築工程,10501374200,信義,福德段四小段,0422-0001,臺北市,63000
1051005,信義福德街137巷道路新築工程,10501374200,信義,福德段四小段,0423-0001,臺北市,63000
1051005,信義福德街137巷道路新築工程,10501374200,信義,福德段四小段,0427-0001,臺北市,63000
1051005,信義福德街137巷道路新築工程,10501374200,信義,福德段四小段,0428-0001,臺北市,63000
1051006,北投洲美堤防外灘地整建工程,10501373900,北投,洲美段一小段,0476-0002,臺北市,63000
1051006,北投洲美堤防外灘地整建工程,10501373900,北投,洲美段一小段,0480-0000,臺北市,63000
1051006,北投洲美堤防外灘地整建工程,10501373900,北投,洲美段二小段,0437-0002,臺北市,63000
1051006,北投洲美堤防外灘地整建工程,10501373900,北投,洲美段二小段,0440-0002,臺北市,63000
1051006,北投洲美堤防外灘地整建工程,10501373900,北投,洲美段二小段,0441-0000,臺北市,63000
1051006,北投洲美堤防外灘地整建工程,10501373900,北投,洲美段二小段,0441-0002,臺北市,63000
1051006,北投洲美堤防外灘地整建工程,10501373900,北投,洲美段二小段,0443-0003,臺北市,63000
1051006,北投洲美堤防外灘地整建工程,10501373900,北投,洲美段二小段,0444-0003,臺北市,63000
1051006,北投洲美堤防外灘地整建工程,10501373900,北投,洲美段二小段,0444-0004,臺北市,63000
1051006,北投洲美堤防外灘地整建工程,10501373900,北投,洲美段二小段,0446-0000,臺北市,63000
1051006,北投洲美堤防外灘地整建工程,10501373900,北投,洲美段二小段,0447-0000,臺北市,63000
1051007,臺北都會區大眾捷運系統萬大-中和-樹林線(第一期工程)LG01站站體工程(地上權),10501374000,中正,南海段四小段,0006-0004,臺北市,63000
1051008,改善松山機場國門意象取得入口處私有土地工程,10508412700,松山,濱江段四小段,0296-0000,臺北市,63000
1051009,大安和平東路3段(原臥龍街)路型改善調整工程,10501373700,大安,辛亥段四小段,0656-0001,臺北市,63000
1051009,大安和平東路3段(原臥龍街)路型改善調整工程,10501373700,大安,辛亥段四小段,0658-0001,臺北市,63000
1051009,大安和平東路3段(原臥龍街)路型改善調整工程,10501373700,信義,?和段一小段,0311-0001,臺北市,63000
1051010,臺北都會區大眾捷運系統信義線東延段R03車站站體穿越工程(地上權),10501374100,信義,福德段四小段,0482-0011,臺北市,63000
1061001,民權東路6段210巷南段道路新築工程,10603390600,內湖,石潭段三小段,0163-0000,臺北市,63000
1061001,民權東路6段210巷南段道路新築工程,10603390600,內湖,石潭段三小段,0164-0000,臺北市,63000
1061001,民權東路6段210巷南段道路新築工程,10603390600,內湖,石潭段三小段,0165-0000,臺北市,63000
1061001,民權東路6段210巷南段道路新築工程,10603390600,內湖,石潭段三小段,0166-0000,臺北市,63000
1061001,民權東路6段210巷南段道路新築工程,10603390600,內湖,石潭段三小段,0172-0000,臺北市,63000
1061001,民權東路6段210巷南段道路新築工程,10603390600,內湖,石潭段三小段,0176-0000,臺北市,63000
1061001,民權東路6段210巷南段道路新築工程,10603390600,內湖,石潭段三小段,0180-0001,臺北市,63000
1061004,大同388號公園新建工程,10603390700,大同,橋北段三小段,0111-0003,臺北市,63000
1061004,大同388號公園新建工程,10603390700,大同,橋北段三小段,0112-0001,臺北市,63000
1061004,大同388號公園新建工程,10603390700,大同,橋北段三小段,0119-0001,臺北市,63000
1061005,福興公園南側道路新築工程,10603373000,文山,興隆段一小段,0198-0003,臺北市,63000
1061006,北投行義路17巷北側路口新築工程,10603374700,北投,行義段四小段,0289-0013,臺北市,63000
1061006,北投行義路17巷北側路口新築工程,10603374700,北投,行義段四小段,0289-0014,臺北市,63000
1061007,臺北都會區大眾捷運系統萬大-中和-樹林線(第一期工程)LG01站(交一、交三)工程,10631364600,中正,南海段四小段,0006-0003,臺北市,63000
1061007,臺北都會區大眾捷運系統萬大-中和-樹林線(第一期工程)LG01站(交一、交三)工程,10631364600,中正,南海段四小段,0078-0001,臺北市,63000
1061010,深美~七張161仟伏輸電線路第26號鐵塔連接站地下管路工程,10631291700,文山,老泉段四小段,0120-0002,臺北市,63000
1061011,文山興順街155-1號前道路新築工程,10603442000,文山,興隆段二小段,0240-0007,臺北市,63000
1061011,文山興順街155-1號前道路新築工程,10603442000,文山,興隆段二小段,0249-0019,臺北市,63000
1061013,松山機場10跑道端北側跑道地帶、安全區及燈光用地取得,10603390500,中山,大佳段二小段,0597-0002,臺北市,63000
1061013,松山機場10跑道端北側跑道地帶、安全區及燈光用地取得,10603390500,中山,大佳段二小段,0598-0003,臺北市,63000
1061013,松山機場10跑道端北側跑道地帶、安全區及燈光用地取得,10603390500,中山,大佳段二小段,0599-0002,臺北市,63000
1061013,松山機場10跑道端北側跑道地帶、安全區及燈光用地取得,10603390500,中山,大佳段二小段,0600-0002,臺北市,63000
1061013,松山機場10跑道端北側跑道地帶、安全區及燈光用地取得,10603390500,中山,大佳段二小段,0624-0000,臺北市,63000
1061013,松山機場10跑道端北側跑道地帶、安全區及燈光用地取得,10603390500,中山,大佳段二小段,0625-0002,臺北市,63000
1061013,松山機場10跑道端北側跑道地帶、安全區及燈光用地取得,10603390500,中山,大佳段二小段,0626-0002,臺北市,63000
1061013,松山機場10跑道端北側跑道地帶、安全區及燈光用地取得,10603390500,中山,大佳段二小段,0793-0008,臺北市,63000
1061013,松山機場10跑道端北側跑道地帶、安全區及燈光用地取得,10603390500,中山,大佳段二小段,0793-0011,臺北市,63000
1061013,松山機場10跑道端北側跑道地帶、安全區及燈光用地取得,10603390500,中山,大佳段二小段,0818-0002,臺北市,63000
1061013,松山機場10跑道端北側跑道地帶、安全區及燈光用地取得,10603390500,中山,大佳段二小段,0818-0003,臺北市,63000
1061013,松山機場10跑道端北側跑道地帶、安全區及燈光用地取得,10603390500,中山,大佳段二小段,0883-0002,臺北市,63000
1071010,變更本市信義區福德段四小段135地號等保護區為宗教特定專用區(松山慈惠堂)主要計畫道路開闢案,10720260861,信義,福德段四小段,0209-0001,臺北市,63000
1081004,斯文里二期整宅公辦都更基地東側8公尺計畫道路新築工程,10800936251,大同,大同段一小段,0391-0001,臺北市,63000
1081004,斯文里二期整宅公辦都更基地東側8公尺計畫道路新築工程,10800936251,大同,大同段一小段,0435-0000,臺北市,63000
1081004,斯文里二期整宅公辦都更基地東側8公尺計畫道路新築工程,10800936251,大同,大同段一小段,0441-0000,臺北市,63000
1081004,斯文里二期整宅公辦都更基地東側8公尺計畫道路新築工程,10800936251,大同,大同段一小段,0447-0009,臺北市,63000
1081005,興德路66巷道路拓寬工程,10800935491,文山,公訓段二小段,0073-0007,臺北市,63000
1081005,興德路66巷道路拓寬工程,10800935491,文山,公訓段二小段,0077-0006,臺北市,63000
1081005,興德路66巷道路拓寬工程,10800935491,文山,公訓段二小段,0081-0003,臺北市,63000
1081005,興德路66巷道路拓寬工程,10800935491,文山,公訓段二小段,0192-0002,臺北市,63000
1081005,興德路66巷道路拓寬工程,10800935491,文山,公訓段二小段,0193-0001,臺北市,63000
1081015,興寧街西側道路拓寬工程,10800942111,萬華,莒光段三小段,0028-0001,臺北市,63000
1081016,環河北路2段185巷道路拓寬工程,10800942011,大同,橋北段一小段,0574-0003,臺北市,63000
1081017,信安街15巷東側(六張犁營區B街廓北側及東側)道路新築工程,10900934271,信義,三興段二小段,0361-0001,臺北市,63000
1081017,信安街15巷東側(六張犁營區B街廓北側及東側)道路新築工程,10900934271,信義,三興段二小段,0362-0001,臺北市,63000
1081017,信安街15巷東側(六張犁營區B街廓北側及東側)道路新築工程,10900934271,信義,三興段二小段,0374-0001,臺北市,63000
1081017,信安街15巷東側(六張犁營區B街廓北側及東側)道路新築工程,10900934271,信義,三興段二小段,0376-0000,臺北市,63000
1081020,國道3號(原北部區域第二高速公路)汐止木柵段(木柵1號隧道23k+50-23k+250)工程(地上權,10800937101,文山,頭廷段三小段,0378-0000,臺北市,63000
1081020,國道3號(原北部區域第二高速公路)汐止木柵段(木柵1號隧道23k+50-23k+250)工程(地上權,10800937101,文山,頭廷段三小段,0379-0000,臺北市,63000
1081020,國道3號(原北部區域第二高速公路)汐止木柵段(木柵1號隧道23k+50-23k+250)工程(地上權,10800937101,文山,頭廷段三小段,0379-0001,臺北市,63000
1081020,國道3號(原北部區域第二高速公路)汐止木柵段(木柵1號隧道23k+50-23k+250)工程(地上權,10800937101,文山,頭廷段三小段,0380-0000,臺北市,63000
1081020,國道3號(原北部區域第二高速公路)汐止木柵段(木柵1號隧道23k+50-23k+250)工程(地上權,10800937101,文山,頭廷段三小段,0380-0001,臺北市,63000
1081020,國道3號(原北部區域第二高速公路)汐止木柵段(木柵1號隧道23k+50-23k+250)工程(地上權,10800937101,文山,頭廷段三小段,0381-0000,臺北市,63000
1081020,國道3號(原北部區域第二高速公路)汐止木柵段(木柵1號隧道23k+50-23k+250)工程(地上權,10800937101,文山,頭廷段三小段,0381-0001,臺北市,63000
1081020,國道3號(原北部區域第二高速公路)汐止木柵段(木柵1號隧道23k+50-23k+250)工程(地上權,10800937101,文山,頭廷段三小段,0382-0000,臺北市,63000
1081020,國道3號(原北部區域第二高速公路)汐止木柵段(木柵1號隧道23k+50-23k+250)工程(地上權,10800937101,文山,頭廷段三小段,0383-0000,臺北市,63000
1081020,國道3號(原北部區域第二高速公路)汐止木柵段(木柵1號隧道23k+50-23k+250)工程(地上權,10800937101,文山,頭廷段三小段,0384-0000,臺北市,63000
1081020,國道3號(原北部區域第二高速公路)汐止木柵段(木柵1號隧道23k+50-23k+250)工程(地上權,10800937101,文山,頭廷段三小段,0384-0001,臺北市,63000
1081020,國道3號(原北部區域第二高速公路)汐止木柵段(木柵1號隧道23k+50-23k+250)工程(地上權,10800937101,文山,頭廷段三小段,0475-0001,臺北市,63000
1081020,國道3號(原北部區域第二高速公路)汐止木柵段(木柵1號隧道23k+50-23k+250)工程(地上權,10800937101,文山,頭廷段三小段,0476-0000,臺北市,63000
1081020,國道3號(原北部區域第二高速公路)汐止木柵段(木柵1號隧道23k+50-23k+250)工程(地上權,10800937101,文山,頭廷段三小段,0476-0001,臺北市,63000
1081020,國道3號(原北部區域第二高速公路)汐止木柵段(木柵1號隧道23k+50-23k+250)工程(地上權,10800937101,文山,頭廷段三小段,0478-0000,臺北市,63000
1081020,國道3號(原北部區域第二高速公路)汐止木柵段(木柵1號隧道23k+50-23k+250)工程(地上權,10800937101,文山,頭廷段三小段,0480-0000,臺北市,63000
1091006,臺北市第二殯儀館聯外道路新築工程,10960278211,大安,辛亥段五小段,0102-0001,臺北市,63000
1091006,臺北市第二殯儀館聯外道路新築工程,10960278211,大安,辛亥段五小段,0103-0001,臺北市,63000
1091006,臺北市第二殯儀館聯外道路新築工程,10960278211,大安,辛亥段五小段,0105-0001,臺北市,63000
1091006,臺北市第二殯儀館聯外道路新築工程,10960278211,大安,辛亥段五小段,0161-0001,臺北市,63000
1091010,臺北都會區大眾捷運系統萬大-中和-樹林線(第一期工程)LG01站捷運開發區四工程,10960278511,中正,南海段四小段,0110-0000,臺北市,63000
1101006,南昌路1段31巷道路興建工程,11100935421,中正,南海段四小段,0142-0000,臺北市,63000
1101006,南昌路1段31巷道路興建工程,11100935421,中正,南海段四小段,0147-0000,臺北市,63000
1101006,南昌路1段31巷道路興建工程,11100935421,中正,南海段四小段,0150-0000,臺北市,63000
1101006,南昌路1段31巷道路興建工程,11100935421,中正,南海段四小段,0173-0000,臺北市,63000
1101006,南昌路1段31巷道路興建工程,11100935421,中正,南海段四小段,0174-0000,臺北市,63000
1101006,南昌路1段31巷道路興建工程,11100935421,中正,南海段四小段,0178-0000,臺北市,63000
1101006,南昌路1段31巷道路興建工程,11100935421,中正,南海段四小段,0187-0002,臺北市,63000
1101014,臺北都會區大眾捷運系統環狀線第二階段Y3站捷運開發區工程,11000044411,文山,萬芳段三小段,0956-0002,臺北市,63000
1111009,國家生技研究園區聯外道路工程,11100925131,南港,中南段一小段,0334-0002,臺北市,63000
1111009,國家生技研究園區聯外道路工程,11100925131,南港,中南段一小段,0335-0001,臺北市,63000
1111009,國家生技研究園區聯外道路工程,11100925131,南港,中南段一小段,0337-0001,臺北市,63000
1111009,國家生技研究園區聯外道路工程,11100925131,南港,中南段一小段,0339-0001,臺北市,63000
1111009,國家生技研究園區聯外道路工程,11100925131,南港,中南段一小段,0340-0001,臺北市,63000
1111009,國家生技研究園區聯外道路工程,11100925131,南港,中南段一小段,0342-0001,臺北市,63000
1111009,國家生技研究園區聯外道路工程,11100925131,南港,中南段一小段,0342-0002,臺北市,63000
1111009,國家生技研究園區聯外道路工程,11100925131,南港,中南段一小段,0343-0002,臺北市,63000
1111009,國家生技研究園區聯外道路工程,11100925131,南港,中南段一小段,0348-0001,臺北市,63000
1111009,國家生技研究園區聯外道路工程,11100925131,南港,中南段一小段,0545-0009,臺北市,63000
1111009,國家生技研究園區聯外道路工程,11100925131,南港,中南段一小段,0545-0010,臺北市,63000
1111010,國家生技研究園區聯外道路工程,11100925091,南港,中南段一小段,0350-0000,臺北市,63000
1111010,國家生技研究園區聯外道路工程,11100925091,南港,中南段一小段,0476-0000,臺北市,63000
1111010,國家生技研究園區聯外道路工程,11100925091,南港,中南段一小段,0545-0004,臺北市,63000
1111010,國家生技研究園區聯外道路工程,11100925091,南港,中南段一小段,0545-0005,臺北市,63000
1111010,國家生技研究園區聯外道路工程,11100925091,南港,中南段一小段,0545-0006,臺北市,63000
1111010,國家生技研究園區聯外道路工程,11100925091,南港,中南段一小段,0545-0007,臺北市,63000
1111010,國家生技研究園區聯外道路工程,11100925091,南港,中南段一小段,0545-0008,臺北市,63000
1111010,國家生技研究園區聯外道路工程,11100925091,南港,中南段一小段,0545-0013,臺北市,63000
1111010,國家生技研究園區聯外道路工程,11100925091,南港,中南段一小段,0545-0014,臺北市,63000
1111010,國家生技研究園區聯外道路工程,11100925091,南港,中南段一小段,0545-0015,臺北市,63000
1111010,國家生技研究園區聯外道路工程,11100925091,南港,中南段一小段,0545-0021,臺北市,63000
1111010,國家生技研究園區聯外道路工程,11100925091,南港,中南段一小段,0545-0022,臺北市,63000
1111011,南昌路1段9巷道路興建工程,11160168781,中正,南海段四小段,0092-0001,臺北市,63000
1111011,南昌路1段9巷道路興建工程,11160168781,中正,南海段四小段,0141-0001,臺北市,63000
1111011,南昌路1段9巷道路興建工程,11160168781,中正,南海段四小段,0148-0001,臺北市,63000
1111011,南昌路1段9巷道路興建工程,11160168781,中正,南海段四小段,0149-0001,臺北市,63000
1111011,南昌路1段9巷道路興建工程,11160168781,中正,南海段四小段,0156-0002,臺北市,63000
1111012,南海路2巷道路興建工程,11160172581,中正,南海段四小段,0089-0001,臺北市,63000
1111013,林森北路399巷道路新築工程,11101349641,中山,吉林段三小段,0921-0007,臺北市,63000
1111013,林森北路399巷道路新築工程,11101349641,中山,吉林段三小段,0923-0000,臺北市,63000
1111014,和興路中段道路拓寬工程,11100978781,文山,華興段四小段,0057-0001,臺北市,63000
1111014,和興路中段道路拓寬工程,11100978781,文山,華興段四小段,0169-0001,臺北市,63000
1111014,和興路中段道路拓寬工程,11100978781,文山,華興段四小段,0429-0001,臺北市,63000
1111014,和興路中段道路拓寬工程,11100978781,文山,華興段四小段,0430-0002,臺北市,63000
1111014,和興路中段道路拓寬工程,11100978781,文山,華興段四小段,0431-0000,臺北市,63000
1111014,和興路中段道路拓寬工程,11100978781,文山,華興段四小段,0458-0000,臺北市,63000
1111014,和興路中段道路拓寬工程,11100978781,文山,華興段四小段,0459-0000,臺北市,63000
1111015,士林69號公園擴建工程,11100015841,士林,華岡段二小段,0695-0000,臺北市,63000
111A02A0014,延平北路5段257巷4弄道路新築工程,11260186931,士林,海光段一小段,0246-0000,臺北市,63000
111A02A0014,延平北路5段257巷4弄道路新築工程,11260186931,士林,海光段一小段,0273-0000,臺北市,63000
111A02A0014,延平北路5段257巷4弄道路新築工程,11260186931,士林,海光段一小段,0278-0000,臺北市,63000
111A02A0014,延平北路5段257巷4弄道路新築工程,11260186931,士林,海光段一小段,0279-0000,臺北市,63000
111A02A0014,延平北路5段257巷4弄道路新築工程,11260186931,士林,海光段一小段,0282-0000,臺北市,63000
111A02A0014,延平北路5段257巷4弄道路新築工程,11260186931,士林,海光段一小段,0283-0000,臺北市,63000
111A02A0014,延平北路5段257巷4弄道路新築工程,11260186931,士林,海光段一小段,0286-0000,臺北市,63000
111A02A0014,延平北路5段257巷4弄道路新築工程,11260186931,士林,海光段一小段,0287-0000,臺北市,63000
111A02A0014,延平北路5段257巷4弄道路新築工程,11260186931,士林,海光段一小段,0290-0000,臺北市,63000
111A02A0014,延平北路5段257巷4弄道路新築工程,11260186931,士林,海光段一小段,0291-0000,臺北市,63000
111A02A0014,延平北路5段257巷4弄道路新築工程,11260186931,士林,海光段一小段,0294-0000,臺北市,63000
111A03A0081,濱江水資源再生中心新建工程,11260271631,中山,大佳段二小段,0686-0000,臺北市,63000
111A03A0081,濱江水資源再生中心新建工程,11260271631,中山,大佳段二小段,0692-0000,臺北市,63000
111A03A0081,濱江水資源再生中心新建工程,11260271631,中山,大佳段二小段,0693-0000,臺北市,63000
111A03A0081,濱江水資源再生中心新建工程,11260271631,中山,大佳段二小段,0694-0000,臺北市,63000
111A03A0081,濱江水資源再生中心新建工程,11260271631,中山,大佳段二小段,0696-0000,臺北市,63000
111A03A0081,濱江水資源再生中心新建工程,11260271631,中山,大佳段二小段,0697-0000,臺北市,63000
111A03A0081,濱江水資源再生中心新建工程,11260271631,中山,大佳段二小段,0698-0000,臺北市,63000
111A03A0081,濱江水資源再生中心新建工程,11260271631,中山,大佳段二小段,0699-0000,臺北市,63000
111A03A0081,濱江水資源再生中心新建工程,11260271631,中山,大佳段二小段,0700-0000,臺北市,63000
111A03A0081,濱江水資源再生中心新建工程,11260271631,中山,大佳段二小段,0701-0000,臺北市,63000
111A03A0081,濱江水資源再生中心新建工程,11260271631,中山,大佳段二小段,0702-0000,臺北市,63000
111A03A0081,濱江水資源再生中心新建工程,11260271631,中山,大佳段二小段,0703-0000,臺北市,63000
111A03A0081,濱江水資源再生中心新建工程,11260271631,中山,大佳段二小段,0706-0000,臺北市,63000
111A03A0081,濱江水資源再生中心新建工程,11260271631,中山,大佳段二小段,0718-0000,臺北市,63000
111A03A0081,濱江水資源再生中心新建工程,11260271631,中山,大佳段二小段,0719-0000,臺北市,63000
111A03A0081,濱江水資源再生中心新建工程,11260271631,中山,大佳段二小段,0723-0000,臺北市,63000
111A03A0081,濱江水資源再生中心新建工程,11260271631,中山,大佳段二小段,0725-0000,臺北市,63000
111A03A0081,濱江水資源再生中心新建工程,11260271631,中山,大佳段二小段,0726-0000,臺北市,63000
111A03A0081,濱江水資源再生中心新建工程,11260271631,中山,大佳段二小段,0727-0000,臺北市,63000
111A03A0081,濱江水資源再生中心新建工程,11260271631,中山,大佳段二小段,0729-0000,臺北市,63000
111A03A0081,濱江水資源再生中心新建工程,11260271631,中山,大佳段二小段,0731-0000,臺北市,63000
111A03A0081,濱江水資源再生中心新建工程,11260271631,中山,大佳段二小段,0734-0000,臺北市,63000
111A03A0081,濱江水資源再生中心新建工程,11260271631,中山,大佳段二小段,0737-0000,臺北市,63000
111A03A0081,濱江水資源再生中心新建工程,11260271631,中山,大佳段二小段,0738-0000,臺北市,63000
111A03A0081,濱江水資源再生中心新建工程,11260271631,中山,大佳段二小段,0744-0000,臺北市,63000
111A03A0081,濱江水資源再生中心新建工程,11260271631,中山,大佳段二小段,0746-0000,臺北市,63000
111A03A0081,濱江水資源再生中心新建工程,11260271631,中山,大佳段二小段,0751-0000,臺北市,63000
111A03A0081,濱江水資源再生中心新建工程,11260271631,中山,大佳段二小段,0751-0001,臺北市,63000
111A03A0081,濱江水資源再生中心新建工程,11260271631,中山,大佳段二小段,0753-0000,臺北市,63000
111A03A0081,濱江水資源再生中心新建工程,11260271631,中山,大佳段二小段,0753-0001,臺北市,63000
111A03A0081,濱江水資源再生中心新建工程,11260271631,中山,大佳段二小段,0754-0000,臺北市,63000
111A03A0081,濱江水資源再生中心新建工程,11260271631,中山,大佳段二小段,0754-0001,臺北市,63000
111A03A0081,濱江水資源再生中心新建工程,11260271631,中山,大佳段二小段,0755-0000,臺北市,63000
111A03A0081,濱江水資源再生中心新建工程,11260271631,中山,大佳段二小段,0755-0001,臺北市,63000
111A03A0081,濱江水資源再生中心新建工程,11260271631,中山,大佳段二小段,0756-0000,臺北市,63000
111A03A0081,濱江水資源再生中心新建工程,11260271631,中山,大佳段二小段,0756-0001,臺北市,63000
111A03A0081,濱江水資源再生中心新建工程,11260271631,中山,大佳段二小段,0757-0000,臺北市,63000
111A03A0081,濱江水資源再生中心新建工程,11260271631,中山,大佳段二小段,0757-0001,臺北市,63000
111A03A0081,濱江水資源再生中心新建工程,11260271631,中山,大佳段二小段,0762-0000,臺北市,63000
111A03A0081,濱江水資源再生中心新建工程,11260271631,中山,大佳段二小段,0763-0000,臺北市,63000
111A03A0081,濱江水資源再生中心新建工程,11260271631,中山,大佳段二小段,0767-0002,臺北市,63000
111A03A0081,濱江水資源再生中心新建工程,11260271631,中山,大佳段二小段,0843-0000,臺北市,63000
111A03A0081,濱江水資源再生中心新建工程,11260271631,中山,大佳段二小段,0844-0000,臺北市,63000
111A03A0081,濱江水資源再生中心新建工程,11260271631,中山,大佳段二小段,0847-0000,臺北市,63000
111A03A0081,濱江水資源再生中心新建工程,11260271631,中山,大佳段二小段,0849-0000,臺北市,63000
112A02A0008,天母西路22巷6弄西側道路興建工程,11260170321,士林,天母段一小段,0071-0001,臺北市,63000
112A02A0008,天母西路22巷6弄西側道路興建工程,11260170321,士林,天母段一小段,0079-0004,臺北市,63000
112A02A0020,國道1號（原台灣區南北高速公路）第一期工程（臺北市中山區路段）,11260180461,中山,德惠段一小段,0046-0002,臺北市,63000
112A02A0033,成福路121巷43弄至47弄道路興建工程,11200075691,南港,新光段二小段,0161-0002,臺北市,63000
112A02A0033,成福路121巷43弄至47弄道路興建工程,11200075691,南港,新光段二小段,0168-0078,臺北市,63000
112A02A0033,成福路121巷43弄至47弄道路興建工程,11200075691,南港,新光段二小段,0170-0000,臺北市,63000
112A02A0033,成福路121巷43弄至47弄道路興建工程,11200075691,南港,新光段二小段,0170-0001,臺北市,63000
112A02A0033,成福路121巷43弄至47弄道路興建工程,11200075691,南港,新光段二小段,0182-0052,臺北市,63000
112A02A0033,成福路121巷43弄至47弄道路興建工程,11200075691,南港,新光段二小段,0182-0053,臺北市,63000
112A02A0033,成福路121巷43弄至47弄道路興建工程,11200075691,南港,新光段二小段,0183-0010,臺北市,63000
112A02A0033,成福路121巷43弄至47弄道路興建工程,11200075691,南港,新光段二小段,0184-0001,臺北市,63000
112A04A0062,米粉坑溪周邊排水改善工程（大湖山莊街調洪沉砂池B池）,11200078081,內湖,大湖段一小段,0196-0002,臺北市,63000
112A09A0111,345千伏核一～汐止串接松湖輸電線路第29A號連接站鐵塔及地下電纜管路用地,11200919231,內湖,西湖段一小段,0066-0012,臺北市,63000
112A09A0111,345千伏核一～汐止串接松湖輸電線路第29A號連接站鐵塔及地下電纜管路用地,11200919231,內湖,西湖段一小段,0066-0013,臺北市,63000
112A09A0111,345千伏核一～汐止串接松湖輸電線路第29A號連接站鐵塔及地下電纜管路用地,11200919231,內湖,碧湖段四小段,0985-0004,臺北市,63000
112A10A0013,景興公園（文景49號）新建工程,11260177331,文山,興安段三小段,0044-0000,臺北市,63000
111C00A0006,廣州變電所新建工程（更正徵收）,11260216201,萬華,華江段一小段,0753-0008,臺北市,63000
111C00A0006,廣州變電所新建工程（更正徵收）,11260216201,萬華,華江段一小段,0753-0007,臺北市,63000
114A02A0012,西園路2段39巷周邊道路興建工程,11460172991,萬華,莒光段三小段,0122-0004,臺北市,63000
114A02A0012,西園路2段39巷周邊道路興建工程,11460172991,萬華,莒光段三小段,0122-0005,臺北市,63000
114A02A0077,臺北都會區大眾捷運系統環狀線東環段工程Y39站捷運系統用地,11400077941,信義,吳興段三小段,0220-0002,臺北市,63000
114A02A0132,重三路道路興建工程,11560059911,北投,桃源段一小段,0180-0000,臺北市,63000
