序號,日期,被申訴公司名稱,案件類型,標的種類,公司類別,糾紛主要原因,查處結果,備註
1,1030103,永慶房屋仲介股份有限公司,買賣,成屋,仲介業,隱瞞重要資訊,未妥善處理，與申訴人聯繫後移消保官,
2,1030107,汎太開發不動產仲介股份有限公司,買賣,成屋,仲介業,仲介「斡旋金」返還,撤案,
3,1030108,永慶房屋仲介股份有限公司,買賣,成屋,仲介業,房屋漏水問題,未妥善處理，與申訴人聯繫後移消保官,
4,1030113,威丞實業有限公司,買賣,預售屋,建商,標的物貸款問題,未妥善處理，與申訴人聯繫後移消保官,
5,1030116,群義不動產經紀股份有限公司,買賣,成屋,仲介業,仲介公司欺罔行為,未妥善處理，與申訴人聯繫後移消保官,
6,1030121,標柱敦南不動產經紀股份有限公司,買賣,成屋,仲介業,隱瞞重要資訊,未妥善處理，函告申訴人後續可行處理方式,
7,1030102,信義房屋股份有限公司,買賣,成屋,仲介業,房屋現況說明書內容與現況不符,未妥善處理，函告申訴人後續可行處理方式,
8,1030108,永慶房屋仲介股份有限公司,買賣,成屋,仲介業,氯離子檢測,未妥善處理，函告申訴人後續可行處理方式,
9,1030109,實信不動產有限公司,買賣,成屋,仲介業,標的物貸款問題,妥善處理，達成和解,
10,1030122,紅順股份有限公司,買賣,成屋,仲介業,其他,妥善處理，達成和解,
11,1030110,甲士林建設,買賣,預售屋,建商,建材設備不符,未妥善處理，與申訴人聯繫後移消保官,
12,1030127,永慶房屋仲介股份有限公司,買賣,成屋,仲介業,氯離子檢測,議會協商不成立,
13,1030122,安全開發不動產仲介有限公司,買賣,成屋,仲介業,交屋遲延,議會協商不成立,
14,1030123,三發地產股份有限公司,買賣,預售屋,建商,施工瑕疵,妥善處理，達成和解,
15,1030206,工信地產集團,買賣,成屋,仲介業,「定金」返還(含斡旋金轉成定金返還),未妥善處理，與申訴人聯繫後移消保官,
16,1030122,亞太中原地產有限公司,買賣,成屋,仲介業,隱瞞重要資訊,未妥善處理，函告申訴人後續可行處理方式,
17,1030127,東和開發建設股份有限公司,買賣,成屋,仲介業,隱瞞重要資訊,未妥善處理，與申訴人聯繫後移消保官,
18,1030103,永富開發股份有限公司,買賣,預售屋,建商,停車位面積,未妥善處理，與申訴人聯繫後移消保官,
19,1030116,翔譽國際建設股份有限公司,買賣,預售屋,建商,其他,未妥善處理，與申訴人聯繫後移消保官,
20,1030129,僑協企業股份有限公司,買賣,預售屋,建商,其他,未妥善處理，與申訴人聯繫後移消保官,
21,1030113,第一太平戴維斯股份有限公司,買賣,成屋,仲介業,有關稅費爭議,未妥善處理，與申訴人聯繫後移消保官,
22,1030127,元美不動產有限公司,買賣,成屋,仲介業,隱瞞重要資訊,議會協商其他結論,
23,1030129,中業房屋仲介有限公司,買賣,成屋,仲介業,服務報酬爭議,未妥善處理，與申訴人聯繫後移消保官,
24,1030212,根億建設股份有限公司,買賣,預售屋,建商,其他,未妥善處理，與申訴人聯繫後移消保官,
25,1030214,宇馥建設股份有限公司,買賣,預售屋,建商,有關稅費爭議,未妥善處理，與申訴人聯繫後移消保官,
26,1030217,潤豐國際開發有限公司,買賣,成屋,仲介業,隱瞞重要資訊,未妥善處理，函告申訴人後續可行處理方式,
27,1030220,信義房屋股份有限公司,買賣,成屋,仲介業,產權不清楚,撤案,
28,1030227,永慶房屋仲介股份有限公司,買賣,成屋,仲介業,房屋漏水問題,未妥善處理，與申訴人聯繫後移消保官,
29,1030227,中佑房屋仲介有限公司,買賣,成屋,仲介業,房屋漏水問題,未妥善處理，函告申訴人後續可行處理方式,
30,1030219,永慶房屋仲介股份有限公司,買賣,成屋,仲介業,氯離子檢測,妥善處理，達成和解,
31,1030224,永慶房屋仲介股份有限公司,買賣,成屋,仲介業,屋頂使用權與產權爭議,未妥善處理，函告申訴人後續可行處理方式,
32,1030306,合億房屋仲介有限公司,買賣,成屋,仲介業,房屋漏水問題,未妥善處理，函告申訴人後續可行處理方式,
33,1030317,永慶房屋仲介股份有限公司,買賣,成屋,仲介業,房屋漏水問題,未妥善處理，函告申訴人後續可行處理方式,
34,1030324,森澤開發企業有限公司,買賣,成屋,其他,隱瞞重要資訊,未妥善處理，函告申訴人後續可行處理方式,
35,1030317,永慶房屋仲介股份有限公司,買賣,成屋,仲介業,氯離子檢測,未妥善處理，與申訴人聯繫後移消保官,
36,1030307,詠譽建設股份有限公司,買賣,預售屋,建商,有關稅費爭議,未妥善處理，與申訴人聯繫後移消保官,
37,1030325,皇普建設股份有限公司,買賣,預售屋,建商,停車位價金,未妥善處理，與申訴人聯繫後移消保官,
38,1030314,皇冠不動產有限公司,買賣,成屋,仲介業,終止委售或買賣契約,議會協商成立,
39,1030304,永慶房屋仲介股份有限公司,買賣,成屋,仲介業,產權不清楚,未妥善處理，與申訴人聯繫後移消保官,
40,1030324,永慶房屋仲介股份有限公司,買賣,成屋,仲介業,氯離子檢測,未妥善處理，函告申訴人後續可行處理方式,
41,1030317,信義房屋股份有限公司,買賣,成屋,仲介業,房屋漏水問題,議會協商成立,
42,1030403,翔譽國際建設股份有限公司,買賣,預售屋,建商,廣告不實,未妥善處理，與申訴人聯繫後移消保官,
43,1030408,大漢秋風不動產經紀有限公司,買賣,成屋,仲介業,隱瞞重要資訊,撤案,
44,1030328,永立地產開發有限公司,買賣,成屋,仲介業,服務報酬爭議,妥善處理，達成和解,
45,1030408,長耀建設股份有限公司,買賣,預售屋,建商,停車位價金,未妥善處理，函告申訴人後續可行處理方式,
46,1030415,信義房屋股份有限公司,買賣,成屋,仲介業,終止委售或買賣契約,未妥善處理，函告申訴人後續可行處理方式,
47,1030417,力宇不動產仲介經紀有限公司,買賣,成屋,仲介業,房屋漏水問題,未妥善處理，函告申訴人後續可行處理方式,
48,1030428,永慶房屋仲介股份有限公司,買賣,成屋,仲介業,房屋漏水問題,未妥善處理，函告申訴人後續可行處理方式,
49,1030415,長泰金建設股份有限公司,買賣,預售屋,建商,開工遲延,未妥善處理，函告申訴人後續可行處理方式,
50,1030429,永慶房屋仲介股份有限公司,買賣,成屋,仲介業,有關稅費爭議,未妥善處理，函告申訴人後續可行處理方式,
51,1030401,永慶房屋仲介股份有限公司,買賣,成屋,仲介業,仲介公司欺罔行為,撤案,
52,1030409,樺福建設開發股份有限公司,買賣,預售屋,建商,交屋遲延,未妥善處理，與申訴人聯繫後移消保官,
53,1030423,永慶房屋仲介股份有限公司,買賣,成屋,仲介業,隱瞞重要資訊,未妥善處理，函告申訴人後續可行處理方式,
54,1030402,宏盛建設股份有限公司,買賣,預售屋,建商,終止委售或買賣契約,妥善處理，達成和解,
55,1030410,廣朋建設,買賣,預售屋,建商,終止委售或買賣契約,妥善處理，達成和解,
56,1030424,寶樺開發股份有限公司,買賣,預售屋,建商,交屋遲延,妥善處理，達成和解,
57,1030410,長耀建設股份有限公司,買賣,預售屋,建商,停車位價金,未妥善處理，與申訴人聯繫後移消保官,
58,1030410,宏普建設,買賣,預售屋,建商,其他,妥善處理，達成和解,
59,1030423,永誠地產開發有限公司,買賣,成屋,仲介業,服務報酬爭議,未妥善處理，函告申訴人後續可行處理方式,
60,1030411,晶鑽房屋仲介股份有限公司,買賣,成屋,仲介業,其他,議會協商不成立,
61,1030317,永立地產開發有限公司,買賣,成屋,仲介業,服務報酬爭議,撤案,
62,1030309,新合國際建設股份有限公司,買賣,預售屋,建商,隱瞞重要資訊,未妥善處理，與申訴人聯繫後移消保官,
63,1030501,住信房屋仲介股份有限公司,買賣,成屋,仲介業,服務報酬爭議,未妥善處理，函告申訴人後續可行處理方式,
64,1030506,百麒房屋仲介有限公司,買賣,成屋,仲介業,隱瞞重要資訊,未妥善處理，函告申訴人後續可行處理方式,
65,1030507,永慶房屋仲介股份有限公司,買賣,成屋,仲介業,房屋漏水問題,未妥善處理，與申訴人聯繫後移消保官,
66,1030515,永慶房屋仲介股份有限公司,買賣,成屋,仲介業,服務報酬爭議,未妥善處理，函告申訴人後續可行處理方式,
67,1030527,台北置地不動產仲介經紀股份有限公司,買賣,成屋,仲介業,終止委售或買賣契約,撤案,
68,1030512,富地不動產仲介經紀有限公司,買賣,成屋,仲介業,服務報酬爭議,未妥善處理，函告申訴人後續可行處理方式,
69,1030526,永慶房屋仲介股份有限公司,買賣,成屋,仲介業,其他,未妥善處理，函告申訴人後續可行處理方式,
70,1030514,詠譽建設股份有限公司,買賣,預售屋,建商,停車位面積,未妥善處理，函告申訴人後續可行處理方式,
71,1030527,松信住宅股份有限公司,買賣,成屋,仲介業,仲介「斡旋金」返還,未妥善處理，函告申訴人後續可行處理方式,
72,1030505,永吉利不動產有限公司,買賣,成屋,仲介業,房屋漏水問題,妥善處理，達成和解,
73,1030520,永慶房屋仲介股份有限公司,買賣,成屋,仲介業,終止委售或買賣契約,妥善處理，達成和解,
74,1030520,信義房屋股份有限公司,買賣,成屋,仲介業,隱瞞重要資訊,妥善處理，達成和解,
75,1030605,台灣金聯資產管理公司,買賣,成屋,其他,其他,妥善處理，達成和解,
76,1030528,永慶房屋仲介股份有限公司,買賣,成屋,仲介業,氯離子檢測,議會協商成立,
77,1030529,北吉房屋仲介有限公司,買賣,成屋,仲介業,終止委售或買賣契約,妥善處理，達成和解,
78,1030519,永慶房屋仲介股份有限公司,買賣,成屋,仲介業,仲介公司欺罔行為,撤案,
79,1030502,安心開發不動產仲介有限公司,買賣,成屋,仲介業,氯離子檢測,未妥善處理，函告申訴人後續可行處理方式,
80,1030509,京鑽房屋仲介事業有限公司,買賣,成屋,仲介業,終止委售或買賣契約,妥善處理，達成和解,
81,1030612,信義房屋股份有限公司,買賣,成屋,仲介業,終止委售或買賣契約,撤案,
82,1030613,寰鼎開發建設股份有限公司,買賣,預售屋,建商,停車位面積,未妥善處理，函告申訴人後續可行處理方式,
83,1030625,聯全建設開發股份有限公司,買賣,預售屋,建商,坪數不足,未妥善處理，函告申訴人後續可行處理方式,
84,1030623,永慶房屋仲介股份有限公司,買賣,成屋,仲介業,終止委售或買賣契約,未妥善處理，函告申訴人後續可行處理方式,
85,1030616,凌群不動產,買賣,成屋,仲介業,隱瞞重要資訊,未妥善處理，函告申訴人後續可行處理方式,
86,1030626,僑茂房屋仲介股份有限公司,買賣,成屋,仲介業,隱瞞重要資訊,未妥善處理，函告申訴人後續可行處理方式,
87,1030616,華威聯合公司,買賣,預售屋,建商,交屋遲延,未妥善處理，函告申訴人後續可行處理方式,
88,1030610,威丞實業有限公司,買賣,預售屋,建商,交屋遲延,未妥善處理，函告申訴人後續可行處理方式,
89,1030625,萬得福不動產仲介經紀有限公司,買賣,成屋,仲介業,隱瞞重要資訊,議會協商不成立,
90,1030703,凰麒不動產有限公司,買賣,成屋,仲介業,服務報酬爭議,本局協商會，達成協議和解,
91,1030708,永慶房屋仲介股份有限公司,買賣,成屋,仲介業,服務報酬爭議,撤案,
92,1030717,永慶房屋仲介股份有限公司,買賣,成屋,仲介業,仲介公司欺罔行為,未妥善處理，函告申訴人後續可行處理方式,
93,1030711,永慶房屋仲介股份有限公司,買賣,成屋,仲介業,契約審閱權,未妥善處理，函告申訴人後續可行處理方式,
94,1030703,興益發建設企業股份有限公司,買賣,預售屋,建商,標的物貸款問題,妥善處理，達成和解,
95,1030722,信義房屋股份有限公司,買賣,成屋,仲介業,隱瞞重要資訊,未妥善處理，與申訴人聯繫後移消保官,
96,1030715,泰業資產管理股份有限公司,買賣,成屋,其他,房屋漏水問題,未妥善處理，函告申訴人後續可行處理方式,
97,1030718,永慶房屋仲介股份有限公司,買賣,成屋,仲介業,氯離子檢測,未妥善處理，函告申訴人後續可行處理方式,
98,1030725,東誠國際仲介經紀股份有限公司,買賣,成屋,仲介業,仲介「斡旋金」返還,本局協商會，達成協議和解,
99,1030703,台灣川普,買賣,預售屋,建商,其他,未妥善處理，函告申訴人後續可行處理方式,
100,1030703,德盛開發股份有限公司,買賣,預售屋,建商,施工瑕疵,未妥善處理，函告申訴人後續可行處理方式,
101,1030703,德盛開發股份有限公司,買賣,預售屋,建商,施工瑕疵,未妥善處理，函告申訴人後續可行處理方式,
102,1030721,興益發建設企業股份有限公司,買賣,預售屋,建商,標的物貸款問題,未妥善處理，函告申訴人後續可行處理方式,
103,1030711,大展事業有限公司,買賣,成屋,仲介業,房屋漏水問題,未妥善處理，函告申訴人後續可行處理方式,
104,1030703,永慶房屋仲介股份有限公司,買賣,成屋,仲介業,房屋漏水問題,妥善處理，達成和解,
105,1030717,康寧生活事業股份有限公司,買賣,成屋,其他,其他,妥善處理，達成和解,
106,1030718,好厝多不動產經紀股份有限公司,買賣,成屋,仲介業,隱瞞重要資訊,未妥善處理，函告申訴人後續可行處理方式,
107,1030708,永慶房屋仲介股份有限公司,買賣,成屋,仲介業,終止委售或買賣契約,未妥善處理，函告申訴人後續可行處理方式,
108,1030703,森磊不動產仲介經紀股份有限公司,買賣,成屋,仲介業,房屋漏水問題,未妥善處理，與申訴人聯繫後移消保官,
109,1030724,海灣開發建設有限公司,買賣,預售屋,建商,標的物貸款問題,未妥善處理，函告申訴人後續可行處理方式,
110,1030808,均晟資產管理有限公司,買賣,成屋,仲介業,仲介公司欺罔行為,本局協商會，達成協議和解,
111,1030814,信義房屋股份有限公司,買賣,成屋,仲介業,服務報酬爭議,未妥善處理，函告申訴人後續可行處理方式,
112,1030815,信義房屋股份有限公司,買賣,成屋,仲介業,仲介公司欺罔行為,未妥善處理，函告申訴人後續可行處理方式,
113,1030828,安家國際企業股份有限公司,買賣,預售屋,建商,其他,未妥善處理，與申訴人聯繫後移消保官,
114,1030829,晶鑽房屋仲介股份有限公司,買賣,成屋,仲介業,仲介公司欺罔行為,未妥善處理，函告申訴人後續可行處理方式,
115,1030825,達資國際物業設計有限公司,買賣,成屋,其他,「定金」返還(含斡旋金轉成定金返還),未妥善處理，函告申訴人後續可行處理方式,
116,1030813,信義房屋股份有限公司,買賣,成屋,仲介業,房屋漏水問題,妥善處理，達成和解,
117,1030825,永慶房屋仲介股份有限公司,買賣,成屋,仲介業,服務報酬爭議,未妥善處理，函告申訴人後續可行處理方式,
118,1030826,欣聯建設開發股份有限公司,買賣,預售屋,建商,停車位使用權,未妥善處理，函告申訴人後續可行處理方式,
119,1030822,頂碩不動產仲介經紀有限公司,買賣,成屋,仲介業,隱瞞重要資訊,未妥善處理，函告申訴人後續可行處理方式,
120,1030811,森磊不動產仲介經紀股份有限公司,買賣,成屋,仲介業,有關稅費爭議,議會協商成立,
121,1030813,信義房屋股份有限公司,租賃,成屋,仲介業,其他,妥善處理，達成和解,
122,1030827,永慶房屋仲介股份有限公司,買賣,成屋,仲介業,契約審閱權,未妥善處理，函告申訴人後續可行處理方式,
123,1030822,頂碩不動產仲介經紀有限公司,買賣,成屋,仲介業,隱瞞重要資訊,未妥善處理，函告申訴人後續可行處理方式,
124,1030915,泰坤建設實業股份有限公司,買賣,預售屋,建商,隱瞞重要資訊,未妥善處理，函告申訴人後續可行處理方式,
125,1030912,永慶房屋仲介股份有限公司,買賣,成屋,仲介業,房屋漏水問題,未妥善處理，函告申訴人後續可行處理方式,
126,1030917,永慶房屋仲介股份有限公司,買賣,成屋,仲介業,終止委售或買賣契約,妥善處理，達成和解,
127,1030903,博鼎不動產仲介有限公司,買賣,成屋,仲介業,坪數不足,未妥善處理，函告申訴人後續可行處理方式,
128,1030916,鳳霖建設股份有限公司,買賣,預售屋,建商,隱瞞重要資訊,未妥善處理，函告申訴人後續可行處理方式,
129,1030924,信義房屋股份有限公司,買賣,成屋,仲介業,仲介公司欺罔行為,妥善處理，達成和解,
130,1030926,信義房屋股份有限公司,買賣,成屋,仲介業,房屋漏水問題,妥善處理，達成和解,
131,1030924,呈瑞不動產開發企業有限公司,買賣,成屋,仲介業,仲介「斡旋金」返還,本局協商會，未達成協議,
132,1030929,永慶房屋仲介股份有限公司,買賣,成屋,仲介業,隱瞞重要資訊,未妥善處理，函告申訴人後續可行處理方式,
133,1030929,古亭不動產經紀有限公司,買賣,成屋,仲介業,房屋漏水問題,未妥善處理，與申訴人聯繫後移消保官,
134,1030915,百富不動產有限公司,買賣,成屋,仲介業,終止委售或買賣契約,妥善處理，達成和解,
135,1030916,和旺建設股份有限公司,買賣,預售屋,建商,其他,未妥善處理，與申訴人聯繫後移消保官,
136,1030701,好家在不動產仲介有限公司,買賣,成屋,仲介業,賺取差價,未妥善處理，函告申訴人後續可行處理方式,
137,1030924,群義不動產經紀股份有限公司,買賣,成屋,仲介業,有關稅費爭議,未妥善處理，函告申訴人後續可行處理方式,
138,1030923,信義房屋股份有限公司,買賣,成屋,仲介業,房屋漏水問題,妥善處理，達成和解,
139,1030911,永慶房屋仲介股份有限公司,買賣,成屋,仲介業,房屋漏水問題,未妥善處理，函告申訴人後續可行處理方式,
140,1030901,好厝多不動產經紀股份有限公司,買賣,成屋,仲介業,房屋漏水問題,未妥善處理，函告申訴人後續可行處理方式,
141,1030901,永誠地產開發有限公司,買賣,成屋,仲介業,產權不清楚,未妥善處理，函告申訴人後續可行處理方式,
142,1030912,飛行鯨魚有限公司,買賣,成屋,仲介業,隱瞞重要資訊,未妥善處理，函告申訴人後續可行處理方式,
143,1030923,達永建設股份有限公司,買賣,預售屋,建商,產權不清楚,未妥善處理，函告申訴人後續可行處理方式,
144,1030925,安家國際企業股份有限公司,買賣,預售屋,建商,隱瞞重要資訊,未妥善處理，函告申訴人後續可行處理方式,
145,1031007,東誠國際仲介經紀股份有限公司,買賣,成屋,仲介業,仲介「斡旋金」返還,未妥善處理，函告申訴人後續可行處理方式,
146,1031015,皇勝建設股份有限公司,買賣,預售屋,建商,其他,未妥善處理，函告申訴人後續可行處理方式,
147,1031023,創巨建設股份有限公司,買賣,成屋,仲介業,仲介公司欺罔行為,未妥善處理，函告申訴人後續可行處理方式,
148,1031024,泰和不動產仲介經紀有限公司,買賣,成屋,仲介業,房屋漏水問題,未妥善處理，函告申訴人後續可行處理方式,
149,1031030,永慶房屋仲介股份有限公司,買賣,成屋,仲介業,隱瞞重要資訊,妥善處理，達成和解,
150,1030929,曜進不動產有限公司,買賣,成屋,仲介業,仲介公司欺罔行為,未妥善處理，函告申訴人後續可行處理方式,
151,1031013,億昕開發實業有限公司,買賣,成屋,仲介業,有關稅費爭議,未妥善處理，函告申訴人後續可行處理方式,
152,1031022,永誠地產開發有限公司,買賣,成屋,仲介業,終止委售或買賣契約,其他,議員召開協調會
153,1031003,九天開發股份有限公司,買賣,成屋,其他,服務報酬爭議,未妥善處理，函告申訴人後續可行處理方式,
154,1031013,東區資產管理股份有限公司,買賣,成屋,仲介業,產權不清楚,議會協商不成立,
155,1031015,松山大樓管理會,買賣,成屋,其他,有關稅費爭議,妥善處理，達成和解,
156,1031030,九江不動產仲介股份有限公司,買賣,成屋,仲介業,賺取差價,未妥善處理，函告申訴人後續可行處理方式,
157,1031028,泰和不動產仲介經紀有限公司,買賣,成屋,仲介業,服務報酬爭議,未妥善處理，函告申訴人後續可行處理方式,
158,1031107,基泰建設,買賣,預售屋,建商,建材設備不符,未妥善處理，函告申訴人後續可行處理方式,
159,1031110,泰和不動產仲介經紀有限公司,買賣,成屋,仲介業,服務報酬爭議,未妥善處理，函告申訴人後續可行處理方式,
160,1031113,甲山林建設,買賣,預售屋,建商,其他,未妥善處理，函告申訴人後續可行處理方式,
161,1031111,廣朋建設,買賣,預售屋,建商,終止委售或買賣契約,未妥善處理，函告申訴人後續可行處理方式,
162,1031126,敦信開發不動產經紀有限公司,買賣,成屋,仲介業,其他,未妥善處理，函告申訴人後續可行處理方式,
163,1031128,永慶房屋仲介股份有限公司,買賣,成屋,仲介業,隱瞞重要資訊,議會協商成立,
164,1031106,欽總建設開發有限公司,買賣,預售屋,建商,工程結構及公共工程安全問題,未妥善處理，函告申訴人後續可行處理方式,
165,1031121,台北皇家不動產有限公司,買賣,成屋,仲介業,仲介公司欺罔行為,未妥善處理，函告申訴人後續可行處理方式,
166,1031126,皇翔建設股份有限公司,買賣,預售屋,建商,有關稅費爭議,未妥善處理，函告申訴人後續可行處理方式,
167,1031103,羽豊房屋有限公司,買賣,成屋,仲介業,房屋漏水問題,未妥善處理，函告申訴人後續可行處理方式,
168,1031110,信義房屋股份有限公司,買賣,成屋,仲介業,房屋漏水問題,未妥善處理，函告申訴人後續可行處理方式,
169,1031126,百麒房屋仲介有限公司,買賣,成屋,仲介業,服務報酬爭議,撤案,
170,1031127,興富謙建設股份有限公司,買賣,預售屋,建商,隱瞞重要資訊,未妥善處理，函告申訴人後續可行處理方式,
171,1031105,信義房屋股份有限公司,買賣,成屋,仲介業,隱瞞重要資訊,議會協商其他結論,
172,1031208,新碩建設股份有限公司,買賣,預售屋,建商,房屋漏水問題,未妥善處理，函告申訴人後續可行處理方式,
173,1031205,台北工業股份有限公司,買賣,預售屋,建商,停車位使用權,未妥善處理，與申訴人聯繫後移消保官,
174,1031209,永慶房屋仲介股份有限公司,買賣,成屋,仲介業,其他,未妥善處理，函告申訴人後續可行處理方式,
175,1031212,新潤興業股份有限公司,買賣,預售屋,建商,其他,未妥善處理，函告申訴人後續可行處理方式,
176,1031209,信義房屋股份有限公司,買賣,成屋,仲介業,仲介公司欺罔行為,未妥善處理，函告申訴人後續可行處理方式,
177,1031212,永慶房屋仲介股份有限公司,買賣,成屋,仲介業,仲介公司欺罔行為,未妥善處理，函告申訴人後續可行處理方式,
178,1031219,永慶房屋仲介股份有限公司,買賣,成屋,仲介業,其他,未妥善處理，函告申訴人後續可行處理方式,
179,1031224,飛行鯨魚有限公司,租賃,成屋,仲介業,其他,未妥善處理，函告申訴人後續可行處理方式,
180,1031224,晶莊房屋仲介有限公司,買賣,成屋,仲介業,「定金」返還(含斡旋金轉成定金返還),未妥善處理，函告申訴人後續可行處理方式,
181,1031224,勤立不動產經紀股份有限公司,買賣,成屋,仲介業,仲介「斡旋金」返還,未妥善處理，函告申訴人後續可行處理方式,
182,1031229,兢美建設股份有限公司,買賣,預售屋,建商,其他,未妥善處理，函告申訴人後續可行處理方式,
183,1031225,甲山林建設,買賣,預售屋,建商,其他,未妥善處理，函告申訴人後續可行處理方式,
184,1031212,至善房屋仲介有限公司,買賣,成屋,仲介業,服務報酬爭議,未妥善處理，函告申訴人後續可行處理方式,
185,1031216,信義房屋股份有限公司,買賣,成屋,仲介業,服務報酬爭議,未妥善處理，函告申訴人後續可行處理方式,
186,1031227,泰和不動產仲介經紀有限公司,買賣,成屋,仲介業,房屋漏水問題,未妥善處理，函告申訴人後續可行處理方式,
187,1031231,潤隆建設股份有限公司,買賣,預售屋,建商,隱瞞重要資訊,未妥善處理，函告申訴人後續可行處理方式,
188,1031209,永慶房屋仲介股份有限公司,買賣,成屋,仲介業,房屋漏水問題,未妥善處理，函告申訴人後續可行處理方式,
189,1031215,安庭房屋仲介有限公司,買賣,成屋,仲介業,房屋現況說明書內容與現況不符,未妥善處理，函告申訴人後續可行處理方式,
190,1031226,信義房屋股份有限公司,買賣,成屋,仲介業,仲介公司欺罔行為,未妥善處理，函告申訴人後續可行處理方式,
191,1031230,成家不動產顧問股份有限公司,買賣,成屋,仲介業,房屋漏水問題,未妥善處理，函告申訴人後續可行處理方式,
192,1040105,永慶房屋仲介股份有限公司,買賣,成屋,仲介業,房屋漏水問題,未妥善處理，函告申訴人後續可行處理方式,
193,1040108,皇翔建設股份有限公司,買賣,預售屋,建商,「定金」返還(含斡旋金轉成定金返還),未妥善處理，函告申訴人後續可行處理方式,
194,1040112,大漢秋風不動產經紀有限公司,買賣,成屋,仲介業,契約審閱權,未妥善處理，函告申訴人後續可行處理方式,
195,1040121,永慶房屋仲介股份有限公司,買賣,成屋,仲介業,產權不清楚,妥善處理，達成和解,
196,1040106,信義房屋股份有限公司,買賣,成屋,仲介業,契約審閱權,未妥善處理，函告申訴人後續可行處理方式,
197,1040126,樂揚建設,買賣,預售屋,建商,開工遲延,未妥善處理，函告申訴人後續可行處理方式,
198,1040119,全陽建設股份有限公司,買賣,預售屋,建商,停車位面積,未妥善處理，函告申訴人後續可行處理方式,
199,1040127,台灣肥料股份有限公司,買賣,預售屋,建商,標的物貸款問題,未妥善處理，函告申訴人後續可行處理方式,
200,1040121,恆信不動產仲介經紀有限公司,買賣,成屋,仲介業,終止委售或買賣契約,撤案,
201,1040202,信義房屋股份有限公司,買賣,成屋,仲介業,終止委售或買賣契約,妥善處理，達成和解,
202,1031229,宏泰人壽保險股份有限公司,買賣,成屋,其他,廣告不實,未妥善處理，函告申訴人後續可行處理方式,
203,1040203,勤立不動產經紀股份有限公司,買賣,成屋,仲介業,房屋漏水問題,未妥善處理，函告申訴人後續可行處理方式,
204,1040206,榮鼎建設股份有限公司,買賣,預售屋,建商,終止委售或買賣契約,消費者自行提起二次申訴,
205,1040210,肇新建築股份有限公司,買賣,預售屋,建商,其他,未妥善處理，函告申訴人後續可行處理方式,
206,1040204,信義房屋股份有限公司,買賣,成屋,仲介業,隱瞞重要資訊,妥善處理，達成和解,
207,1040216,凌群不動產,買賣,成屋,仲介業,隱瞞重要資訊,未妥善處理，函告申訴人後續可行處理方式,
208,1040217,永慶房屋仲介股份有限公司,買賣,成屋,仲介業,服務報酬爭議,未妥善處理，函告申訴人後續可行處理方式,
209,1040211,昌亞不動產股份有限公司,買賣,成屋,仲介業,仲介公司欺罔行為,未妥善處理，函告申訴人後續可行處理方式,
210,1040212,昌亞不動產股份有限公司,買賣,成屋,仲介業,仲介公司欺罔行為,未妥善處理，函告申訴人後續可行處理方式,
211,1040226,潤隆建設股份有限公司,買賣,預售屋,建商,其他,未妥善處理，函告申訴人後續可行處理方式,
212,1040213,皇冠不動產有限公司,買賣,成屋,仲介業,終止委售或買賣契約,未妥善處理，函告申訴人後續可行處理方式,
213,1040319,宸齊不動產股份有限公司,買賣,成屋,仲介業,其他,未妥善處理，函告申訴人後續可行處理方式,
214,1040320,彙德開發建設股份有限公司,買賣,預售屋,建商,廣告不實,未妥善處理，函告申訴人後續可行處理方式,
215,1040325,千德不動產仲介經紀有限公司,買賣,成屋,仲介業,仲介公司欺罔行為,未妥善處理，函告申訴人後續可行處理方式,
216,1040324,張淑晶,買賣,成屋,其他,其他,函告申訴人後續可行處理方式,
217,1040401,永慶房屋仲介股份有限公司,買賣,成屋,仲介業,其他,未妥善處理，函告申訴人後續可行處理方式,
218,1040323,太鼎不動產仲介經紀有限公司,買賣,成屋,仲介業,仲介「斡旋金」返還,撤案,
219,1040326,松信住宅股份有限公司,買賣,成屋,仲介業,仲介公司欺罔行為,未妥善處理，函告申訴人後續可行處理方式,
220,1040303,太平洋房屋仲介股份有限公司,買賣,成屋,仲介業,房屋漏水問題,未妥善處理，函告申訴人後續可行處理方式,
221,1040323,好厝多不動產經紀股份有限公司,買賣,成屋,仲介業,服務報酬爭議,妥善處理，達成和解,
222,1040330,永慶房屋仲介股份有限公司,買賣,成屋,仲介業,施工瑕疵,未妥善處理，函告申訴人後續可行處理方式,
223,1040414,宏泰人壽保險股份有限公司,買賣,預售屋,建商,其他,未妥善處理，函告申訴人後續可行處理方式,
224,1040420,太平洋房屋仲介股份有限公司,買賣,成屋,仲介業,仲介公司欺罔行為,未妥善處理，函告申訴人後續可行處理方式,
225,1040421,信義房屋股份有限公司,買賣,成屋,仲介業,隱瞞重要資訊,撤案,
226,1040424,永慶房屋仲介股份有限公司,買賣,成屋,仲介業,房屋漏水問題,妥善處理，達成和解,
227,1040413,昌亞不動產股份有限公司,買賣,成屋,仲介業,其他,未妥善處理，函告申訴人後續可行處理方式,
228,1040407,永慶房屋仲介股份有限公司,買賣,成屋,仲介業,房屋漏水問題,議會協商其他結論,
229,1040421,亞昕國際開發股份有限公司,買賣,預售屋,建商,建材設備不符,未妥善處理，函告申訴人後續可行處理方式,
230,1040421,信義房屋股份有限公司,買賣,成屋,仲介業,氯離子檢測,撤案,
231,1040506,皇嘉物業管理顧問公司,買賣,成屋,其他,其他,其他,業者已處理，房客選擇搬離
232,1040508,永慶房屋仲介股份有限公司,買賣,成屋,仲介業,氯離子檢測,妥善處理，達成和解,
233,1040525,信義房屋股份有限公司,買賣,成屋,仲介業,其他,未妥善處理，函告申訴人後續可行處理方式,
234,1040525,信義房屋股份有限公司,買賣,成屋,仲介業,隱瞞重要資訊,未妥善處理，函告申訴人後續可行處理方式,
235,1040506,台北工業股份有限公司,買賣,預售屋,建商,終止委售或買賣契約,未妥善處理，函告申訴人後續可行處理方式,
236,1040525,永慶房屋仲介股份有限公司,買賣,成屋,仲介業,仲介「斡旋金」返還,撤案,
237,1040526,勤實加房屋仲介股份有限公司,買賣,成屋,仲介業,氯離子檢測,未妥善處理，與申訴人聯繫後移消保官,
238,1040527,標柱信義股份有限公司,買賣,成屋,仲介業,氯離子檢測,未妥善處理，函告申訴人後續可行處理方式,
239,1040511,日勝生活科技股份有限,買賣,預售屋,建商,標的物貸款問題,未妥善處理，函告申訴人後續可行處理方式,
240,1040603,永慶房屋仲介股份有限公司,買賣,成屋,仲介業,隱瞞重要資訊,未妥善處理，函告申訴人後續可行處理方式,
241,1040615,宏泰人壽保險股份有限公司,買賣,預售屋,建商,終止委售或買賣契約,未妥善處理，函告申訴人後續可行處理方式,
242,1040622,永慶房屋仲介股份有限公司,買賣,成屋,仲介業,其他,未妥善處理，函告申訴人後續可行處理方式,
243,1040617,興富發建設股份有限公司,買賣,預售屋,建商,終止委售或買賣契約,未妥善處理，與申訴人聯繫後移消保官,
244,1040615,永慶房屋仲介股份有限公司,買賣,成屋,仲介業,服務報酬爭議,妥善處理，達成和解,
245,1040624,凌群不動產,買賣,成屋,仲介業,其他,未妥善處理，函告申訴人後續可行處理方式,
246,1040609,蓮園建設,買賣,預售屋,建商,隱瞞重要資訊,撤案,
247,1040630,永慶房屋仲介股份有限公司,買賣,成屋,仲介業,房屋漏水問題,未妥善處理，函告申訴人後續可行處理方式,
248,1040604,台北皇家不動產有限公司,買賣,成屋,仲介業,仲介「斡旋金」返還,未妥善處理，與申訴人聯繫後移消保官,
249,1040625,泰和不動產仲介經紀有限公司,買賣,成屋,仲介業,終止委售或買賣契約,未妥善處理，與申訴人聯繫後移消保官,
250,1040630,潤隆建設股份有限公司,買賣,預售屋,建商,其他,妥善處理，達成和解,
251,1040713,飛行鯨魚有限公司,買賣,成屋,仲介業,仲介「斡旋金」返還,妥善處理，達成和解,
252,1040715,新潤實業股份有限公司,買賣,預售屋,建商,其他,未妥善處理，函告申訴人後續可行處理方式,
253,1040717,愛妃爾建設股份有限公司,買賣,預售屋,建商,其他,未妥善處理，函告申訴人後續可行處理方式,
254,1040720,永慶房屋仲介股份有限公司,買賣,成屋,仲介業,服務報酬爭議,未妥善處理，函告申訴人後續可行處理方式,
255,1040707,台北皇家不動產有限公司,買賣,成屋,仲介業,服務報酬爭議,妥善處理，達成和解,
256,1040728,豊天置業有限公司,買賣,成屋,仲介業,隱瞞重要資訊,未妥善處理，函告申訴人後續可行處理方式,
257,1040730,潤隆建設股份有限公司,買賣,預售屋,建商,坪數不足,未妥善處理，函告申訴人後續可行處理方式,
258,1040714,永慶房屋仲介股份有限公司,買賣,成屋,仲介業,氯離子檢測,議會協商其他結論,
259,1040731,大將開發股份有限公司,買賣,預售屋,建商,坪數不足,未妥善處理，與申訴人聯繫後移消保官,
260,1040707,永慶房屋仲介股份有限公司,買賣,成屋,仲介業,隱瞞重要資訊,妥善處理，達成和解,
261,1040714,信義房屋股份有限公司,買賣,成屋,仲介業,隱瞞重要資訊,未妥善處理，函告申訴人後續可行處理方式,
262,1040715,永慶房屋仲介股份有限公司,買賣,成屋,仲介業,交屋遲延,撤案,
263,1040731,榮鼎建設股份有限公司,買賣,預售屋,建商,交屋遲延,未妥善處理，函告申訴人後續可行處理方式,
264,1040713,信義房屋股份有限公司,買賣,成屋,仲介業,服務報酬爭議,妥善處理，達成和解,
265,1040730,昌亞不動產股份有限公司,買賣,成屋,仲介業,房屋漏水問題,未妥善處理，函告申訴人後續可行處理方式,
266,1040723,昱昇國際不動產有限公司,買賣,成屋,仲介業,未提供(交)不動產說明書,未妥善處理，函告申訴人後續可行處理方式,
267,1040730,宏泰人壽保險股份有限公司,買賣,預售屋,建商,終止委售或買賣契約,未妥善處理，函告申訴人後續可行處理方式,
268,1040703,標柱房屋仲介股份有限公司,買賣,成屋,仲介業,其他,議會協商成立,
269,1040703,貴鳳不動產經紀有限公司,買賣,成屋,仲介業,房屋漏水問題,未妥善處理，與申訴人聯繫後移消保官,
270,1040806,工信建設有限公司,買賣,成屋,其他,終止委售或買賣契約,妥善處理，達成和解,
271,1040810,豪美建設股份有限公司,買賣,預售屋,建商,建材設備不符,未妥善處理，函告申訴人後續可行處理方式,
272,1040812,安新建築經理股份有限公司,買賣,成屋,其他,其他,未妥善處理，函告申訴人後續可行處理方式,
273,1040819,安家國際企業股份有限公司,買賣,預售屋,建商,終止委售或買賣契約,未妥善處理，函告申訴人後續可行處理方式,
274,1040807,冠德建設,買賣,預售屋,建商,契約審閱權,未妥善處理，函告申訴人後續可行處理方式,
275,1040821,昌亞不動產股份有限公司,買賣,成屋,仲介業,其他,未妥善處理，函告申訴人後續可行處理方式,
276,1040821,住信房屋仲介有限公司,買賣,成屋,仲介業,隱瞞重要資訊,未妥善處理，函告申訴人後續可行處理方式,
277,1040804,信義房屋股份有限公司,買賣,成屋,仲介業,「定金」返還(含斡旋金轉成定金返還),妥善處理，達成和解,
278,1040825,群興開發股份有限公司,買賣,成屋,其他,其他,妥善處理，達成和解,
279,1040828,信義房屋股份有限公司,買賣,成屋,仲介業,房屋漏水問題,未妥善處理，函告申訴人後續可行處理方式,
280,1040901,永慶房屋仲介股份有限公司,買賣,成屋,仲介業,仲介公司欺罔行為,妥善處理，達成和解,
281,1040901,金士頓不動產經紀股份有限公司,買賣,成屋,仲介業,「定金」返還(含斡旋金轉成定金返還),未妥善處理，函告申訴人後續可行處理方式,
282,1040810,海悅國際開發股份有限公司,買賣,成屋,代銷業,開工遲延,妥善處理，達成和解,
283,1040812,信義房屋仲介股份有限公司,買賣,成屋,代銷業,隱瞞重要資訊,未妥善處理，函告申訴人後續可行處理方式,
284,1040824,台北皇家不動產有限公司,買賣,成屋,仲介業,隱瞞重要資訊,妥善處理，達成和解,
285,1040824,信義房屋股份有限公司,買賣,成屋,仲介業,隱瞞重要資訊,未妥善處理，函告申訴人後續可行處理方式,
286,1040817,永慶房屋仲介股份有限公司,買賣,成屋,仲介業,隱瞞重要資訊,議會協商其他結論,
287,1040824,永慶房屋仲介股份有限公司,買賣,成屋,仲介業,房屋漏水問題,議會協商成立,
288,1040804,筑丰實業股份有限公司,買賣,預售屋,建商,其他,未妥善處理，函告申訴人後續可行處理方式,
289,1040819,信義房屋股份有限公司,買賣,成屋,仲介業,終止委售或買賣契約,未妥善處理，函告申訴人後續可行處理方式,
290,1040827,信義房屋股份有限公司,買賣,成屋,仲介業,終止委售或買賣契約,撤案,
291,1040903,世達建設股份有限公司,買賣,預售屋,建商,其他,未妥善處理，函告申訴人後續可行處理方式,
292,1040903,大華建設股份有限公司,買賣,預售屋,建商,廣告不實,未妥善處理，與申訴人聯繫後移消保官,
293,1040908,豪盛建設股份有限公司,買賣,預售屋,建商,隱瞞重要資訊,未妥善處理，函告申訴人後續可行處理方式,
294,1040922,潤隆建設股份有限公司,買賣,預售屋,建商,廣告不實,妥善處理，達成和解,
295,1040923,東煒建設股份有限公司,買賣,預售屋,建商,坪數不足,未妥善處理，函告申訴人後續可行處理方式,
296,1040925,信義房屋股份有限公司,買賣,成屋,仲介業,隱瞞重要資訊,妥善處理，達成和解,
297,1040916,忠誠建設有限公司,買賣,成屋,其他,其他,妥善處理，達成和解,
298,1040916,凰麒不動產有限公司,買賣,成屋,仲介業,終止委售或買賣契約,妥善處理，達成和解,
299,1040911,元景不動產經紀有限公司,買賣,成屋,仲介業,終止委售或買賣契約,未妥善處理，函告申訴人後續可行處理方式,
300,1040903,有富國際實業,買賣,預售屋,建商,廣告不實,未妥善處理，函告申訴人後續可行處理方式,
301,1040916,潤隆建設股份有限公司,買賣,預售屋,建商,契約審閱權,未妥善處理，與申訴人聯繫後移消保官,
302,1040923,安家國際企業股份有限公司,買賣,預售屋,建商,終止委售或買賣契約,未妥善處理，函告申訴人後續可行處理方式,
303,1040924,甲山林廣告股份有限公司,買賣,成屋,代銷業,廣告不實,妥善處理，達成和解,
304,1041001,有富國際實業股份有限公司,買賣,預售屋,建商,施工瑕疵,妥善處理，達成和解,
305,1041006,忠泰長虹建設股份有限公司,買賣,預售屋,建商,其他,未妥善處理，函告申訴人後續可行處理方式,
306,1041013,敦怡建設股份有限公司,買賣,預售屋,建商,「定金」返還(含斡旋金轉成定金返還),妥善處理，達成和解,
307,1041015,安家國際企業股份有限公司,買賣,預售屋,建商,終止委售或買賣契約,未妥善處理，函告申訴人後續可行處理方式,
308,1041015,安家國際企業股份有限公司,買賣,預售屋,建商,終止委售或買賣契約,未妥善處理，函告申訴人後續可行處理方式,
309,1041022,永慶房屋仲介股份有限公司,買賣,成屋,仲介業,交屋遲延,未妥善處理，函告申訴人後續可行處理方式,
310,1041016,大壯不動產仲介有限公司,買賣,成屋,仲介業,終止委售或買賣契約,妥善處理，達成和解,
311,1041027,吳聆思行,買賣,預售屋,建商,交屋遲延,未妥善處理，函告申訴人後續可行處理方式,
312,1041027,永慶房屋仲介股份有限公司,買賣,成屋,仲介業,房屋漏水問題,未妥善處理，函告申訴人後續可行處理方式,
313,1041028,吳聆思行,買賣,預售屋,建商,交屋遲延,未妥善處理，函告申訴人後續可行處理方式,
314,1041005,和旺建設股份有限公司,買賣,預售屋,建商,交屋遲延,未妥善處理，與申訴人聯繫後移消保官,
315,1041015,安家國際企業股份有限公司,買賣,預售屋,建商,施工瑕疵,未妥善處理，函告申訴人後續可行處理方式,
316,1041015,安家國際企業股份有限公司,買賣,預售屋,建商,施工瑕疵,未妥善處理，函告申訴人後續可行處理方式,
317,1041016,永慶房屋仲介股份有限公司,買賣,成屋,仲介業,契約審閱權,未妥善處理，函告申訴人後續可行處理方式,
318,1041027,吳聆思行,買賣,預售屋,建商,交屋遲延,未妥善處理，函告申訴人後續可行處理方式,
319,1041027,吳聆思行,買賣,預售屋,建商,交屋遲延,未妥善處理，函告申訴人後續可行處理方式,
320,1041005,永慶房屋仲介股份有限公司,買賣,成屋,仲介業,終止委售或買賣契約,未妥善處理，函告申訴人後續可行處理方式,
321,1041030,成華建設,買賣,預售屋,建商,其他,議會協商其他結論,
322,1041001,翔譽國際建設股份有限公司,買賣,預售屋,建商,隱瞞重要資訊,未妥善處理，函告申訴人後續可行處理方式,
323,1041015,安家國際企業股份有限公司,買賣,預售屋,建商,終止委售或買賣契約,未妥善處理，函告申訴人後續可行處理方式,
324,1041016,皇翔建設股份有限公司,買賣,預售屋,建商,停車位使用權,未妥善處理，函告申訴人後續可行處理方式,
325,1041027,永慶房屋仲介股份有限公司,買賣,成屋,仲介業,服務報酬爭議,撤案,
326,1041102,甲山林房屋仲介股份有限公司,買賣,成屋,代銷業,仲介公司欺罔行為,妥善處理，達成和解,
327,1041028,百分百不動產經紀股份有限公司,租賃,成屋,仲介業,其他,議會協商不成立,
328,1041103,永慶房屋仲介股份有限公司,買賣,成屋,仲介業,服務報酬爭議,妥善處理，達成和解,
329,1041110,永慶房屋仲介股份有限公司,買賣,成屋,仲介業,仲介公司欺罔行為,未妥善處理，函告申訴人後續可行處理方式,
330,1041113,永慶房屋仲介股份有限公司,買賣,成屋,仲介業,仲介公司欺罔行為,未妥善處理，函告申訴人後續可行處理方式,
331,1041118,翔譽國際建設股份有限公司,買賣,預售屋,建商,隱瞞重要資訊,未妥善處理，函告申訴人後續可行處理方式,
332,1041120,萬通國際開發股份有限公司,買賣,預售屋,建商,交屋遲延,未妥善處理，函告申訴人後續可行處理方式,
333,1041117,永慶房屋仲介股份有限公司,買賣,成屋,仲介業,隱瞞重要資訊,妥善處理，達成和解,
334,1041113,吳聆思行,買賣,預售屋,建商,交屋遲延,未妥善處理，與申訴人聯繫後移消保官,
335,1041124,信義房屋股份有限公司,買賣,成屋,仲介業,隱瞞重要資訊,未妥善處理，與申訴人聯繫後移消保官,
336,1041102,興益發建設企業股份有限公司,買賣,預售屋,建商,開工遲延,未妥善處理，函告申訴人後續可行處理方式,
337,1041110,永慶房屋仲介股份有限公司,買賣,成屋,仲介業,仲介公司欺罔行為,撤案,
338,1041117,長耀建設股份有限公司,買賣,預售屋,建商,施工瑕疵,未妥善處理，函告申訴人後續可行處理方式,
339,1041120,大佳國際開發,買賣,預售屋,建商,工程結構及公共工程安全問題,未妥善處理，函告申訴人後續可行處理方式,
340,1041102,信義房屋股份有限公司,買賣,成屋,仲介業,隱瞞重要資訊,未妥善處理，函告申訴人後續可行處理方式,
341,1041113,吳聆思行,買賣,預售屋,建商,交屋遲延,未妥善處理，與申訴人聯繫後移消保官,
342,1041124,信義房屋股份有限公司,買賣,成屋,仲介業,隱瞞重要資訊,未妥善處理，函告申訴人後續可行處理方式,
343,1041113,吳聆思行,買賣,預售屋,建商,交屋遲延,未妥善處理，與申訴人聯繫後移消保官,
344,1041124,葉嘉興,租賃,成屋,其他,其他,函告申訴人後續可行處理方式,
345,1041201,和旺建設股份有限公司,買賣,預售屋,建商,其他,未妥善處理，函告申訴人後續可行處理方式,
346,1041105,榮鼎建設,買賣,預售屋,建商,交屋遲延,未妥善處理，函告申訴人後續可行處理方式,
347,1041113,華和資產,買賣,預售屋,建商,廣告不實,未妥善處理，與申訴人聯繫後移消保官,
348,1041117,信義房屋股份有限公司,買賣,成屋,仲介業,停車位使用權,未妥善處理，與申訴人聯繫後移消保官,
349,1041123,亞昕國際開發股份有限公司,買賣,預售屋,建商,施工瑕疵,未妥善處理，函告申訴人後續可行處理方式,
350,1041204,中業房屋仲介有限公司,買賣,成屋,仲介業,服務報酬爭議,未妥善處理，函告申訴人後續可行處理方式,
351,1041207,宏泰人壽保險股份有限公司,買賣,成屋,其他,終止委售或買賣契約,未妥善處理，函告申訴人後續可行處理方式,
352,1041207,皇翔建設股份有限公司,買賣,預售屋,建商,其他,未妥善處理，函告申訴人後續可行處理方式,
353,1041217,吳聆思行,買賣,預售屋,建商,其他,妥善處理，達成和解,
354,1041217,安駐建設股份有限公司,買賣,預售屋,建商,其他,未妥善處理，函告申訴人後續可行處理方式,
355,1041223,麗第建設,買賣,預售屋,建商,其他,妥善處理，達成和解,
356,1041215,永慶房屋仲介股份有限公司,買賣,成屋,仲介業,終止委售或買賣契約,妥善處理，達成和解,
357,1041204,台灣肥料股份有限公司,買賣,預售屋,建商,施工瑕疵,未妥善處理，與申訴人聯繫後移消保官,
358,1041209,勝隆開發公司,買賣,預售屋,建商,其他,未妥善處理，與申訴人聯繫後移消保官,
359,1041222,安駐建設股份有限公司,買賣,預售屋,建商,施工瑕疵,未妥善處理，與申訴人聯繫後移消保官,
360,1041215,億欣營造股份有限公司,買賣,預售屋,建商,交屋遲延,未妥善處理，與申訴人聯繫後移消保官,
361,1041210,北吉房屋仲介有限公司,買賣,成屋,仲介業,仲介「斡旋金」返還,妥善處理，達成和解,
362,1041208,宏普建設,買賣,預售屋,建商,標的物貸款問題,未妥善處理，函告申訴人後續可行處理方式,
363,1041204,台灣肥料股份有限公司,買賣,預售屋,建商,工程結構及公共工程安全問題,未妥善處理，函告申訴人後續可行處理方式,
364,1041218,百分百不動產經紀股份有限公司,買賣,成屋,仲介業,隱瞞重要資訊,未妥善處理，函告申訴人後續可行處理方式,
365,1050106,榮鼎建設股份有限公司,買賣,預售屋,建商,交屋遲延,未妥善處理，函告申訴人後續可行處理方式,
366,1050104,維多利亞建設,買賣,預售屋,建商,廣告不實,議會協商成立,
367,1050111,博元建設股份有限公司,買賣,預售屋,建商,隱瞞重要資訊,未妥善處理，與申訴人聯繫後移消保官,
368,1050112,甲山林建設,買賣,預售屋,建商,交屋遲延,未妥善處理，函告申訴人後續可行處理方式,
369,1050114,傑創不動產仲介經紀有限公司,買賣,成屋,仲介業,房屋漏水問題,未妥善處理，與申訴人聯繫後移消保官,
370,1050119,濟盟建設股份有限公司,買賣,預售屋,建商,施工瑕疵,未妥善處理，與申訴人聯繫後移消保官,
371,1050127,愛妃爾建設股份有限公司,買賣,預售屋,建商,其他,未妥善處理，函告申訴人後續可行處理方式,
372,1050105,宸寶建設股份有限公司,買賣,預售屋,建商,坪數不足,妥善處理，達成和解,
373,1050112,寶徠建設股份有限公司,買賣,預售屋,建商,建材設備不符,未妥善處理，與申訴人聯繫後移消保官,
374,1050114,安家國際企業股份有限公司,買賣,預售屋,建商,隱瞞重要資訊,未妥善處理，與申訴人聯繫後移消保官,
375,1050119,僑茂房屋仲介股份有限公司,買賣,成屋,仲介業,房屋漏水問題,未妥善處理，與申訴人聯繫後移消保官,
376,1050129,興富發建設股份有限公司,買賣,預售屋,建商,工程結構及公共工程安全問題,未妥善處理，函告申訴人後續可行處理方式,
377,1050122,皇翔建設股份有限公司,買賣,預售屋,建商,隱瞞重要資訊,未妥善處理，函告申訴人後續可行處理方式,
378,1050120,三發地產股份有限公司,買賣,預售屋,建商,廣告不實,妥善處理，達成和解,
379,1050129,永慶房屋仲介股份有限公司,買賣,成屋,仲介業,房屋漏水問題,妥善處理，達成和解,
380,1050107,首泰建設股份有限公司,買賣,預售屋,建商,交屋遲延,未妥善處理，函告申訴人後續可行處理方式,
381,1050112,宏泰人壽保險股份有限公司,買賣,成屋,其他,終止委售或買賣契約,未妥善處理，與申訴人聯繫後移消保官,
382,1050118,達麗建設事業股份有限公司,買賣,預售屋,建商,終止委售或買賣契約,未妥善處理，函告申訴人後續可行處理方式,
383,1050127,冠德建設,買賣,預售屋,建商,終止委售或買賣契約,未妥善處理，函告申訴人後續可行處理方式,
384,1050112,東龍國際開發股份有限公司,買賣,成屋,仲介業,未提供(交)不動產說明書,撤案,
385,1050129,興富發建設股份有限公司,買賣,預售屋,建商,工程結構及公共工程安全問題,未妥善處理，函告申訴人後續可行處理方式,
386,1050203,信義房屋股份有限公司,買賣,成屋,仲介業,服務報酬爭議,撤案,
387,1050205,信義房屋股份有限公司,買賣,成屋,仲介業,隱瞞重要資訊,未妥善處理，函告申訴人後續可行處理方式,
388,1050218,百分百不動產經紀股份有限公司,買賣,成屋,仲介業,「定金」返還(含斡旋金轉成定金返還),未妥善處理，函告申訴人後續可行處理方式,
389,1050218,宏普建設,買賣,預售屋,建商,停車位使用權,未妥善處理，函告申訴人後續可行處理方式,
390,1050225,五都海外置業有限公司,買賣,成屋,仲介業,「定金」返還(含斡旋金轉成定金返還),未妥善處理，函告申訴人後續可行處理方式,
391,1050205,連雲建設股份有限公司,買賣,預售屋,建商,坪數不足,未妥善處理，函告申訴人後續可行處理方式,
392,1050216,博元建設股份有限公司,買賣,預售屋,建商,隱瞞重要資訊,其他,消保官召開協商會
393,1050308,慶烽建設有限公司,買賣,預售屋,建商,房屋漏水問題,妥善處理，達成和解,
394,1050316,皇翔建設股份有限公司,買賣,預售屋,建商,交屋遲延,未妥善處理，與申訴人聯繫後移消保官,
395,1050317,宏信房屋仲介有限公司,買賣,成屋,仲介業,房屋漏水問題,妥善處理，達成和解,
396,1050307,展曜建設股份有限公司,買賣,預售屋,建商,停車位面積,未妥善處理，與申訴人聯繫後移消保官,
397,1050311,宏信房屋仲介有限公司,買賣,成屋,仲介業,契約審閱權,妥善處理，達成和解,
398,1050330,興富發建設股份有限公司,買賣,預售屋,建商,終止委售或買賣契約,未妥善處理，函告申訴人後續可行處理方式,
399,1050304,日勝生活科技股份有限,買賣,預售屋,建商,停車位面積,未妥善處理，與申訴人聯繫後移消保官,
400,1050310,翔譽國際建設股份有限公司,買賣,預售屋,建商,終止委售或買賣契約,妥善處理，達成和解,
401,1050324,宏普建設,買賣,預售屋,建商,其他,未妥善處理，函告申訴人後續可行處理方式,
402,1050322,住信房屋仲介股份有限公司,買賣,成屋,仲介業,終止委售或買賣契約,本局協商會，達成協議和解,
403,1050322,萬通國際開發股份有限公司,買賣,預售屋,建商,交屋遲延,未妥善處理，函告申訴人後續可行處理方式,
404,1050304,百分百不動產經紀股份有限公司,買賣,成屋,仲介業,隱瞞重要資訊,未妥善處理，與申訴人聯繫後移消保官,
405,1050311,信義房屋股份有限公司,買賣,成屋,仲介業,隱瞞重要資訊,未妥善處理，函告申訴人後續可行處理方式,
406,1050323,新潤興業股份有限公司,買賣,預售屋,建商,隱瞞重要資訊,未妥善處理，與申訴人聯繫後移消保官,
407,1050302,萬得建設有限公司,買賣,預售屋,建商,施工瑕疵,未妥善處理，與申訴人聯繫後移消保官,
408,1050330,冠德建設,買賣,預售屋,建商,契約審閱權,未妥善處理，與申訴人聯繫後移消保官,
409,1050316,捷順建設有限公司,買賣,預售屋,建商,其他,未妥善處理，函告申訴人後續可行處理方式,
410,1050328,森築開發股份有限公司,買賣,預售屋,建商,契約審閱權,未妥善處理，函告申訴人後續可行處理方式,
411,1050302,皇家不動產投資顧問有限公司,買賣,成屋,仲介業,契約審閱權,妥善處理，達成和解,
412,1050401,匯禾不動產仲介經紀有限公司,買賣,成屋,仲介業,服務報酬爭議,未妥善處理，函告申訴人後續可行處理方式,
413,1050408,北碁建設股份有限公司,買賣,預售屋,建商,契約審閱權,未妥善處理，函告申訴人後續可行處理方式,
414,1050412,遠雄建設事業股份有限公司,買賣,預售屋,建商,工程結構及公共工程安全問題,未妥善處理，與申訴人聯繫後移消保官,
415,1050414,皇翔建設股份有限公司,買賣,預售屋,建商,其他,撤案,
416,1050414,遠雄建設事業股份有限公司,買賣,預售屋,建商,其他,未妥善處理，函告申訴人後續可行處理方式,
417,1050412,新潤建設股份有限公司,買賣,預售屋,建商,施工瑕疵,未妥善處理，函告申訴人後續可行處理方式,
418,1050414,瑀晁國際不動產有限公司,買賣,成屋,仲介業,仲介「斡旋金」返還,未妥善處理，函告申訴人後續可行處理方式,
419,1050408,興富發建設股份有限公司,買賣,預售屋,建商,契約審閱權,未妥善處理，與申訴人聯繫後移消保官,
420,1050421,信義房屋股份有限公司,買賣,成屋,仲介業,坪數不足,未妥善處理，與申訴人聯繫後移消保官,
421,1050422,玖恩建設股份有限公司,買賣,預售屋,建商,交屋遲延,未妥善處理，函告申訴人後續可行處理方式,
422,1050428,長泰金建設股份有限公司,買賣,預售屋,建商,終止委售或買賣契約,未妥善處理，與申訴人聯繫後移消保官,
423,1050406,皇翔建設股份有限公司,買賣,預售屋,建商,交屋遲延,未妥善處理，函告申訴人後續可行處理方式,
424,1050413,安家不動產顧問有限公司,買賣,成屋,仲介業,房屋漏水問題,未妥善處理，與申訴人聯繫後移消保官,
425,1050428,張媽媽租屋專業服務有限公司,買賣,成屋,仲介業,仲介「斡旋金」返還,妥善處理，達成和解,
426,1050408,興富發建設股份有限公司,買賣,預售屋,建商,廣告不實,未妥善處理，與申訴人聯繫後移消保官,
427,1050414,齊富不動產有限公司,租賃,成屋,仲介業,其他,未妥善處理，函告申訴人後續可行處理方式,
428,1050425,永慶房屋仲介股份有限公司,買賣,成屋,仲介業,隱瞞重要資訊,未妥善處理，與申訴人聯繫後移消保官,
429,1050407,富裕傳承資產管理股份有限公司,買賣,成屋,仲介業,仲介「斡旋金」返還,妥善處理，達成和解,
430,1050408,永慶房屋仲介股份有限公司,買賣,成屋,仲介業,服務報酬爭議,未妥善處理，函告申訴人後續可行處理方式,
431,1050414,永慶房屋仲介股份有限公司,買賣,成屋,仲介業,服務報酬爭議,移消保官,
432,1050418,森築開發股份有限公司,買賣,預售屋,建商,終止委售或買賣契約,未妥善處理，函告申訴人後續可行處理方式,
433,1050406,興富發建設股份有限公司,買賣,預售屋,建商,契約審閱權,未妥善處理，與申訴人聯繫後移消保官,
434,1050408,皇翔建設股份有限公司,買賣,預售屋,建商,交屋遲延,未妥善處理，與申訴人聯繫後移消保官,
435,1050413,信義房屋股份有限公司,買賣,成屋,仲介業,隱瞞重要資訊,妥善處理，達成和解,
436,1050426,甲山林建設,買賣,預售屋,建商,交屋遲延,未妥善處理，與申訴人聯繫後移消保官,
437,1050503,森築開發股份有限公司,買賣,預售屋,建商,隱瞞重要資訊,未妥善處理，函告申訴人後續可行處理方式,
438,1050503,高盛地產,買賣,成屋,仲介業,終止委售或買賣契約,未妥善處理，函告申訴人後續可行處理方式,
439,1050517,林怡利,買賣,成屋,其他,契約審閱權,未妥善處理，與申訴人聯繫後移消保官,
440,1050503,永慶房屋仲介股份有限公司,買賣,成屋,仲介業,終止委售或買賣契約,未妥善處理，函告申訴人後續可行處理方式,
441,1050518,君泰開發建設股份有限公司,買賣,預售屋,建商,終止委售或買賣契約,妥善處理，達成和解,
442,1050526,皇翔建設股份有限公司,買賣,預售屋,建商,建材設備不符,未妥善處理，與申訴人聯繫後移消保官,
443,1050526,皇翔建設股份有限公司,買賣,預售屋,建商,建材設備不符,未妥善處理，函告申訴人後續可行處理方式,
444,1050512,甲山林建設,買賣,預售屋,建商,交屋遲延,函告申訴人後續可行處理方式,
445,1050524,亞太國際地產股份有限公司,買賣,成屋,仲介業,交屋遲延,未妥善處理，函告申訴人後續可行處理方式,
446,1050510,遠雄建設事業股份有限公司,買賣,預售屋,建商,終止委售或買賣契約,未妥善處理，與申訴人聯繫後移消保官,
447,1050520,皇翔建設股份有限公司,買賣,預售屋,建商,停車位面積,未妥善處理，函告申訴人後續可行處理方式,
448,1050519,永慶房屋仲介股份有限公司,買賣,成屋,仲介業,房屋漏水問題,未妥善處理，函告申訴人後續可行處理方式,
449,1050517,林怡利,買賣,成屋,其他,契約審閱權,未妥善處理，與申訴人聯繫後移消保官,
450,1050505,首泰建設股份有限公司,買賣,預售屋,建商,終止委售或買賣契約,未妥善處理，與申訴人聯繫後移消保官,
451,1050527,凱倢房屋有限公司,買賣,成屋,仲介業,服務報酬爭議,妥善處理，達成和解,
452,1050613,家年建設股份有限公司,買賣,預售屋,建商,其他,議會協商成立,
453,1050615,國揚實業股份有限公司,買賣,預售屋,建商,建材設備不符,妥善處理，達成和解,
454,1050622,遠雄建設事業股份有限公司,買賣,預售屋,建商,其他,未妥善處理，函告申訴人後續可行處理方式,
455,1050622,宏普建設,買賣,預售屋,建商,施工瑕疵,未妥善處理，與申訴人聯繫後移消保官,
456,1050622,家宏不動產仲介經紀有限公司,買賣,成屋,仲介業,未提供(交)不動產說明書,妥善處理，達成和解,
457,1050602,宏盛建設股份有限公司,買賣,預售屋,建商,坪數不足,未妥善處理，與申訴人聯繫後移消保官,
458,1050629,青霖建設有限公司,買賣,預售屋,建商,終止委售或買賣契約,未妥善處理，與申訴人聯繫後移消保官,
459,1050604,隆美建設股份有限公司,買賣,預售屋,建商,終止委售或買賣契約,未妥善處理，與申訴人聯繫後移消保官,
460,1050622,信義房屋股份有限公司,買賣,成屋,仲介業,房屋漏水問題,妥善處理，達成和解,
461,1050622,聯合房仲不動產經紀有限公司,買賣,成屋,仲介業,氯離子檢測,未妥善處理，函告申訴人後續可行處理方式,
462,1050624,博鼎不動產仲介有限公司,買賣,成屋,仲介業,房屋漏水問題,未妥善處理，函告申訴人後續可行處理方式,
463,1050623,三發地產股份有限公司,買賣,預售屋,建商,施工瑕疵,未妥善處理，函告申訴人後續可行處理方式,
464,1050608,宏泰人壽保險股份有限公司,買賣,成屋,其他,建材設備不符,未妥善處理，與申訴人聯繫後移消保官,
465,1050615,信義房屋股份有限公司,買賣,成屋,仲介業,氯離子檢測,未妥善處理，與申訴人聯繫後移消保官,
466,1050622,台灣金聯資產管理股份有限公司,買賣,成屋,其他,終止委售或買賣契約,未妥善處理，函告申訴人後續可行處理方式,
467,1050628,遠雄建設事業股份有限公司,買賣,預售屋,建商,施工瑕疵,未妥善處理，與申訴人聯繫後移消保官,
468,1050601,興富發建設股份有限公司,買賣,預售屋,建商,停車位使用權,函告申訴人後續可行處理方式,
469,1050705,永慶房屋仲介股份有限公司,買賣,成屋,仲介業,停車位面積,妥善處理，達成和解,
470,1050704,宏永建設,買賣,預售屋,建商,建材設備不符,未妥善處理，與申訴人聯繫後移消保官,
471,1050706,全坤建設開發股份有限公司,買賣,預售屋,建商,其他,未妥善處理，與申訴人聯繫後移消保官,
472,1050706,隆遠股份有限公司,買賣,預售屋,建商,停車位使用權,未妥善處理，與申訴人聯繫後移消保官,
473,1050713,永慶房屋仲介股份有限公司,買賣,成屋,仲介業,房屋漏水問題,未妥善處理，函告申訴人後續可行處理方式,
474,1050711,永慶房屋仲介股份有限公司,買賣,成屋,仲介業,服務報酬爭議,未妥善處理，與申訴人聯繫後移消保官,
475,1050718,隆遠股份有限公司,買賣,預售屋,建商,工程結構及公共工程安全問題,議會協商其他結論,
476,1050727,亞太國際地產股份有限公司,買賣,成屋,仲介業,標的物貸款問題,未妥善處理，函告申訴人後續可行處理方式,
477,1050727,仲成不動產經紀有限公司,買賣,成屋,仲介業,房屋漏水問題,撤案,
478,1050727,新潤興業股份有限公司,買賣,預售屋,建商,建材設備不符,未妥善處理，函告申訴人後續可行處理方式,
479,1050727,甲山林建設,買賣,預售屋,建商,其他,未妥善處理，函告申訴人後續可行處理方式,
480,1050713,信義房屋股份有限公司,買賣,成屋,仲介業,房屋漏水問題,未妥善處理，與申訴人聯繫後移消保官,
481,1050721,新潤興業股份有限公司,買賣,預售屋,建商,終止委售或買賣契約,未妥善處理，與申訴人聯繫後移消保官,
482,1050728,宏盛建設股份有限公司,買賣,預售屋,建商,終止委售或買賣契約,議會協商其他結論,
483,1050725,台灣房屋仲介股份有限公司,買賣,成屋,仲介業,服務報酬爭議,未妥善處理，函告申訴人後續可行處理方式,
484,1050803,信義房屋股份有限公司,買賣,成屋,仲介業,終止委售或買賣契約,妥善處理，達成和解,
485,1050816,甲山林建設,買賣,預售屋,建商,終止委售或買賣契約,未妥善處理，與申訴人聯繫後移消保官,
486,1050808,精英不動產股份有限公司,買賣,成屋,仲介業,服務報酬爭議,妥善處理，達成和解,
487,1050805,興富發建設股份有限公司,買賣,預售屋,建商,其他,未妥善處理，與申訴人聯繫後移消保官,
488,1050812,標柱信義股份有限公司,買賣,成屋,仲介業,隱瞞重要資訊,未妥善處理，函告申訴人後續可行處理方式,
489,1050826,新潤興業股份有限公司,買賣,預售屋,建商,施工瑕疵,未妥善處理，函告申訴人後續可行處理方式,
490,1050830,捷順建設有限公司,買賣,預售屋,建商,終止委售或買賣契約,未妥善處理，函告申訴人後續可行處理方式,
491,1050824,好厝多不動產經紀股份有限公司,買賣,成屋,仲介業,服務報酬爭議,未妥善處理，與申訴人聯繫後移消保官,
492,1050812,永慶房屋仲介股份有限公司,買賣,成屋,仲介業,服務報酬爭議,未妥善處理，函告申訴人後續可行處理方式,
493,1050810,至佳物業有限公司,買賣,成屋,其他,其他,函告申訴人後續可行處理方式,
494,1050801,永慶房屋仲介股份有限公司,買賣,成屋,仲介業,終止委售或買賣契約,妥善處理，達成和解,
495,1050818,永慶房屋仲介股份有限公司,買賣,成屋,仲介業,房屋漏水問題,妥善處理，達成和解,
496,1050830,元鑫房屋仲介有限公司,買賣,成屋,仲介業,終止委售或買賣契約,議會協商成立,
497,1050910,皇翔建設股份有限公司,買賣,預售屋,建商,終止委售或買賣契約,未妥善處理，與申訴人聯繫後移消保官,
498,1050920,寶路開發建設股份有限公司,買賣,預售屋,建商,終止委售或買賣契約,移消保官,
499,1050901,兆基管理顧問有限公司,買賣,成屋,仲介業,終止委售或買賣契約,撤案,
500,1050921,永慶房屋仲介股份有限公司,買賣,成屋,仲介業,仲介「斡旋金」返還,妥善處理，達成和解,
501,1050901,兆基管理顧問有限公司,買賣,成屋,仲介業,終止委售或買賣契約,撤案,
502,1050912,一福開發股份有限公司,買賣,預售屋,建商,終止委售或買賣契約,未妥善處理，與申訴人聯繫後移消保官,
503,1050923,華容租屋有限公司,買賣,成屋,仲介業,終止委售或買賣契約,未妥善處理，函告申訴人後續可行處理方式,
504,1050901,宏泰人壽保險股份有限公司,買賣,預售屋,建商,停車位使用權,未妥善處理，與申訴人聯繫後移消保官,
505,1050912,永慶房屋仲介股份有限公司,買賣,成屋,仲介業,服務報酬爭議,議會協商成立,
506,1050929,宏盛建設股份有限公司,買賣,預售屋,建商,隱瞞重要資訊,未妥善處理，與申訴人聯繫後移消保官,
507,1050930,鄉林建設事業股份有限公司,買賣,預售屋,建商,標的物貸款問題,函告申訴人後續可行處理方式,
508,1050920,聯全建設開發股份有限公司,買賣,預售屋,建商,其他,妥善處理，達成和解,
509,1050909,新潤興業股份有限公司,買賣,預售屋,建商,終止委售或買賣契約,未妥善處理，與申訴人聯繫後移消保官,
510,1050906,永慶房屋仲介股份有限公司,買賣,成屋,仲介業,隱瞞重要資訊,妥善處理，達成和解,
511,1051003,永慶房屋仲介股份有限公司,買賣,成屋,仲介業,終止委售或買賣契約,妥善處理，達成和解,
512,1050901,宏普建設,買賣,預售屋,建商,建材設備不符,未妥善處理，與申訴人聯繫後移消保官,
513,1050926,永慶房屋仲介股份有限公司,買賣,成屋,仲介業,氯離子檢測,未妥善處理，函告申訴人後續可行處理方式,
514,1050802,李林淑美,租賃,成屋,其他,其他,未妥善處理，函告申訴人後續可行處理方式,
515,1051014,遠雄建設事業股份有限公司,買賣,預售屋,建商,施工瑕疵,未妥善處理，函告申訴人後續可行處理方式,
516,1051018,永慶房屋仲介股份有限公司,買賣,成屋,仲介業,終止委售或買賣契約,未妥善處理，函告申訴人後續可行處理方式,
517,1051005,遠雄建設事業股份有限公司,買賣,預售屋,建商,坪數不足,未妥善處理，函告申訴人後續可行處理方式,
518,1051020,永慶房屋仲介股份有限公司,買賣,成屋,仲介業,服務報酬爭議,未妥善處理，函告申訴人後續可行處理方式,
519,1051024,德林建設股份有限公司,買賣,預售屋,建商,其他,未妥善處理，與申訴人聯繫後移消保官,
520,1051025,信義房屋股份有限公司,買賣,成屋,仲介業,終止委售或買賣契約,妥善處理，達成和解,
521,1051026,永慶房屋仲介股份有限公司,買賣,成屋,仲介業,氯離子檢測,議會協商其他結論,
522,1051027,森聯國際股份有限公司,買賣,預售屋,建商,其他,未妥善處理，與申訴人聯繫後移消保官,
523,1051031,皇翔建設股份有限公司,買賣,預售屋,建商,隱瞞重要資訊,未妥善處理，與申訴人聯繫後移消保官,
524,1051006,寶舖建設公司,買賣,預售屋,建商,坪數不足,未妥善處理，函告申訴人後續可行處理方式,
525,1051020,信義房屋股份有限公司,買賣,成屋,仲介業,房屋漏水問題,未妥善處理，函告申訴人後續可行處理方式,
526,1051025,宅通不動產經紀有限公司,買賣,成屋,仲介業,隱瞞重要資訊,妥善處理，達成和解,
527,1051026,永慶房屋仲介股份有限公司,買賣,成屋,仲介業,終止委售或買賣契約,妥善處理，達成和解,
528,1051024,大三通不動產有限公司,買賣,成屋,仲介業,其他,妥善處理，達成和解,
529,1051020,永慶房屋仲介股份有限公司,買賣,成屋,仲介業,其他,撤案,
530,1051026,信義房屋股份有限公司,買賣,成屋,仲介業,其他,未妥善處理，函告申訴人後續可行處理方式,
531,1051017,信義房屋股份有限公司,買賣,成屋,仲介業,房屋漏水問題,未妥善處理，與申訴人聯繫後移消保官,
532,1051006,信義房屋股份有限公司,買賣,成屋,仲介業,房屋漏水問題,未妥善處理，函告申訴人後續可行處理方式,
533,1051102,璞永建設,買賣,預售屋,建商,停車位使用權,未妥善處理，與申訴人聯繫後移消保官,
534,1051103,海灣開發建設有限公司,買賣,預售屋,建商,廣告不實,未妥善處理，函告申訴人後續可行處理方式,
535,1051111,宏盛建設股份有限公司,買賣,預售屋,建商,有關稅費爭議,未妥善處理，與申訴人聯繫後移消保官,
536,1051104,億昕開發實業有限公司,買賣,成屋,仲介業,終止委售或買賣契約,妥善處理，達成和解,
537,1051111,蕭徐美珠,買賣,成屋,其他,「定金」返還(含斡旋金轉成定金返還),妥善處理，達成和解,
538,1051109,有為不動產經紀股份有限公司,買賣,成屋,仲介業,服務報酬爭議,其他,業者覆知本案已由新北市消保官召開協調會，申訴人請求逕移消費調解委員會。
539,1051111,松信不動產有限公司,買賣,成屋,仲介業,其他,妥善處理，達成和解,
540,1051124,信義房屋股份有限公司,買賣,成屋,仲介業,服務報酬爭議,移消保官,
541,1051013,榮鼎建設股份有限公司,買賣,預售屋,建商,交屋遲延,未妥善處理，與申訴人聯繫後移消保官,
542,1051110,寶徠建設股份有限公司,買賣,預售屋,建商,其他,未妥善處理，與申訴人聯繫後移消保官,
543,1051115,皇翔建設股份有限公司,買賣,預售屋,建商,其他,移消保官,
544,1051115,宏盛建設股份有限公司,買賣,預售屋,建商,有關稅費爭議,未妥善處理，與申訴人聯繫後移消保官,
545,1051128,森磊不動產仲介經紀股份有限公司,買賣,成屋,仲介業,「定金」返還(含斡旋金轉成定金返還),函告申訴人後續可行處理方式,
546,1051116,永慶房屋仲介股份有限公司,買賣,成屋,仲介業,服務報酬爭議,未妥善處理，與申訴人聯繫後移消保官,
547,1051104,君家房屋仲介有限公司,買賣,成屋,仲介業,房屋漏水問題,未妥善處理，與申訴人聯繫後移消保官,
548,1051118,永慶房屋仲介股份有限公司,買賣,成屋,仲介業,服務報酬爭議,未妥善處理，函告申訴人後續可行處理方式,
549,1051123,涂月女,租賃,成屋,其他,其他,函告申訴人後續可行處理方式,
550,1051101,信義房屋股份有限公司,買賣,成屋,仲介業,停車位使用權,未妥善處理，與申訴人聯繫後移消保官,
551,1051108,首泰建設股份有限公司,買賣,預售屋,建商,其他,消費者自行和解,
552,1051114,宏盛建設股份有限公司,買賣,預售屋,建商,有關稅費爭議,未妥善處理，與申訴人聯繫後移消保官,
553,1051118,榮鼎建設股份有限公司,買賣,預售屋,建商,交屋遲延,未妥善處理，函告申訴人後續可行處理方式,
554,1051212,永陞建設,買賣,預售屋,建商,其他,未妥善處理，函告申訴人後續可行處理方式,
555,1051213,永慶房屋仲介股份有限公司,買賣,成屋,仲介業,房屋漏水問題,未妥善處理，函告申訴人後續可行處理方式,
556,1051209,合謙建設股份有限公司,買賣,預售屋,建商,交屋遲延,未妥善處理，函告申訴人後續可行處理方式,
557,1051207,維多利亞建設,買賣,預售屋,建商,契約審閱權,本局協商會，達成協議和解,
558,1051212,宏盛建設股份有限公司,買賣,預售屋,建商,有關稅費爭議,未妥善處理，與申訴人聯繫後移消保官,
559,1051208,趙正宜,買賣,成屋,其他,其他,函告申訴人後續可行處理方式,
560,1051219,宏普建設,買賣,預售屋,建商,契約審閱權,未妥善處理，與申訴人聯繫後移消保官,
561,1051228,永慶房屋仲介股份有限公司,買賣,成屋,仲介業,隱瞞重要資訊,未妥善處理，與申訴人聯繫後移消保官,
562,1051229,帝利建設股份有限公司,買賣,預售屋,建商,建材設備不符,未妥善處理，與申訴人聯繫後移消保官,
563,1051208,宏盛建設股份有限公司,買賣,預售屋,建商,其他,未妥善處理，與申訴人聯繫後移消保官,
564,1051213,富詠不動產管理顧問有限公司,買賣,成屋,仲介業,仲介「斡旋金」返還,未妥善處理，函告申訴人後續可行處理方式,
565,1051227,宏普建設股份有限公司,買賣,預售屋,建商,隱瞞重要資訊,未妥善處理，與申訴人聯繫後移消保官,
566,1051228,中信房屋仲介股份有限公司,買賣,成屋,仲介業,房屋漏水問題,未妥善處理，函告申訴人後續可行處理方式,
567,1060106,永慶房屋仲介股份有限公司,買賣,成屋,仲介業,房屋漏水問題,妥善處理，達成和解,
568,1060119,博元建設股份有限公司,買賣,預售屋,建商,停車位價金,未妥善處理，函告申訴人後續可行處理方式,
569,1060118,宅通不動產經紀有限公司,買賣,成屋,仲介業,服務報酬爭議,妥善處理，達成和解,
570,1060117,凰麒不動產有限公司,買賣,成屋,仲介業,隱瞞重要資訊,未妥善處理，與申訴人聯繫後移消保官,
571,1060118,亞太國際地產股份有限公司,買賣,成屋,仲介業,交屋遲延,未妥善處理，函告申訴人後續可行處理方式,
572,1060113,標柱房屋仲介股份有限公司,買賣,成屋,仲介業,「定金」返還(含斡旋金轉成定金返還),議會協商其他結論,
573,1060118,永慶房屋仲介股份有限公司,買賣,成屋,仲介業,氯離子檢測,未妥善處理，與申訴人聯繫後移消保官,
574,1060123,信義房屋股份有限公司,買賣,成屋,仲介業,隱瞞重要資訊,未妥善處理，函告申訴人後續可行處理方式,
575,1060109,好厝多不動產經紀股份有限公司,買賣,成屋,仲介業,終止委售或買賣契約,未妥善處理，與申訴人聯繫後移消保官,
576,1060119,甲山林建設,買賣,預售屋,建商,有關稅費爭議,移消保官,
577,1060126,翔譽國際建設股份有限公司,買賣,預售屋,建商,其他,撤案,
578,1060120,永慶房屋仲介股份有限公司,買賣,成屋,仲介業,氯離子檢測,未妥善處理，與申訴人聯繫後移消保官,
579,1060106,森聯國際股份有限公司,買賣,預售屋,建商,施工瑕疵,未妥善處理，與申訴人聯繫後移消保官,
580,1060206,合謙建設股份有限公司,買賣,預售屋,建商,其他,未妥善處理，函告申訴人後續可行處理方式,
581,1060215,弘暐建設股份有限公司,買賣,預售屋,建商,施工瑕疵,移消保官,
582,1060213,泰坤建設實業股份有限公司,買賣,預售屋,建商,廣告不實,撤案,
583,1060221,永慶房屋仲介股份有限公司,買賣,成屋,仲介業,氯離子檢測,撤案,
584,1060216,永慶房屋仲介股份有限公司,買賣,成屋,仲介業,終止委售或買賣契約,未妥善處理，與申訴人聯繫後移消保官,
585,1060208,全安物業管理顧問公司,買賣,成屋,仲介業,其他,妥善處理，達成和解,
586,1060207,飛行鯨魚有限公司,買賣,成屋,仲介業,終止委售或買賣契約,未妥善處理，與申訴人聯繫後移消保官,
587,1060220,家樂福資產管理有限公司,買賣,成屋,仲介業,隱瞞重要資訊,未妥善處理，與申訴人聯繫後移消保官,
588,1060220,全國不動產經紀股份有限公司,買賣,成屋,仲介業,屋頂使用權與產權爭議,未妥善處理，函告申訴人後續可行處理方式,
589,1060309,宏盛建設股份有限公司,買賣,預售屋,建商,終止委售或買賣契約,未妥善處理，與申訴人聯繫後移消保官,
590,1060315,文德房屋仲介有限公司,買賣,成屋,仲介業,隱瞞重要資訊,撤案,
591,1060320,興富發建設股份有限公司,買賣,預售屋,建商,契約審閱權,未妥善處理，函告申訴人後續可行處理方式,
592,1060313,永慶房屋仲介股份有限公司,買賣,成屋,仲介業,隱瞞重要資訊,未妥善處理，與申訴人聯繫後移消保官,
593,1060323,永慶房屋仲介股份有限公司,買賣,成屋,仲介業,氯離子檢測,本局協商會，達成協議和解,
594,1060303,永慶房屋仲介股份有限公司,買賣,成屋,仲介業,服務報酬爭議,未妥善處理，函告申訴人後續可行處理方式,
595,1060308,安家國際企業股份有限公司,買賣,預售屋,建商,標的物貸款問題,撤案,
596,1060324,華固建設,買賣,預售屋,建商,有關稅費爭議,未妥善處理，與申訴人聯繫後移消保官,
597,1060327,華固建設,買賣,預售屋,建商,有關稅費爭議,未妥善處理，與申訴人聯繫後移消保官,
598,1060324,永慶房屋仲介股份有限公司,買賣,成屋,仲介業,其他,未妥善處理，函告申訴人後續可行處理方式,
599,1060324,永慶房屋仲介股份有限公司,買賣,成屋,仲介業,其他,未妥善處理，函告申訴人後續可行處理方式,
600,1060302,永慶房屋仲介股份有限公司,買賣,成屋,仲介業,隱瞞重要資訊,未妥善處理，與申訴人聯繫後移消保官,
601,1060313,全國不動產經紀股份有限公司,買賣,成屋,仲介業,隱瞞重要資訊,未妥善處理，與申訴人聯繫後移消保官,
602,1060310,競美建設股份有限公司,買賣,預售屋,建商,交屋遲延,本局協商會，未達成協議,
603,1060317,敦陽房屋仲介有限公司,買賣,成屋,仲介業,終止委售或買賣契約,撤案,
604,1060327,永慶房屋仲介股份有限公司,買賣,成屋,仲介業,服務報酬爭議,未妥善處理，函告申訴人後續可行處理方式,
605,1060328,森築開發股份有限公司,買賣,預售屋,建商,廣告不實,未妥善處理，與申訴人聯繫後移消保官,
606,1060327,華固建設,買賣,預售屋,建商,有關稅費爭議,未妥善處理，與申訴人聯繫後移消保官,
607,1060327,信義房屋股份有限公司,買賣,成屋,仲介業,房屋漏水問題,未妥善處理，與申訴人聯繫後移消保官,
608,1060406,永慶房屋仲介股份有限公司,買賣,成屋,仲介業,工程結構及公共工程安全問題,未妥善處理，函告申訴人後續可行處理方式,
609,1060420,遠雄建設事業股份有限公司,買賣,預售屋,建商,隱瞞重要資訊,未妥善處理，與申訴人聯繫後移消保官,
610,1060419,鄉林建設事業股份有限公司,買賣,預售屋,建商,終止委售或買賣契約,未妥善處理，函告申訴人後續可行處理方式,
611,1060424,銓民建設股份有限公司,買賣,預售屋,建商,「定金」返還(含斡旋金轉成定金返還),未妥善處理，函告申訴人後續可行處理方式,
612,1060406,太鼎不動產仲介經紀有限公司,買賣,成屋,仲介業,有關稅費爭議,妥善處理，達成和解,
613,1060413,甲山林建設,買賣,預售屋,建商,其他,撤案,
614,1060420,大陸工程股份有限公司,買賣,預售屋,建商,其他,未妥善處理，與申訴人聯繫後移消保官,
615,1060424,遠雄建設事業股份有限公司,買賣,預售屋,建商,其他,未妥善處理，與申訴人聯繫後移消保官,
616,1060406,永慶房屋仲介股份有限公司,買賣,成屋,仲介業,終止委售或買賣契約,妥善處理，達成和解,
617,1060420,潤泰創新,買賣,預售屋,建商,施工瑕疵,未妥善處理，與申訴人聯繫後移消保官,
618,1060421,華固建設,買賣,預售屋,建商,有關稅費爭議,議會協商成立,
619,1060414,奕宏資產管理有限公司,買賣,成屋,仲介業,「定金」返還(含斡旋金轉成定金返還),妥善處理，達成和解,
620,1060502,興富發建設股份有限公司,買賣,預售屋,建商,停車位使用權,議會協商其他結論,
621,1060414,傑升實業公司,租賃,成屋,其他,其他,其他,業者回函該公司僅代管房屋，當事人表示另案對屋主提起民事訴訟。
622,1060421,黃千芬,買賣,成屋,其他,有關稅費爭議,議會協商成立,
623,1060517,信義房屋股份有限公司,買賣,成屋,仲介業,隱瞞重要資訊,妥善處理，達成和解,
624,1060504,遠雄建設事業股份有限公司,買賣,預售屋,建商,房屋漏水問題,移消保官,
625,1060522,永慶房屋仲介股份有限公司,買賣,成屋,仲介業,「定金」返還(含斡旋金轉成定金返還),妥善處理，達成和解,
626,1060523,信義房屋股份有限公司,買賣,成屋,仲介業,隱瞞重要資訊,未妥善處理，函告申訴人後續可行處理方式,
627,1060510,宏普建設股份有限公司,買賣,預售屋,建商,施工瑕疵,未妥善處理，函告申訴人後續可行處理方式,
628,1060523,好厝多不動產經紀股份有限公司,買賣,成屋,仲介業,服務報酬爭議,未妥善處理，函告申訴人後續可行處理方式,
629,1060504,遠雄建設事業股份有限公司,買賣,預售屋,建商,其他,移消保官,
630,1060523,遠雄建設事業股份有限公司,買賣,預售屋,建商,終止委售或買賣契約,未妥善處理，與申訴人聯繫後移消保官,
631,1060502,華誼建設股份有限公司,買賣,預售屋,建商,房屋漏水問題,未妥善處理，函告申訴人後續可行處理方式,
632,1060517,永慶房屋仲介股份有限公司,買賣,成屋,仲介業,其他,未妥善處理，與申訴人聯繫後移消保官,
633,1060522,信義房屋股份有限公司,買賣,成屋,仲介業,房屋漏水問題,本局協商會，達成協議和解,
634,1060526,永慶房屋仲介股份有限公司,買賣,成屋,仲介業,仲介公司欺罔行為,妥善處理，達成和解,
635,1060502,甲山林建設,買賣,預售屋,建商,交屋遲延,未妥善處理，與申訴人聯繫後移消保官,
636,1060522,兆基管理顧問有限公司,買賣,成屋,仲介業,「定金」返還(含斡旋金轉成定金返還),本局協商會，達成協議和解,
637,1060526,合冠開發股份有限公司,買賣,預售屋,建商,廣告不實,未妥善處理，函告申訴人後續可行處理方式,
638,1060605,宏泰人壽保險股份有限公司,買賣,預售屋,建商,契約審閱權,未妥善處理，函告申訴人後續可行處理方式,
639,1060622,永慶房屋仲介股份有限公司,買賣,成屋,仲介業,房屋漏水問題,撤案,
640,1060626,永慶房屋仲介股份有限公司,買賣,成屋,仲介業,隱瞞重要資訊,妥善處理，達成和解,
641,1060609,嘉春建設,買賣,預售屋,建商,施工瑕疵,未妥善處理，函告申訴人後續可行處理方式,
642,1060616,敦元建設股份有限公司,買賣,預售屋,建商,施工瑕疵,未妥善處理，函告申訴人後續可行處理方式,
643,1060626,遠雄建設事業股份有限公司,買賣,預售屋,建商,建材設備不符,妥善處理，達成和解,
644,1060628,永慶房屋仲介股份有限公司,買賣,成屋,仲介業,隱瞞重要資訊,妥善處理，達成和解,
645,1060607,永慶房屋仲介股份有限公司,買賣,成屋,仲介業,服務報酬爭議,撤案,
646,1060615,永禾房屋有限公司,買賣,成屋,仲介業,服務報酬爭議,未妥善處理，與申訴人聯繫後移消保官,
647,1060620,宏泰人壽保險股份有限公司,買賣,預售屋,建商,交屋遲延,未妥善處理，與申訴人聯繫後移消保官,
648,1060626,威肯國際企業有限公司,買賣,成屋,代銷業,其他,未妥善處理，與申訴人聯繫後移消保官,
649,1060628,甲山林建設,買賣,預售屋,建商,其他,未妥善處理，函告申訴人後續可行處理方式,
650,1060615,和暘建設股份有限公司,買賣,預售屋,建商,建材設備不符,未妥善處理，函告申訴人後續可行處理方式,
651,1060622,群智不動產有限公司,買賣,成屋,仲介業,終止委售或買賣契約,未妥善處理，函告申訴人後續可行處理方式,
652,1060628,昇陽建設,買賣,預售屋,建商,「定金」返還(含斡旋金轉成定金返還),移消保官,
653,1060609,億萬萬不動產,買賣,成屋,仲介業,服務報酬爭議,議會協商成立,
654,1060616,好厝多不動產經紀股份有限公司,買賣,成屋,仲介業,其他,未妥善處理，與申訴人聯繫後移消保官,
655,1060622,永慶房屋仲介股份有限公司,買賣,成屋,仲介業,房屋漏水問題,未妥善處理，與申訴人聯繫後移消保官,
656,1060628,永慶房屋仲介股份有限公司,買賣,成屋,仲介業,氯離子檢測,撤案,
657,1060703,信義房屋股份有限公司,買賣,成屋,仲介業,服務報酬爭議,議會協商成立,
658,1060615,永慶房屋仲介股份有限公司,買賣,成屋,仲介業,房屋漏水問題,未妥善處理，函告申訴人後續可行處理方式,
659,1060608,兆基管理顧問有限公司,買賣,成屋,仲介業,房屋漏水問題,妥善處理，達成和解,
660,1060706,華固建設,買賣,預售屋,建商,其他,未妥善處理，函告申訴人後續可行處理方式,
661,1060717,聯合房仲不動產經紀有限公司,買賣,成屋,仲介業,仲介「斡旋金」返還,妥善處理，達成和解,
662,1060725,兆峰開發建設股份有限公司,買賣,預售屋,建商,坪數不足,未妥善處理，與申訴人聯繫後移消保官,
663,1060727,兆峰開發建設股份有限公司,買賣,預售屋,建商,坪數不足,未妥善處理，函告申訴人後續可行處理方式,
664,1060727,兆峰開發建設股份有限公司,買賣,預售屋,建商,坪數不足,未妥善處理，與申訴人聯繫後移消保官,
665,1060713,永慶房屋仲介股份有限公司,買賣,成屋,仲介業,隱瞞重要資訊,撤案,
666,1060727,永慶房屋仲介股份有限公司,買賣,成屋,仲介業,契約審閱權,未妥善處理，與申訴人聯繫後移消保官,
667,1060802,三發地產股份有限公司,買賣,預售屋,建商,終止委售或買賣契約,移消保官,
668,1060720,僑茂房屋仲介股份有限公司,買賣,成屋,仲介業,契約審閱權,撤案,
669,1060714,遠雄建設事業股份有限公司,買賣,預售屋,建商,停車位使用權,未妥善處理，函告申訴人後續可行處理方式,
670,1060705,永慶房屋仲介股份有限公司,買賣,成屋,仲介業,房屋漏水問題,未妥善處理，與申訴人聯繫後移消保官,
671,1060717,億昕開發實業有限公司,買賣,成屋,仲介業,其他,議會協商其他結論,
672,1060725,永慶房屋仲介股份有限公司,買賣,成屋,仲介業,房屋漏水問題,未妥善處理，與申訴人聯繫後移消保官,
673,1060731,昇陽建設股份有限公司,買賣,預售屋,建商,房屋漏水問題,未妥善處理，與申訴人聯繫後移消保官,
674,1060808,兆峰開發建設股份有限公司,買賣,預售屋,建商,坪數不足,未妥善處理，與申訴人聯繫後移消保官,
675,1060821,怡興開發建設股份有限公司,買賣,預售屋,建商,停車位價金,未妥善處理，與申訴人聯繫後移消保官,
676,1060804,寶徠建設股份有限公司,買賣,預售屋,建商,建材設備不符,未妥善處理，與申訴人聯繫後移消保官,
677,1060825,合冠開發股份有限公司,買賣,預售屋,建商,施工瑕疵,未妥善處理，函告申訴人後續可行處理方式,
678,1060822,兆基管理顧問有限公司,租賃,成屋,仲介業,其他,妥善處理，達成和解,
679,1060825,喬鉅不動產仲介經紀有限公司,買賣,成屋,仲介業,其他,撤案,
680,1060825,信義房屋股份有限公司,買賣,成屋,仲介業,房屋漏水問題,未妥善處理，函告申訴人後續可行處理方式,
681,1060823,捷順建設有限公司,買賣,預售屋,建商,停車位面積,未妥善處理，函告申訴人後續可行處理方式,
682,1060901,東宜建設股份有限公司,買賣,預售屋,建商,停車位使用權,未妥善處理，函告申訴人後續可行處理方式,
683,1060807,永慶房屋仲介股份有限公司,買賣,成屋,仲介業,房屋漏水問題,函告申訴人後續可行處理方式,
684,1060818,甲山林建設,買賣,預售屋,建商,標的物貸款問題,未妥善處理，與申訴人聯繫後移消保官,
685,1060824,內湖房屋仲介有限公司,買賣,成屋,仲介業,服務報酬爭議,未妥善處理，與申訴人聯繫後移消保官,
686,1060830,凱倢房屋有限公司,買賣,成屋,仲介業,隱瞞重要資訊,妥善處理，達成和解,
687,1060717,永慶房屋仲介股份有限公司,買賣,成屋,仲介業,隱瞞重要資訊,未妥善處理，函告申訴人後續可行處理方式,
688,1060724,日勝生活科技股份有限,買賣,預售屋,建商,停車位使用權,未妥善處理，與申訴人聯繫後移消保官,
689,1060816,永慶房屋仲介股份有限公司,買賣,成屋,仲介業,仲介「斡旋金」返還,妥善處理，達成和解,
690,1060825,青霖建設有限公司,買賣,預售屋,建商,廣告不實,未妥善處理，與申訴人聯繫後移消保官,
691,1060828,山好物業管理顧問有限公司,租賃,成屋,其他,,撤案,
692,1060728,永慶房屋仲介股份有限公司,買賣,成屋,仲介業,氯離子檢測,未妥善處理，函告申訴人後續可行處理方式,
693,1060911,新潤興業股份有限公司,買賣,預售屋,建商,交屋遲延,未妥善處理，與申訴人聯繫後移消保官,
694,1060904,睿泰建設股份有限公司,買賣,預售屋,建商,交屋遲延,未妥善處理，函告申訴人後續可行處理方式,
695,1060912,點石開發實業股份有限公司,買賣,預售屋,建商,開工遲延,未妥善處理，函告申訴人後續可行處理方式,
696,1060913,永慶房屋仲介股份有限公司,買賣,成屋,仲介業,房屋漏水問題,未妥善處理，函告申訴人後續可行處理方式,
697,1060908,信義房屋股份有限公司,買賣,成屋,仲介業,服務報酬爭議,妥善處理，達成和解,
698,1060912,永慶房屋仲介股份有限公司,買賣,成屋,仲介業,工程結構及公共工程安全問題,未妥善處理，函告申訴人後續可行處理方式,
699,1060921,億萬萬不動產,買賣,成屋,仲介業,終止委售或買賣契約,本局協商會，達成協議和解,
700,1060927,彙德開發建設股份有限公司,買賣,預售屋,建商,其他,未妥善處理，與申訴人聯繫後移消保官,
701,1060927,永慶房屋仲介股份有限公司,買賣,成屋,仲介業,隱瞞重要資訊,未妥善處理，函告申訴人後續可行處理方式,
702,1060913,宏巨建設股份有限公司,買賣,預售屋,建商,其他,未妥善處理，與申訴人聯繫後移消保官,
703,1060907,鄉林建設,買賣,預售屋,建商,其他,未妥善處理，與申訴人聯繫後移消保官,
704,1060912,好租一二三股份有限公司,買賣,成屋,仲介業,其他,撤案,
705,1060921,陳詞章,租賃,成屋,其他,房屋使用爭議,本局協商會，達成協議和解,
706,1060912,隆美建設股份有限公司,買賣,預售屋,建商,交屋遲延,未妥善處理，與申訴人聯繫後移消保官,
707,1061003,巨東國際不動產物業經紀有限公司,買賣,成屋,仲介業,終止委售或買賣契約,議會協商不成立,
708,1060906,大三通不動產有限公司,買賣,成屋,仲介業,「定金」返還(含斡旋金轉成定金返還),未妥善處理，函告申訴人後續可行處理方式,
709,1060914,國泰建設公司,買賣,預售屋,建商,施工瑕疵,未妥善處理，與申訴人聯繫後移消保官,
710,1061006,永慶房屋仲介股份有限公司,買賣,成屋,仲介業,契約審閱權,未妥善處理，與申訴人聯繫後移消保官,
711,1061011,兆基管理顧問有限公司,買賣,成屋,仲介業,有關稅費爭議,撤案,
712,1061012,兆基管理顧問有限公司,租賃,成屋,仲介業,其他,本局協商會，達成協議和解,
713,1061016,東龍國際開發股份有限公司,買賣,成屋,仲介業,其他,妥善處理，達成和解,
714,1061006,日勝生活科技股份有限,買賣,預售屋,建商,標的物貸款問題,妥善處理，達成和解,
715,1061020,永慶房屋仲介股份有限公司,買賣,成屋,仲介業,「定金」返還(含斡旋金轉成定金返還),妥善處理，達成和解,
716,1061002,永誠地產開發有限公司,買賣,成屋,仲介業,隱瞞重要資訊,妥善處理，達成和解,
717,1061002,華固建設,買賣,預售屋,建商,終止委售或買賣契約,未妥善處理，與申訴人聯繫後移消保官,
718,1061013,永慶房屋仲介股份有限公司,買賣,成屋,仲介業,其他,妥善處理，達成和解,
719,1061102,日勝生活科技股份有限,買賣,預售屋,建商,交屋遲延,移消保官,
720,1061106,日勝生活科技股份有限,買賣,預售屋,建商,交屋遲延,未妥善處理，與申訴人聯繫後移消保官,
721,1061107,匯禾不動產仲介經紀有限公司,租賃,成屋,仲介業,其他,未妥善處理，與申訴人聯繫後移消保官,
722,1061103,信義房屋股份有限公司,買賣,成屋,仲介業,房屋漏水問題,未妥善處理，與申訴人聯繫後移消保官,
723,1061103,天強建設股份有限公司,買賣,預售屋,建商,其他,未妥善處理，與申訴人聯繫後移消保官,
724,1061110,昌亞不動產股份有限公司,買賣,成屋,仲介業,其他,未妥善處理，函告申訴人後續可行處理方式,
725,1061114,華誼建設股份有限公司,買賣,預售屋,建商,施工瑕疵,未妥善處理，與申訴人聯繫後移消保官,
726,1061114,永慶房屋仲介股份有限公司,買賣,成屋,仲介業,房屋現況說明書內容與現況不符,未妥善處理，與申訴人聯繫後移消保官,
727,1061124,東騰開發股份有限公司,買賣,預售屋,建商,終止委售或買賣契約,未妥善處理，與申訴人聯繫後移消保官,
728,1061106,永慶房屋仲介股份有限公司,買賣,成屋,仲介業,隱瞞重要資訊,未妥善處理，函告申訴人後續可行處理方式,
729,1061114,日勝生活科技股份有限,買賣,預售屋,建商,交屋遲延,未妥善處理，函告申訴人後續可行處理方式,
730,1061114,元聚建設股份有限公司,買賣,預售屋,建商,「定金」返還(含斡旋金轉成定金返還),未妥善處理，函告申訴人後續可行處理方式,
731,1061120,大佳國際開發,買賣,預售屋,建商,其他,妥善處理，達成和解,
732,1061129,易安居不動產仲介經紀有限公司,買賣,成屋,仲介業,仲介公司欺罔行為,未妥善處理，與申訴人聯繫後移消保官,
733,1061114,寶豐資產管理股份有限公司,買賣,預售屋,建商,施工瑕疵,未妥善處理，函告申訴人後續可行處理方式,
734,1061114,日勝生活科技股份有限,買賣,預售屋,建商,交屋遲延,未妥善處理，函告申訴人後續可行處理方式,
735,1061123,耀德建設股份有限公司,買賣,預售屋,建商,「定金」返還(含斡旋金轉成定金返還),撤案,
736,1061129,信義房屋股份有限公司,買賣,成屋,仲介業,仲介公司欺罔行為,妥善處理，達成和解,
737,1061107,永慶房屋仲介股份有限公司,買賣,成屋,仲介業,交屋遲延,議會協商成立,
738,1061114,松信不動產有限公司,買賣,成屋,仲介業,服務報酬爭議,未妥善處理，函告申訴人後續可行處理方式,
739,1061114,寶路開發建設股份有限公司,買賣,預售屋,建商,廣告不實,妥善處理，達成和解,
740,1061130,傑創不動產仲介經紀有限公司,買賣,成屋,仲介業,停車位使用權,未妥善處理，與申訴人聯繫後移消保官,
741,1061206,長春商務會館,買賣,成屋,非不動產服務業,「定金」返還(含斡旋金轉成定金返還),移消保官,
742,1061218,標柱房屋仲介股份有限公司,買賣,成屋,仲介業,隱瞞重要資訊,議會協商成立,
743,1061227,永慶房屋仲介股份有限公司,買賣,成屋,仲介業,隱瞞重要資訊,未妥善處理，與申訴人聯繫後移消保官,
744,1061213,有為不動產經紀股份有限公司,買賣,成屋,仲介業,服務報酬爭議,妥善處理，達成和解,
745,1061225,御揚開發建設有限公司,買賣,預售屋,建商,交屋遲延,未妥善處理，與申訴人聯繫後移消保官,
746,1061212,明煜房屋仲介有限公司,租賃,成屋,仲介業,終止委租契約爭議,未妥善處理，與申訴人聯繫後移消保官,
747,1061220,亨家房屋仲介有限公司,買賣,成屋,仲介業,隱瞞重要資訊,未妥善處理，與申訴人聯繫後移消保官,
748,1070105,遠雄建設事業股份有限公司,買賣,預售屋,建商,交屋遲延,未妥善處理，與申訴人聯繫後移消保官,
749,1070105,遠雄建設事業股份有限公司,買賣,預售屋,建商,交屋遲延,未妥善處理，與申訴人聯繫後移消保官,
750,1070111,兆基管理顧問有限公司,租賃,成屋,仲介業,欠租,撤案,
751,1070119,永慶房屋仲介股份有限公司,買賣,成屋,仲介業,服務報酬爭議,妥善處理，達成和解,
752,1070104,永慶房屋仲介股份有限公司,買賣,成屋,仲介業,房屋漏水問題,未妥善處理，與申訴人聯繫後移消保官,
753,1070111,寶舖建設公司,買賣,預售屋,建商,廣告不實,未妥善處理，與申訴人聯繫後移消保官,
754,1070115,信義房屋股份有限公司,買賣,成屋,仲介業,房屋漏水問題,未妥善處理，函告申訴人後續可行處理方式,
755,1070124,松助開發建設公司,買賣,預售屋,建商,建商倒閉,議會協商其他結論,
756,1070130,鴻通建設股份有限公司,買賣,預售屋,建商,施工瑕疵,妥善處理，達成和解,
757,1070111,永慶房屋仲介股份有限公司,買賣,成屋,仲介業,契約審閱權,未妥善處理，與申訴人聯繫後移消保官,
758,1070122,聖皇不動產仲介經紀有限公司,買賣,成屋,仲介業,仲介公司欺罔行為,未妥善處理，函告申訴人後續可行處理方式,
759,1070109,東煒建設股份有限公司,買賣,預售屋,建商,施工瑕疵,妥善處理，達成和解,
760,1070115,和暘建設股份有限公司,租賃,預售屋,建商,欠租,妥善處理，達成和解,
761,1070123,豐巢不動產經紀有限公司,買賣,成屋,仲介業,「定金」返還(含斡旋金轉成定金返還),妥善處理，達成和解,
762,1070129,信義房屋股份有限公司,買賣,成屋,仲介業,隱瞞重要資訊,妥善處理，達成和解,
763,1070208,永慶房屋仲介股份有限公司,租賃,成屋,仲介業,,未妥善處理，與申訴人聯繫後移消保官,
764,1070223,張莉苹,租賃,成屋,其他,欠租,未妥善處理，與申訴人聯繫後移消保官,
765,1070226,天強建設股份有限公司,買賣,預售屋,建商,一屋二賣,移消保官,
766,1070207,興富發建設股份有限公司,買賣,預售屋,建商,施工瑕疵,撤案,
767,1070214,昇陽建設,買賣,預售屋,建商,其他,未妥善處理，與申訴人聯繫後移消保官,
768,1070226,天強建設股份有限公司,買賣,預售屋,建商,一屋二賣,未妥善處理，與申訴人聯繫後移消保官,
769,1070227,天強建設股份有限公司,買賣,預售屋,建商,一屋二賣,未妥善處理，與申訴人聯繫後移消保官,
770,1070227,天強建設股份有限公司,買賣,預售屋,建商,一屋二賣,未妥善處理，與申訴人聯繫後移消保官,
771,1070227,天強建設股份有限公司,買賣,預售屋,建商,一屋二賣,未妥善處理，與申訴人聯繫後移消保官,
772,1070201,永慶房屋仲介股份有限公司,買賣,成屋,仲介業,停車位使用權,未妥善處理，函告申訴人後續可行處理方式,
773,1070226,兆基管理顧問有限公司,租賃,成屋,仲介業,其他,未妥善處理，函告申訴人後續可行處理方式,
774,1070209,遠雄建設事業股份有限公司,買賣,預售屋,建商,交屋遲延,未妥善處理，與申訴人聯繫後移消保官,
775,1070223,羅金銘,租賃,成屋,房東,修繕、改裝問題,未妥善處理，函告申訴人後續可行處理方式,
776,1070309,天強建設股份有限公司,買賣,預售屋,建商,一屋二賣,未妥善處理，與申訴人聯繫後移消保官,
777,1070309,天強建設股份有限公司,買賣,預售屋,建商,一屋二賣,未妥善處理，與申訴人聯繫後移消保官,
778,1070309,天強建設股份有限公司,買賣,預售屋,建商,一屋二賣,未妥善處理，與申訴人聯繫後移消保官,
779,1070302,心誠務業設計有限公司,租賃,成屋,其他,其他,妥善處理，達成和解,
780,1070308,周寶玉,租賃,成屋,其他,其他,妥善處理，達成和解,
781,1070321,鉦堡實業股份有限公司,租賃,成屋,其他,其他,未妥善處理，與申訴人聯繫後移消保官,
782,1070327,寶吉第建設股份有限公司,買賣,預售屋,建商,其他,妥善處理，達成和解,
783,1070302,永慶房屋仲介股份有限公司,買賣,成屋,仲介業,隱瞞重要資訊,妥善處理，達成和解,
784,1070306,信義房屋股份有限公司,買賣,成屋,仲介業,終止委售或買賣契約,妥善處理，達成和解,
785,1070312,永慶房屋仲介股份有限公司,買賣,成屋,仲介業,隱瞞重要資訊,未妥善處理，與申訴人聯繫後移消保官,
786,1070321,興富發建設股份有限公司,買賣,預售屋,建商,契約審閱權,未妥善處理，與申訴人聯繫後移消保官,
787,1070309,遠雄建設事業股份有限公司,買賣,預售屋,建商,其他,未妥善處理，與申訴人聯繫後移消保官,
788,1070316,智軒開發有限公司,買賣,成屋,仲介業,房屋漏水問題,未妥善處理，與申訴人聯繫後移消保官,
789,1070301,太子建設開發股份有限公司,租賃,成屋,其他,其他,未妥善處理，與申訴人聯繫後移消保官,
790,1070307,源座建設開發股份有限公司,買賣,預售屋,建商,交屋遲延,未妥善處理，與申訴人聯繫後移消保官,
791,1070313,維多利亞建設,買賣,預售屋,建商,終止委售或買賣契約,撤案,
792,1070321,天強建設股份有限公司,買賣,預售屋,建商,一屋二賣,未妥善處理，與申訴人聯繫後移消保官,
793,1070306,欣莊建設股份有限公司,買賣,預售屋,建商,終止委售或買賣契約,妥善處理，達成和解,
794,1070302,皇冠不動產有限公司,買賣,成屋,仲介業,終止委售或買賣契約,未妥善處理，與申訴人聯繫後移消保官,
795,1070321,信義房屋股份有限公司,買賣,成屋,仲介業,房屋漏水問題,未妥善處理，函告申訴人後續可行處理方式,
796,1070411,宏信房屋仲介有限公司,買賣,成屋,仲介業,其他,妥善處理，達成和解,
797,1070411,九昱建設,買賣,預售屋,建商,廣告不實,未妥善處理，與申訴人聯繫後移消保官,
798,1070423,宏泰建設,買賣,預售屋,建商,其他,撤案,
799,1070424,家澄不動產仲介經紀有限公司,買賣,成屋,仲介業,工程結構及公共工程安全問題,議會協商其他結論,
800,1070427,宏泰人壽保險股份有限公司,買賣,預售屋,建商,其他,未妥善處理，與申訴人聯繫後移消保官,
801,1070409,日勝生活科技股份有限,買賣,預售屋,建商,交屋遲延,未妥善處理，與申訴人聯繫後移消保官,
802,1070412,茂濟不動產經紀有限公司,買賣,成屋,仲介業,房屋漏水問題,未妥善處理，函告申訴人後續可行處理方式,
803,1070413,天強建設股份有限公司,買賣,預售屋,建商,一屋二賣,未妥善處理，與申訴人聯繫後移消保官,
804,1070413,天強建設股份有限公司,買賣,預售屋,建商,一屋二賣,未妥善處理，與申訴人聯繫後移消保官,
805,1070413,天強建設股份有限公司,買賣,預售屋,建商,一屋二賣,未妥善處理，與申訴人聯繫後移消保官,
806,1070420,天強建設股份有限公司,買賣,預售屋,建商,一屋二賣,未妥善處理，與申訴人聯繫後移消保官,
807,1070412,新潤建設股份有限公司,買賣,預售屋,建商,終止委售或買賣契約,未妥善處理，函告申訴人後續可行處理方式,
808,1070412,新潤建設股份有限公司,買賣,預售屋,建商,終止委售或買賣契約,未妥善處理，函告申訴人後續可行處理方式,
809,1070419,信義房屋股份有限公司,買賣,成屋,仲介業,隱瞞重要資訊,未妥善處理，與申訴人聯繫後移消保官,
810,1070430,森原建設股份有限公司,買賣,預售屋,建商,建材設備不符,未妥善處理，函告申訴人後續可行處理方式,
811,1070409,誠鄰不動產經紀股份有限公司,買賣,成屋,仲介業,房屋漏水問題,未妥善處理，函告申訴人後續可行處理方式,
812,1070423,興富發建設股份有限公司,買賣,預售屋,建商,施工瑕疵,未妥善處理，函告申訴人後續可行處理方式,
813,1070410,兆基管理顧問有限公司,買賣,成屋,仲介業,其他,未妥善處理，函告申訴人後續可行處理方式,
814,1070424,永慶房屋仲介股份有限公司,買賣,成屋,仲介業,服務報酬爭議,未妥善處理，與申訴人聯繫後移消保官,
815,1070502,興富發建設股份有限公司,買賣,預售屋,建商,終止委售或買賣契約,未妥善處理，函告申訴人後續可行處理方式,
816,1070503,兆基管理顧問有限公司,租賃,成屋,仲介業,其他,妥善處理，達成和解,
817,1070508,永慶房屋仲介股份有限公司,買賣,成屋,仲介業,房屋漏水問題,未妥善處理，與申訴人聯繫後移消保官,
818,1070524,黃梁細妹,租賃,成屋,其他,其他,妥善處理，達成和解,
819,1070503,住信房屋仲介股份有限公司,買賣,成屋,仲介業,隱瞞重要資訊,未妥善處理，與申訴人聯繫後移消保官,
820,1070508,鉑斯國際地產有限公司,買賣,成屋,仲介業,「定金」返還(含斡旋金轉成定金返還),妥善處理，達成和解,
821,1070523,巨天不動產仲介經紀有限公司,買賣,成屋,仲介業,其他,妥善處理，達成和解,
822,1070502,精聯建設股份有限公司,買賣,預售屋,建商,其他,未妥善處理，函告申訴人後續可行處理方式,
823,1070508,大佳國際開發,買賣,預售屋,建商,停車位使用權,移消保官,
824,1070523,太鼎不動產仲介經紀有限公司,買賣,成屋,仲介業,其他,未妥善處理，函告申訴人後續可行處理方式,
825,1070504,匯懋建設股份有限公司,買賣,預售屋,建商,建材設備不符,撤案,
826,1070528,永慶房屋仲介股份有限公司,買賣,成屋,仲介業,房屋漏水問題,未妥善處理，函告申訴人後續可行處理方式,
827,1070517,興富發建設股份有限公司,買賣,預售屋,建商,其他,未妥善處理，函告申訴人後續可行處理方式,
828,1070517,宏盛建設股份有限公司,買賣,預售屋,建商,房屋漏水問題,未妥善處理，與申訴人聯繫後移消保官,
829,1070507,興富發建設股份有限公司,買賣,預售屋,建商,隱瞞重要資訊,未妥善處理，與申訴人聯繫後移消保官,
830,1070608,昇陽建設股份有限公司,買賣,預售屋,建商,其他,未妥善處理，與申訴人聯繫後移消保官,
831,1070601,兆基管理顧問有限公司,買賣,成屋,仲介業,「定金」返還(含斡旋金轉成定金返還),妥善處理，達成和解,
832,1070612,兆基管理顧問有限公司,買賣,成屋,仲介業,其他,妥善處理，達成和解,
833,1070619,安業不動產仲介股份有限公司,買賣,成屋,仲介業,服務報酬爭議,本局協商會，達成協議和解,
834,1070606,興富發建設股份有限公司,買賣,預售屋,建商,其他,未妥善處理，函告申訴人後續可行處理方式,
835,1070614,榮騰建設有限公司,買賣,成屋,仲介業,房屋漏水問題,妥善處理，達成和解,
836,1070629,宏盛建設股份有限公司,買賣,預售屋,建商,其他,未妥善處理，函告申訴人後續可行處理方式,
837,1070608,永慶房屋仲介股份有限公司,買賣,成屋,仲介業,隱瞞重要資訊,妥善處理，達成和解,
838,1070620,翊富房屋股份有限公司,買賣,成屋,仲介業,終止委售或買賣契約,未妥善處理，與申訴人聯繫後移消保官,
839,1070605,宅通不動產經紀有限公司,買賣,成屋,仲介業,隱瞞重要資訊,未妥善處理，與申訴人聯繫後移消保官,
840,1070605,安心住不動產經紀業有限公司,買賣,成屋,仲介業,仲介「斡旋金」返還,本局協商會，達成協議和解,
841,1070627,中德建設股份有限公司,買賣,預售屋,建商,標的物貸款問題,未妥善處理，函告申訴人後續可行處理方式,
842,1070705,楷明建設股份有限公司,買賣,預售屋,建商,其他,撤案,
843,1070703,飛行鯨魚有限公司,買賣,成屋,仲介業,其他,撤案,
844,1070710,家合不動產管理顧問有限公司,買賣,成屋,仲介業,隱瞞重要資訊,未妥善處理，與申訴人聯繫後移消保官,
845,1070723,宏泰人壽保險股份有限公司,買賣,預售屋,建商,其他,未妥善處理，與申訴人聯繫後移消保官,
846,1070731,永慶房屋仲介股份有限公司,買賣,成屋,仲介業,終止委售或買賣契約,撤案,
847,1070705,陞築建設開發股份有限公司,買賣,預售屋,建商,其他,妥善處理，達成和解,
848,1070720,宏泰人壽保險股份有限公司,買賣,預售屋,建商,其他,未妥善處理，函告申訴人後續可行處理方式,
849,1070731,興新房屋仲介有限公司,買賣,成屋,仲介業,房屋漏水問題,未妥善處理，函告申訴人後續可行處理方式,
850,1070730,興日發建設股份有限公司,買賣,預售屋,建商,停車位面積,未妥善處理，函告申訴人後續可行處理方式,
851,1070718,永慶房屋仲介股份有限公司,買賣,成屋,仲介業,「定金」返還(含斡旋金轉成定金返還),未妥善處理，函告申訴人後續可行處理方式,
852,1070604,永慶房屋仲介股份有限公司,買賣,成屋,仲介業,房屋現況說明書內容與現況不符,未妥善處理，函告申訴人後續可行處理方式,
853,1070704,宏泰人壽保險股份有限公司,買賣,成屋,其他,其他,未妥善處理，與申訴人聯繫後移消保官,
854,1070726,好厝多不動產經紀股份有限公司,買賣,成屋,仲介業,有關稅費爭議,未妥善處理，與申訴人聯繫後移消保官,
855,1070712,龍華開發公司,買賣,成屋,其他,「定金」返還(含斡旋金轉成定金返還),未妥善處理，函告申訴人後續可行處理方式,
856,1070731,匯懋建設股份有限公司,買賣,預售屋,建商,終止委售或買賣契約,未妥善處理，函告申訴人後續可行處理方式,
857,1070807,兆基管理顧問有限公司,買賣,成屋,仲介業,「定金」返還(含斡旋金轉成定金返還),妥善處理，達成和解,
858,1070814,永慶房屋仲介股份有限公司,買賣,成屋,仲介業,隱瞞重要資訊,未妥善處理，函告申訴人後續可行處理方式,
859,1070820,永慶房屋仲介股份有限公司,買賣,成屋,仲介業,隱瞞重要資訊,未妥善處理，與申訴人聯繫後移消保官,
860,1070806,鄉林建設,買賣,預售屋,建商,施工瑕疵,未妥善處理，函告申訴人後續可行處理方式,
861,1070813,信義房屋股份有限公司,買賣,成屋,仲介業,其他,妥善處理，達成和解,
862,1070820,駐易不動產國際聯合有限公司,買賣,成屋,仲介業,廣告不實,妥善處理，達成和解,
863,1070806,太鼎不動產仲介經紀有限公司,買賣,成屋,仲介業,其他,妥善處理，達成和解,
864,1070809,信義房屋股份有限公司,買賣,成屋,仲介業,氯離子檢測,未妥善處理，函告申訴人後續可行處理方式,
865,1070816,大三通不動產有限公司,租賃,成屋,仲介業,其他,妥善處理，達成和解,
866,1070823,儀居房屋仲介股份有限公司,買賣,成屋,仲介業,隱瞞重要資訊,未妥善處理，函告申訴人後續可行處理方式,
867,1070803,鄭宇博,租賃,成屋,其他,其他,撤案,
868,1070808,信義房屋股份有限公司,買賣,成屋,仲介業,工程結構及公共工程安全問題,未妥善處理，函告申訴人後續可行處理方式,
869,1070815,晶鑽房屋仲介股份有限公司,買賣,成屋,仲介業,房屋現況說明書內容與現況不符,未妥善處理，函告申訴人後續可行處理方式,
870,1070824,宏泰人壽保險股份有限公司,買賣,成屋,其他,其他,未妥善處理，函告申訴人後續可行處理方式,
871,1070717,永慶房屋仲介股份有限公司,買賣,成屋,仲介業,「定金」返還(含斡旋金轉成定金返還),未妥善處理，與申訴人聯繫後移消保官,
872,1070727,黃瀚誼,買賣,成屋,其他,「定金」返還(含斡旋金轉成定金返還),妥善處理，達成和解,
873,1070802,鉅陞建設股份有限公司,買賣,預售屋,建商,「定金」返還(含斡旋金轉成定金返還),妥善處理，達成和解,
874,1070807,永慶房屋仲介股份有限公司,買賣,成屋,仲介業,交屋遲延,未妥善處理，與申訴人聯繫後移消保官,
875,1070815,全坤建設開發股份有限公司,買賣,預售屋,建商,「定金」返還(含斡旋金轉成定金返還),未妥善處理，與申訴人聯繫後移消保官,
876,1070820,永慶房屋仲介股份有限公司,買賣,成屋,仲介業,「定金」返還(含斡旋金轉成定金返還),未妥善處理，與申訴人聯繫後移消保官,
877,1070904,信義房屋股份有限公司,買賣,成屋,仲介業,終止委售或買賣契約,妥善處理，達成和解,
878,1070917,利冠地產開發有限公司,買賣,預售屋,建商,其他,未妥善處理，與申訴人聯繫後移消保官,
879,1070918,亞昕國際開發股份有限公司,買賣,預售屋,建商,建材設備不符,未妥善處理，函告申訴人後續可行處理方式,
880,1070919,亞昕國際開發股份有限公司,買賣,預售屋,建商,建材設備不符,未妥善處理，函告申訴人後續可行處理方式,
881,1071008,冠德建設,買賣,預售屋,建商,契約審閱權,妥善處理，達成和解,
882,1070912,尤冠文,買賣,成屋,其他,其他,未妥善處理，函告申訴人後續可行處理方式,
883,1070928,永慶房屋仲介股份有限公司,買賣,預售屋,建商,房屋漏水問題,未妥善處理，函告申訴人後續可行處理方式,
884,1070913,信義房屋仲介股份有限公司,買賣,成屋,代銷業,施工瑕疵,未妥善處理，函告申訴人後續可行處理方式,
885,1070907,信義房屋股份有限公司,買賣,成屋,仲介業,其他,未妥善處理，函告申訴人後續可行處理方式,
886,1070918,信義房屋股份有限公司,買賣,成屋,仲介業,隱瞞重要資訊,未妥善處理，與申訴人聯繫後移消保官,
887,1071005,信義房屋股份有限公司,買賣,成屋,仲介業,房屋漏水問題,未妥善處理，與申訴人聯繫後移消保官,
888,1071029,永慶房屋仲介股份有限公司,買賣,成屋,仲介業,隱瞞重要資訊,未妥善處理，函告申訴人後續可行處理方式,
889,1071031,永慶房屋仲介股份有限公司,買賣,成屋,仲介業,隱瞞重要資訊,妥善處理，達成和解,
890,1071025,安律不動產經紀有限公司,買賣,成屋,仲介業,坪數不足,妥善處理，達成和解,
891,1071101,興富發建設股份有限公司,買賣,預售屋,建商,施工瑕疵,未妥善處理，函告申訴人後續可行處理方式,
892,1071030,永慶房屋仲介股份有限公司,買賣,成屋,仲介業,隱瞞重要資訊,妥善處理，達成和解,
893,1071008,國揚實業股份有限公司,買賣,預售屋,建商,隱瞞重要資訊,未妥善處理，與申訴人聯繫後移消保官,
894,1071026,永慶房屋仲介股份有限公司,買賣,成屋,仲介業,契約審閱權,未妥善處理，與申訴人聯繫後移消保官,
895,1071030,新潤建設股份有限公司,買賣,預售屋,建商,施工瑕疵,函告申訴人後續可行處理方式,
896,1071105,永慶房屋仲介股份有限公司,買賣,成屋,建商,工程結構及公共工程安全問題,本局協商會，達成協議和解,
897,1070928,李欣容,買賣,成屋,地政士,服務報酬爭議,妥善處理，達成和解,
898,1071019,興富發建設股份有限公司,買賣,預售屋,建商,施工瑕疵,妥善處理，達成和解,
899,1071116,永慶房屋仲介股份有限公司,買賣,成屋,仲介業,服務報酬爭議,未妥善處理，函告申訴人後續可行處理方式,
900,1071026,宏盛建設股份有限公司,買賣,預售屋,建商,終止委售或買賣契約,未妥善處理，函告申訴人後續可行處理方式,
901,1071002,宏泰人壽保險股份有限公司,買賣,預售屋,建商,契約審閱權,未妥善處理，函告申訴人後續可行處理方式,
902,1071016,隆雲股份有限公司,買賣,預售屋,建商,房屋漏水問題,未妥善處理，函告申訴人後續可行處理方式,
903,1071121,永慶房屋仲介股份有限公司,買賣,成屋,仲介業,房屋漏水問題,未妥善處理，與申訴人聯繫後移消保官,
904,1071122,永慶房屋仲介股份有限公司,買賣,成屋,仲介業,房屋漏水問題,未妥善處理，函告申訴人後續可行處理方式,
905,1071119,永慶房屋仲介股份有限公司,買賣,成屋,仲介業,隱瞞重要資訊,未妥善處理，與申訴人聯繫後移消保官,
906,1071122,世達建設股份有限公司,買賣,預售屋,建商,「定金」返還(含斡旋金轉成定金返還),撤案,
907,1071130,興富發建設股份有限公司,買賣,預售屋,建商,施工瑕疵,未妥善處理，與申訴人聯繫後移消保官,
908,1071130,周正勝,租賃,成屋,房東,定金返還,撤案,
909,1071105,穩懋不動產經紀有限公司,買賣,成屋,仲介業,停車位面積,未妥善處理，函告申訴人後續可行處理方式,
910,1071105,永慶房屋仲介股份有限公司,買賣,成屋,仲介業,其他,未妥善處理，函告申訴人後續可行處理方式,
911,1071106,基泰建設,買賣,預售屋,建商,其他,未妥善處理，函告申訴人後續可行處理方式,
912,1071116,東森不動產仲介經紀有限公司,買賣,成屋,仲介業,隱瞞重要資訊,未妥善處理，函告申訴人後續可行處理方式,
913,1071122,信義房屋股份有限公司,買賣,成屋,仲介業,隱瞞重要資訊,妥善處理，達成和解,
914,1071130,樂活在台北股份有限公司,租賃,成屋,仲介業,其他,撤案,
915,1071206,永慶房屋仲介股份有限公司,買賣,成屋,仲介業,房屋漏水問題,撤案,
916,1071207,中信房屋仲介股份有限公司,買賣,成屋,仲介業,隱瞞重要資訊,未妥善處理，函告申訴人後續可行處理方式,
917,1071210,永慶房屋仲介股份有限公司,買賣,成屋,仲介業,契約審閱權,妥善處理，達成和解,
918,1071211,永慶房屋仲介股份有限公司,買賣,成屋,仲介業,房屋漏水問題,妥善處理，達成和解,
919,1071211,華固建設,買賣,預售屋,建商,隱瞞重要資訊,未妥善處理，函告申訴人後續可行處理方式,
920,1071213,宏盛建設股份有限公司,買賣,預售屋,建商,其他,未妥善處理，函告申訴人後續可行處理方式,
921,1071213,晶鑽房屋仲介股份有限公司,買賣,成屋,仲介業,其他,未妥善處理，與申訴人聯繫後移消保官,
922,1071219,林素朱(房東),租賃,成屋,其他,其他,未妥善處理，與申訴人聯繫後移消保官,
923,1071224,愛山林建設開發股份有限公司,買賣,預售屋,建商,「定金」返還(含斡旋金轉成定金返還),函告申訴人後續可行處理方式,
924,1071222,好宅多不動產仲介經紀有限公司,買賣,成屋,仲介業,其他,撤案,
925,1071204,宏泰人壽保險股份有限公司,買賣,預售屋,建商,其他,撤案,
926,1080102,光大不動產仲介經紀股份有限公司,買賣,成屋,仲介業,房屋漏水問題,其他,公司已解散
927,1071210,遠雄建設事業股份有限公司,買賣,預售屋,建商,契約審閱權,未妥善處理，與申訴人聯繫後移消保官,
928,1071211,信義房屋股份有限公司,買賣,成屋,仲介業,其他,妥善處理，達成和解,
929,1080104,蓮園建設,買賣,預售屋,建商,標的物貸款問題,妥善處理，達成和解,
930,1080104,信義房屋股份有限公司,買賣,成屋,仲介業,房屋漏水問題,未妥善處理，函告申訴人後續可行處理方式,
931,1080104,甲山林房屋仲介股份有限公司,買賣,成屋,仲介業,廣告不實,未妥善處理，與申訴人聯繫後移消保官,
932,1071211,房東李育靜,租賃,成屋,其他,其他,函告申訴人後續可行處理方式,
933,1080109,信義房屋股份有限公司,買賣,成屋,仲介業,隱瞞重要資訊,移消保官,
934,1080116,陳曉彤(房東),買賣,成屋,其他,其他,未妥善處理，函告申訴人後續可行處理方式,
935,1070117,信義房屋股份有限公司,買賣,成屋,仲介業,隱瞞重要資訊,函告申訴人後續可行處理方式,
936,1080117,創達建設股份有限公司,買賣,預售屋,建商,交屋遲延,未妥善處理，函告申訴人後續可行處理方式,
937,1080121,大三通不動產有限公司,租賃,成屋,仲介業,其他,妥善處理，達成和解,
938,1080116,信義房屋股份有限公司,買賣,成屋,仲介業,房屋漏水問題,未妥善處理，與申訴人聯繫後移消保官,
939,1080118,李金本君,租賃,成屋,其他,其他,未妥善處理，與申訴人聯繫後移消保官,
940,1080123,森築開發股份有限公司,買賣,預售屋,建商,終止委售或買賣契約,未妥善處理，函告申訴人後續可行處理方式,
941,1080125,信義房屋股份有限公司,買賣,成屋,仲介業,隱瞞重要資訊,函告申訴人後續可行處理方式,
942,1080129,信義房屋股份有限公司,買賣,成屋,仲介業,隱瞞重要資訊,未妥善處理，函告申訴人後續可行處理方式,
943,1080129,華誼建設股份有限公司,買賣,預售屋,建商,其他,移消保官,
944,1080129,喬崴建設,買賣,預售屋,建商,施工瑕疵,未妥善處理，函告申訴人後續可行處理方式,
945,1080211,陳侯名君,租賃,成屋,其他,其他,未妥善處理，與申訴人聯繫後移消保官,
946,1080108,合宜開發建設有限公司,買賣,成屋,仲介業,房屋漏水問題,議會協商成立,
947,1080104,中佑房屋仲介有限公司,買賣,成屋,仲介業,產權不清楚,撤案,
948,1080213,永慶房屋仲介股份有限公司,買賣,成屋,仲介業,氯離子檢測,未妥善處理，函告申訴人後續可行處理方式,
949,1080115,穩懋不動產經紀有限公司,買賣,成屋,仲介業,契約審閱權,未妥善處理，與申訴人聯繫後移消保官,
950,1080213,尚志資產開發股份有限公司,買賣,預售屋,建商,交屋遲延,未妥善處理，函告申訴人後續可行處理方式,
951,1080211,永慶房屋仲介股份有限公司,買賣,成屋,仲介業,工程結構及公共工程安全問題,未妥善處理，與申訴人聯繫後移消保官,
952,1080211,宏普建設股份有限公司,買賣,預售屋,建商,「定金」返還(含斡旋金轉成定金返還),未妥善處理，與申訴人聯繫後移消保官,
953,1080115,施國豐,買賣,成屋,地政士,其他,妥善處理，達成和解,
954,1080123,永慶房屋仲介股份有限公司,買賣,成屋,仲介業,「定金」返還(含斡旋金轉成定金返還),未妥善處理，與申訴人聯繫後移消保官,
955,1080222,尚志資產開發股份有限公司,買賣,預售屋,建商,其他,未妥善處理，函告申訴人後續可行處理方式,
956,1080219,宏泰人壽保險股份有限公司,買賣,預售屋,建商,廣告不實,未妥善處理，與申訴人聯繫後移消保官,
957,1080223,聚展建設開發股份有限公司,買賣,預售屋,建商,交屋遲延,未妥善處理，函告申訴人後續可行處理方式,
958,1080225,信義房屋股份有限公司,買賣,成屋,仲介業,房屋現況說明書內容與現況不符,未妥善處理，與申訴人聯繫後移消保官,
959,1080225,弘程建設股份有限公司,買賣,預售屋,建商,工程結構及公共工程安全問題,未妥善處理，與申訴人聯繫後移消保官,
960,1080304,宏泰人壽保險股份有限公司,買賣,預售屋,建商,施工瑕疵,未妥善處理，與申訴人聯繫後移消保官,
961,1080306,信義房屋股份有限公司,買賣,成屋,仲介業,房屋漏水問題,未妥善處理，與申訴人聯繫後移消保官,
962,1080307,皇冠不動產有限公司,買賣,成屋,仲介業,標的物貸款問題,本局協商會，未達成協議,
963,1080307,聖皇不動產仲介經紀有限公司,買賣,成屋,仲介業,氯離子檢測,未妥善處理，與申訴人聯繫後移消保官,
964,1080305,尚志資產開發股份有限公司,買賣,預售屋,建商,交屋遲延,未妥善處理，函告申訴人後續可行處理方式,
965,1080307,尚志資產開發股份有限公司,買賣,預售屋,建商,交屋遲延,未妥善處理，與申訴人聯繫後移消保官,
966,1080308,愛妃爾建設股份有限公司,買賣,預售屋,建商,建材設備不符,未妥善處理，與申訴人聯繫後移消保官,
967,1080311,祥和國際地產有限公司,買賣,成屋,仲介業,隱瞞重要資訊,妥善處理，達成和解,
968,1080311,新碩建設股份有限公司,買賣,預售屋,建商,其他,妥善處理，達成和解,
969,1080311,博元建設股份有限公司,買賣,預售屋,建商,有關稅費爭議,未妥善處理，函告申訴人後續可行處理方式,
970,1080214,達麗建設事業股份有限公司,買賣,預售屋,建商,其他,未妥善處理，函告申訴人後續可行處理方式,
971,1080318,信義房屋股份有限公司,買賣,成屋,仲介業,服務報酬爭議,妥善處理，達成和解,
972,1080320,興富金不動產仲介有限公司,買賣,成屋,仲介業,服務報酬爭議,妥善處理，達成和解,
973,1080321,永慶房屋仲介股份有限公司,買賣,成屋,仲介業,交屋遲延,議會協商成立,
974,1080322,富頂事業有限公司,買賣,成屋,仲介業,房屋漏水問題,撤案,
975,1080325,時尚物業有限公司,買賣,成屋,仲介業,「定金」返還(含斡旋金轉成定金返還),未妥善處理，函告申訴人後續可行處理方式,
976,1080328,永慶房屋仲介股份有限公司,買賣,成屋,仲介業,隱瞞重要資訊,未妥善處理，函告申訴人後續可行處理方式,
977,1080416,飛行鯨魚有限公司,買賣,成屋,仲介業,服務報酬爭議,未妥善處理，函告申訴人後續可行處理方式,
978,1080426,永慶房屋仲介股份有限公司,買賣,成屋,仲介業,終止委售或買賣契約,未妥善處理，函告申訴人後續可行處理方式,
979,1080430,合矩建設開發公司,買賣,預售屋,建商,其他,未妥善處理，函告申訴人後續可行處理方式,
980,1080424,利冠地產開發有限公司,買賣,成屋,建商,產權不清楚,未妥善處理，函告申訴人後續可行處理方式,
981,1080212,宏普建設股份有限公司,買賣,預售屋,建商,其他,議會協商成立,
982,1080521,興富發建設股份有限公司,買賣,成屋,建商,施工瑕疵,未妥善處理，與申訴人聯繫後移消保官,
983,1080527,永慶房屋仲介股份有限公司,買賣,成屋,仲介業,服務報酬爭議,妥善處理，達成和解,
984,1080528,永慶房屋仲介股份有限公司,買賣,成屋,仲介業,氯離子檢測,妥善處理，達成和解,
985,1080502,寶嵐建設有限公司,買賣,預售屋,建商,交屋遲延,妥善處理，達成和解,
986,1080409,永慶房屋仲介股份有限公司,買賣,成屋,仲介業,服務報酬爭議,妥善處理，達成和解,
987,1080411,信義房屋股份有限公司,買賣,成屋,仲介業,房屋漏水問題,未妥善處理，函告申訴人後續可行處理方式,
988,1080411,永慶房屋仲介股份有限公司,買賣,成屋,仲介業,屋頂使用權與產權爭議,妥善處理，達成和解,
989,1080417,宏盛建設股份有限公司,買賣,預售屋,建商,契約審閱權,未妥善處理，與申訴人聯繫後移消保官,
990,1080423,豐巢不動產經紀有限公司,買賣,成屋,仲介業,房屋漏水問題,未妥善處理，函告申訴人後續可行處理方式,
991,1080425,長泰金建設股份有限公司,買賣,成屋,建商,產權不清楚,函告申訴人後續可行處理方式,
992,1080426,永慶房屋仲介股份有限公司,買賣,成屋,仲介業,服務報酬爭議,未妥善處理，與申訴人聯繫後移消保官,
993,1080430,永慶房屋仲介股份有限公司,買賣,成屋,仲介業,服務報酬爭議,未妥善處理，與申訴人聯繫後移消保官,
994,1080502,永慶房屋仲介股份有限公司,買賣,成屋,仲介業,服務報酬爭議,未妥善處理，函告申訴人後續可行處理方式,
995,1080502,長虹建設股份有限公司,買賣,預售屋,建商,隱瞞重要資訊,議會協商成立,
996,1080506,松信不動產有限公司,買賣,成屋,仲介業,「定金」返還(含斡旋金轉成定金返還),撤案,
997,1080508,裕邸不動產管理顧問有限公司,買賣,成屋,仲介業,隱瞞重要資訊,妥善處理，達成和解,
998,1080510,御揚開發建設有限公司,買賣,預售屋,建商,其他,議會協商其他結論,
999,1080515,家宏不動產仲介經紀有限公司,買賣,成屋,仲介業,服務報酬爭議,妥善處理，達成和解,
1000,1080516,信義房屋股份有限公司,買賣,成屋,仲介業,「定金」返還(含斡旋金轉成定金返還),未妥善處理，與申訴人聯繫後移消保官,
1001,1080516,喬崵不動產仲介經紀有限公司,買賣,成屋,仲介業,服務報酬爭議,未妥善處理，與申訴人聯繫後移消保官,
1002,1080517,黃偉新,買賣,成屋,其他,產權不清楚,議會協商其他結論,
1003,1080517,安宏企業有限公司,買賣,預售屋,建商,其他,未妥善處理，函告申訴人後續可行處理方式,
1004,1080528,安宏企業有限公司,買賣,成屋,建商,有關稅費爭議,撤案,
1005,1080529,和暘建設股份有限公司,買賣,成屋,建商,停車位使用權,未妥善處理，函告申訴人後續可行處理方式,
1006,1080604,周承翰,租賃,成屋,房東,提前終止租約,妥善處理，達成和解,
1007,1080425,長泰金建設股份有限公司,買賣,預售屋,建商,其他,未妥善處理，函告申訴人後續可行處理方式,
1008,1080530,國美建設股份有限公司,買賣,成屋,建商,標的物貸款問題,未妥善處理，與申訴人聯繫後移消保官,
1009,1080322,陳施貴,租賃,成屋,其他,擔保金(押金)返還或抵充,本局協商會，達成協議和解,
1010,1080604,和暘建設股份有限公司,買賣,成屋,建商,「定金」返還(含斡旋金轉成定金返還),妥善處理，達成和解,
1011,1071225,潤隆建設股份有限公司,買賣,預售屋,建商,施工瑕疵,議會協商其他結論,
1012,1080617,信義房屋股份有限公司,買賣,成屋,仲介業,隱瞞重要資訊,撤案,
1013,1080617,信實不動產顧問有限公司,買賣,成屋,仲介業,服務報酬爭議,撤案,
1014,1080621,永慶房屋仲介股份有限公司,買賣,成屋,仲介業,其他,撤案,
1015,1080621,宏邦房屋仲介股份有限公司,買賣,成屋,仲介業,隱瞞重要資訊,未妥善處理，函告申訴人後續可行處理方式,
1016,1080624,永慶房屋仲介股份有限公司,買賣,成屋,仲介業,隱瞞重要資訊,未妥善處理，與申訴人聯繫後移消保官,
1017,1080624,黃崇文,租賃,成屋,房東,違約金爭議,函告申訴人後續可行處理方式,
1018,1080625,張正膺,租賃,成屋,房東,提前終止租約,未妥善處理，函告申訴人後續可行處理方式,
1019,1071214,信實不動產顧問有限公司,買賣,成屋,仲介業,賺取差價,未妥善處理，函告申訴人後續可行處理方式,
1020,1071009,永慶房屋仲介股份有限公司,買賣,成屋,仲介業,房屋漏水問題,未妥善處理，與申訴人聯繫後移消保官,
1021,1080610,標柱房屋仲介股份有限公司,買賣,成屋,仲介業,隱瞞重要資訊,妥善處理，達成和解,
1022,1080621,永慶房屋仲介股份有限公司,買賣,成屋,仲介業,隱瞞重要資訊,妥善處理，達成和解,
1023,1070803,宸亦不動產仲介經紀有限公司,買賣,成屋,仲介業,房屋漏水問題,函告申訴人後續可行處理方式,
1024,1071112,有為不動產經紀股份有限公司,買賣,成屋,仲介業,其他,妥善處理，達成和解,
1025,1080603,永慶房屋仲介股份有限公司,買賣,成屋,仲介業,房屋漏水問題,未妥善處理，函告申訴人後續可行處理方式,
1026,1080328,晶鑽房屋仲介股份有限公司,買賣,成屋,仲介業,服務報酬爭議,未妥善處理，函告申訴人後續可行處理方式,
1027,1080611,蔡春花,租賃,成屋,房東,其他,妥善處理，達成和解,
1028,1071008,怡富開發公司,買賣,成屋,建商,廣告不實,未妥善處理，函告申訴人後續可行處理方式,
1029,1080314,兆基管理顧問有限公司,租賃,成屋,仲介業,提前終止租約,未妥善處理，函告申訴人後續可行處理方式,
1030,1080118,宏泰人壽保險股份有限公司,買賣,預售屋,建商,契約審閱權,未妥善處理，與申訴人聯繫後移消保官,
1031,1080308,全陽建設股份有限公司,買賣,預售屋,建商,「定金」返還(含斡旋金轉成定金返還),撤案,
1032,1080328,好厝多不動產經紀股份有限公司,租賃,成屋,仲介業,擔保金(押金)返還或抵充,撤案,
1033,1080128,大三不動產理財顧問有限公司,租賃,成屋,仲介業,提前終止租約,未妥善處理，函告申訴人後續可行處理方式,
1034,1071024,海豚房屋仲介有限公司,買賣,成屋,仲介業,隱瞞重要資訊,議會協商其他結論,
1035,1080321,太平洋房屋仲介股份有限公司,買賣,成屋,仲介業,房屋現況說明書內容與現況不符,議會協商成立,
1036,1080621,永慶房屋仲介股份有限公司,買賣,成屋,仲介業,停車位使用權,撤案,
1037,1080625,元品不動產仲介經紀有限公司,租賃,成屋,仲介業,擔保金(押金)返還或抵充,未妥善處理，與申訴人聯繫後移消保官,
1038,1080528,曹永順,租賃,成屋,房東,擔保金(押金)返還或抵充,移消保官,
1039,1080409,林合興,租賃,成屋,房東,提前終止租約,未妥善處理，與申訴人聯繫後移消保官,
1040,1080403,莊錦毓,租賃,成屋,房東,提前終止租約,妥善處理，達成和解,
1041,1080425,鄭宇博,租賃,成屋,其他,擔保金(押金)返還或抵充,函告申訴人後續可行處理方式,
1042,1080411,林淑靜,租賃,成屋,房東,提前終止租約,函告申訴人後續可行處理方式,
1043,1080702,聯合房仲不動產經紀有限公司,買賣,成屋,仲介業,其他,未妥善處理，函告申訴人後續可行處理方式,
1044,1080606,永慶房屋仲介股份有限公司,買賣,成屋,仲介業,服務報酬爭議,議會協商其他結論,
1045,1080708,永慶房屋仲介股份有限公司,買賣,成屋,仲介業,隱瞞重要資訊,未妥善處理，函告申訴人後續可行處理方式,
1046,1080710,利冠地產開發有限公司,買賣,成屋,建商,交屋遲延,妥善處理，達成和解,
1047,1080711,羅秀蘭君,租賃,成屋,房東,水電、瓦斯及管理費負擔爭議,撤案,
1048,1080717,凰麒不動產有限公司,買賣,成屋,仲介業,仲介公司欺罔行為,未妥善處理，與申訴人聯繫後移消保官,
1049,1080722,冠德建設,買賣,成屋,建商,法定空地使用權與產權爭議,函告申訴人後續可行處理方式,
1050,1080726,楷泰開發股份有限公司,租賃,成屋,非不動產服務業,擔保金(押金)返還或抵充,未妥善處理，函告申訴人後續可行處理方式,
1051,1080806,永慶房屋仲介股份有限公司,買賣,成屋,仲介業,終止委售或買賣契約,妥善處理，達成和解,
1052,1080808,永慶房屋仲介股份有限公司,買賣,成屋,仲介業,終止委售或買賣契約,未妥善處理，與申訴人聯繫後移消保官,
1053,1080813,闕麗華,租賃,成屋,房東,其他,妥善處理，達成和解,
1054,1080819,家合不動產管理顧問有限公司,租賃,成屋,仲介業,服務報酬爭議,未妥善處理，與申訴人聯繫後移消保官,
1055,1080821,信義房屋股份有限公司,買賣,成屋,仲介業,「定金」返還(含斡旋金轉成定金返還),未妥善處理，函告申訴人後續可行處理方式,
1056,1080821,和發建設股份有限公司,買賣,預售屋,建商,其他,妥善處理，達成和解,
1057,1080820,永慶房屋仲介股份有限公司,買賣,成屋,仲介業,隱瞞重要資訊,未妥善處理，與申訴人聯繫後移消保官,
1058,1080826,信義房屋股份有限公司,買賣,成屋,仲介業,隱瞞重要資訊,妥善處理，達成和解,
1059,1080826,誠鄰不動產經紀股份有限公司,租賃,成屋,仲介業,仲介業欺罔行為,妥善處理，達成和解,
1060,1080802,永慶房屋仲介股份有限公司,買賣,成屋,仲介業,其他,未妥善處理，與申訴人聯繫後移消保官,
1061,1080903,永慶房屋仲介股份有限公司,買賣,成屋,仲介業,隱瞞重要資訊,妥善處理，達成和解,
1062,1080905,吳佩芹君,租賃,成屋,房東,租金調整爭議,移消保官,
1063,1080802,晶鑽房屋仲介股份有限公司,買賣,成屋,仲介業,房屋現況說明書內容與現況不符,未妥善處理，與申訴人聯繫後移消保官,
1064,1080812,永慶房屋仲介股份有限公司,買賣,成屋,仲介業,房屋現況說明書內容與現況不符,妥善處理，達成和解,
1065,1080821,長耀建設股份有限公司,買賣,預售屋,建商,廣告不實,本局協商會，未達成協議,
1066,1080624,商喬企業有限公司,買賣,預售屋,建商,有關稅費爭議,本局協商會，達成協議和解,
1067,1080806,興富金不動產仲介有限公司,買賣,成屋,仲介業,契約審閱權,未妥善處理，與申訴人聯繫後移消保官,
1068,1080726,永慶房屋仲介股份有限公司,買賣,成屋,仲介業,房屋漏水問題,未妥善處理，函告申訴人後續可行處理方式,
1069,1080731,兆基管理顧問股份有限公司,租賃,成屋,包租業,擔保金(押金)返還或抵充,未妥善處理，函告申訴人後續可行處理方式,
1070,1080719,華磐國際開發股份有限公司,買賣,預售屋,代銷業,房屋現況說明書內容與現況不符,妥善處理，達成和解,
1071,1080731,華南建設股份有限公司,買賣,預售屋,建商,施工瑕疵,未妥善處理，與申訴人聯繫後移消保官,
1072,1080702,永慶房屋仲介股份有限公司,買賣,成屋,仲介業,房屋漏水問題,未妥善處理，與申訴人聯繫後移消保官,
1073,1080723,永慶房屋仲介股份有限公司,買賣,成屋,仲介業,隱瞞重要資訊,議會協商其他結論,
1074,1080731,大三通不動產有限公司,租賃,成屋,仲介業,其他,妥善處理，達成和解,
1075,1080712,盧欣佳,租賃,成屋,房東,租金調整爭議,未妥善處理，與申訴人聯繫後移消保官,
1076,1080730,寶嵐建設有限公司,買賣,預售屋,建商,施工瑕疵,妥善處理，達成和解,
1077,1080911,兆基管理顧問股份有限公司,租賃,成屋,包租業,擔保金(押金)返還或抵充,妥善處理，達成和解,
1078,1080911,崧誠不動產仲介有限公司,租賃,成屋,仲介業,服務報酬爭議,撤案,
1079,1080923,兆豐不動產經紀股份有限公司,買賣,成屋,仲介業,房屋漏水問題,撤案,
1080,1080924,永慶房屋仲介股份有限公司,買賣,成屋,仲介業,房屋現況說明書內容與現況不符,其他,消保官召開協商會
1081,1080829,永慶房屋仲介股份有限公司,買賣,成屋,仲介業,氯離子檢測,未妥善處理，函告申訴人後續可行處理方式,
1082,1080926,貴鳳不動產經紀有限公司,買賣,成屋,仲介業,房屋漏水問題,未妥善處理，與申訴人聯繫後移消保官,
1083,1081001,永慶房屋仲介股份有限公司,買賣,成屋,仲介業,終止委售或買賣契約,妥善處理，達成和解,
1084,1080923,聚展建設開發股份有限公司,買賣,預售屋,建商,施工瑕疵,未妥善處理，函告申訴人後續可行處理方式,
1085,1080911,禾禮建設股份有限公司,買賣,預售屋,建商,交屋遲延,未妥善處理，函告申訴人後續可行處理方式,
1086,1081001,高炎輝,租賃,成屋,房東,限制房客申報租賃費用支出,未妥善處理，函告申訴人後續可行處理方式,
1087,1080823,和發建設股份有限公司,買賣,預售屋,建商,其他,未妥善處理，函告申訴人後續可行處理方式,
1088,1080926,兆基管理顧問股份有限公司,租賃,成屋,包租業,擔保金(押金)返還或抵充,未妥善處理，函告申訴人後續可行處理方式,
1089,1081008,信實不動產顧問有限公司,買賣,成屋,仲介業,服務報酬爭議,未妥善處理，與申訴人聯繫後移消保官,
1090,1081015,華固建設,買賣,成屋,建商,隱瞞重要資訊,未妥善處理，與申訴人聯繫後移消保官,
1091,1081016,中佑房屋仲介有限公司,買賣,成屋,仲介業,契約審閱權,妥善處理，達成和解,
1092,1081016,信義房屋股份有限公司,買賣,成屋,仲介業,房屋漏水問題,妥善處理，達成和解,
1093,1081023,李東珠,租賃,成屋,房東,其他,妥善處理，達成和解,
1094,1081025,永慶房屋仲介股份有限公司,買賣,成屋,仲介業,服務報酬爭議,未妥善處理，函告申訴人後續可行處理方式,
1095,1081104,暉騰建設股份有限公司,買賣,成屋,建商,標的物貸款問題,議會協商成立,
1096,1081106,茂德建設股份有限公司,買賣,預售屋,建商,「定金」返還(含斡旋金轉成定金返還),議會協商其他結論,
1097,1081017,太子建設開發股份有限公司,租賃,成屋,房東,水電、瓦斯及管理費負擔爭議,未妥善處理，函告申訴人後續可行處理方式,
1098,1081105,太平洋建設股份有限公司,買賣,預售屋,建商,施工瑕疵,未妥善處理，函告申訴人後續可行處理方式,
1099,1081107,內湖房屋仲介有限公司,買賣,成屋,仲介業,服務報酬爭議,未妥善處理，與申訴人聯繫後移消保官,
1100,1081016,永慶房屋仲介股份有限公司,買賣,成屋,仲介業,隱瞞重要資訊,未妥善處理，與申訴人聯繫後移消保官,
1101,1081112,敦品國際開發有限公司,買賣,成屋,仲介業,仲介「斡旋金」返還,未妥善處理，與申訴人聯繫後移消保官,
1102,1081118,永慶房屋仲介股份有限公司,買賣,成屋,仲介業,隱瞞重要資訊,本局協商會，達成協議和解,
1103,1081119,安家國際企業股份有限公司,買賣,預售屋,建商,廣告不實,妥善處理，達成和解,
1104,1081119,永慶房屋仲介股份有限公司,買賣,成屋,仲介業,終止委售或買賣契約,未妥善處理，函告申訴人後續可行處理方式,
1105,1081119,康主佑君,租賃,成屋,房東,擔保金(押金)返還或抵充,移消保官,
1106,1081120,好厝多不動產經紀股份有限公司,買賣,成屋,仲介業,服務報酬爭議,妥善處理，達成和解,
1107,1081029,昌亞不動產股份有限公司,買賣,成屋,仲介業,服務報酬爭議,未妥善處理，函告申訴人後續可行處理方式,
1108,1081125,陳鴻源君,租賃,成屋,房東,水電、瓦斯及管理費負擔爭議,妥善處理，達成和解,
1109,1081202,祥和國際地產有限公司,租賃,成屋,仲介業,定金返還,消費者自行提起二次申訴,
1110,1081128,信義房屋股份有限公司,買賣,成屋,仲介業,仲介「斡旋金」返還,妥善處理，達成和解,
1111,1081107,永慶房屋仲介股份有限公司,買賣,成屋,仲介業,建材設備不符,妥善處理，達成和解,
1112,1081122,穩懋不動產經紀有限公司,買賣,成屋,仲介業,其他,妥善處理，達成和解,
1113,1081029,永慶房屋仲介股份有限公司,買賣,成屋,仲介業,其他,未妥善處理，函告申訴人後續可行處理方式,
1114,1081204,凱倢房屋有限公司,買賣,成屋,仲介業,隱瞞重要資訊,議會協商成立,
1115,1081204,宏盛建設股份有限公司,買賣,預售屋,建商,其他,消費者自行提起二次申訴,
1116,1081205,永慶房屋仲介股份有限公司,買賣,成屋,仲介業,氯離子檢測,撤案,
1117,1081205,億昕開發實業有限公司,買賣,成屋,仲介業,服務報酬爭議,妥善處理，達成和解,
1118,1081206,茂濟不動產經紀有限公司,買賣,成屋,仲介業,服務報酬爭議,未妥善處理，函告申訴人後續可行處理方式,
1119,1081210,鼎晟不動產開發股份有限公司,租賃,成屋,包租業,擔保金(押金)返還或抵充,未妥善處理，函告申訴人後續可行處理方式,
1120,1081211,有為不動產經紀股份有限公司,買賣,成屋,仲介業,仲介公司欺罔行為,妥善處理，達成和解,
1121,1081216,日景建設開發股份有限公司,買賣,預售屋,建商,終止委售或買賣契約,妥善處理，達成和解,
1122,1081216,興富金不動產仲介有限公司,買賣,成屋,仲介業,服務報酬爭議,撤案,
1123,1081219,信義房屋股份有限公司,買賣,成屋,仲介業,氯離子檢測,撤案,
1124,1081219,信義房屋股份有限公司,買賣,成屋,仲介業,終止委售或買賣契約,撤案,
1125,1081219,鼎晟不動產開發股份有限公司,租賃,成屋,仲介業,擔保金(押金)返還或抵充,未妥善處理，函告申訴人後續可行處理方式,
1126,1081224,松信不動產有限公司,租賃,成屋,仲介業,擔保金(押金)返還或抵充,未妥善處理，函告申訴人後續可行處理方式,
1127,1081227,永源建設股份有限公司,買賣,預售屋,建商,其他,函告申訴人後續可行處理方式,
1128,1081227,文湖房屋仲介有限公司,買賣,成屋,仲介業,房屋漏水問題,妥善處理，達成和解,
1129,1081231,昌亞不動產股份有限公司,買賣,成屋,仲介業,仲介「斡旋金」返還,未妥善處理，函告申訴人後續可行處理方式,
1130,1081202,簡慶星,租賃,成屋,房東,其他,未妥善處理，函告申訴人後續可行處理方式,
1131,1090107,陳雲瑩君,租賃,成屋,房東,擔保金(押金)返還或抵充,函告申訴人後續可行處理方式,
1132,1090108,宅通不動產經紀有限公司,買賣,成屋,仲介業,氯離子檢測,未妥善處理，函告申訴人後續可行處理方式,
1133,1090108,永慶房屋仲介股份有限公司,買賣,成屋,仲介業,「定金」返還(含斡旋金轉成定金返還),未妥善處理，函告申訴人後續可行處理方式,
1134,1090115,達麗建設事業股份有限公司,買賣,成屋,建商,其他,未妥善處理，函告申訴人後續可行處理方式,
1135,1090114,中佑房屋仲介有限公司,買賣,成屋,仲介業,標的物貸款問題,未妥善處理，函告申訴人後續可行處理方式,
1136,1090114,永慶房屋仲介股份有限公司,買賣,成屋,仲介業,其他,未妥善處理，函告申訴人後續可行處理方式,
1137,1090114,北碁建設股份有限公司,買賣,成屋,建商,施工瑕疵,未妥善處理，函告申訴人後續可行處理方式,
1138,1090117,住大房屋仲介有限公司,買賣,成屋,仲介業,有關稅費爭議,移消保官,
1139,1090120,新潤建設股份有限公司,買賣,預售屋,建商,其他,函告申訴人後續可行處理方式,
1140,1090203,榮騰建設有限公司,買賣,成屋,仲介業,隱瞞重要資訊,未妥善處理，函告申訴人後續可行處理方式,
1141,1090206,遠雄建設事業股份有限公司,買賣,成屋,建商,房屋漏水問題,本局協商會，未達成協議,
1142,1090114,永源建設股份有限公司,買賣,預售屋,建商,交屋遲延,函告申訴人後續可行處理方式,
1143,1090210,國泰建設公司,買賣,預售屋,建商,終止委售或買賣契約,妥善處理，達成和解,
1144,1090213,林正道,租賃,成屋,房東,擔保金(押金)返還或抵充,函告申訴人後續可行處理方式,
1145,1090211,立信建設股份有限公司,買賣,預售屋,建商,其他,撤案,
1146,1090213,家成物業管理顧問有限公司,租賃,成屋,仲介業,定金返還,未妥善處理，函告申訴人後續可行處理方式,
1147,1090220,凱祺建設,買賣,預售屋,建商,施工瑕疵,未妥善處理，與申訴人聯繫後移消保官,
1148,1090224,吉素真君,租賃,成屋,房東,定金返還,妥善處理，達成和解,
1149,1090227,永慶房屋仲介股份有限公司,買賣,成屋,仲介業,其他,未妥善處理，與申訴人聯繫後移消保官,
1150,1090224,大大不動產有限公司,租賃,成屋,仲介業,其他,其他,公所調解成立
1151,1090226,信義房屋股份有限公司,買賣,成屋,仲介業,房屋漏水問題,未妥善處理，函告申訴人後續可行處理方式,
1152,1090206,高炎輝,租賃,成屋,房東,擔保金(押金)返還或抵充,妥善處理，達成和解,
1153,1081224,永禾房屋有限公司,租賃,成屋,仲介業,提前終止租約,未妥善處理，與申訴人聯繫後移消保官,
1154,1090304,村泉建設股份有限公司,買賣,預售屋,建商,工程結構及公共工程安全問題,移消保官,
1155,1090303,永慶房屋仲介股份有限公司,買賣,成屋,仲介業,房屋漏水問題,未妥善處理，函告申訴人後續可行處理方式,
1156,1090210,傑創不動產仲介經紀有限公司,買賣,成屋,仲介業,其他,未妥善處理，與申訴人聯繫後移消保官,
1157,1090304,新潤建設股份有限公司,買賣,預售屋,建商,交屋遲延,撤案,
1158,1090310,喬旭不動產仲介經紀有限公司,買賣,成屋,仲介業,隱瞞重要資訊,未妥善處理，函告申訴人後續可行處理方式,
1159,1090313,大管家房屋管理顧問有限公司,租賃,成屋,包租業,提前終止租約,未妥善處理，函告申訴人後續可行處理方式,
1160,1090316,信義房屋股份有限公司,買賣,成屋,仲介業,其他,妥善處理，達成和解,
1161,1090202,段盛治,租賃,成屋,房東,擔保金(押金)返還或抵充,函告申訴人後續可行處理方式,
1162,1090305,信義房屋股份有限公司,買賣,成屋,仲介業,隱瞞重要資訊,未妥善處理，與申訴人聯繫後移消保官,
1163,1090317,豐巢不動產經紀有限公司,買賣,成屋,仲介業,房屋漏水問題,未妥善處理，函告申訴人後續可行處理方式,
1164,1090319,五都海外置業有限公司,買賣,預售屋,仲介業,服務報酬爭議,妥善處理，達成和解,
1165,1090330,鄭明新,租賃,成屋,房東,擔保金(押金)返還或抵充,妥善處理，達成和解,
1166,1090330,華峰建設開發股份有限公司,買賣,預售屋,建商,終止委售或買賣契約,妥善處理，達成和解,
1167,1090401,興富金不動產仲介有限公司,買賣,成屋,仲介業,隱瞞重要資訊,未妥善處理，函告申訴人後續可行處理方式,
1168,1090401,宏泰人壽保險股份有限公司,買賣,預售屋,建商,終止委售或買賣契約,未妥善處理，函告申訴人後續可行處理方式,
1169,1090407,宏普建設股份有限公司,買賣,預售屋,建商,其他,撤案,
1170,1090407,新北建設股份有限公司,買賣,預售屋,建商,其他,撤案,
1171,1090409,兆基管理顧問股份有限公司,租賃,成屋,包租業,其他,妥善處理，達成和解,
1172,1090409,中虹建設股份有限公司,買賣,成屋,建商,「定金」返還(含斡旋金轉成定金返還),撤案,
1173,1090408,永慶房屋仲介股份有限公司,買賣,成屋,仲介業,氯離子檢測,妥善處理，達成和解,
1174,1090413,北吉房屋仲介有限公司,買賣,成屋,仲介業,服務報酬爭議,未妥善處理，函告申訴人後續可行處理方式,
1175,1090415,理德房屋仲介有限公司,買賣,成屋,仲介業,其他,未妥善處理，與申訴人聯繫後移消保官,
1176,1090413,中信房屋仲介股份有限公司,買賣,成屋,仲介業,其他,未妥善處理，函告申訴人後續可行處理方式,
1177,1090330,新潤興業股份有限公司,買賣,預售屋,建商,交屋遲延,未妥善處理，與申訴人聯繫後移消保官,
1178,1090330,阿曼開發股份有限公司,買賣,預售屋,建商,坪數不足,函告申訴人後續可行處理方式,
1179,1090406,亞青建設,買賣,預售屋,建商,有關稅費爭議,妥善處理，達成和解,
1180,1090408,住商實業股份有限公司,買賣,成屋,仲介業,房屋漏水問題,本局協商會，未達成協議,
1181,1090416,好房不動產行銷顧問有限公司,租賃,成屋,其他,擔保金(押金)返還或抵充,妥善處理，達成和解,
1182,1090421,信義房屋股份有限公司,買賣,成屋,仲介業,房屋漏水問題,撤案,
1183,1090401,兆基管理顧問股份有限公司,租賃,成屋,仲介業,提前終止租約,未妥善處理，函告申訴人後續可行處理方式,
1184,1090422,永慶房屋仲介股份有限公司,買賣,成屋,仲介業,終止委售或買賣契約,妥善處理，達成和解,
1185,1090423,香港商匯泓不動產投資顧問有限公司,租賃,成屋,仲介業,服務報酬爭議,未妥善處理，函告申訴人後續可行處理方式,
1186,1090427,信義房屋股份有限公司,買賣,成屋,仲介業,房屋漏水問題,未妥善處理，函告申訴人後續可行處理方式,
1187,1090428,林龍將,租賃,成屋,房東,擔保金(押金)返還或抵充,妥善處理，達成和解,
1188,1090429,永慶房屋仲介股份有限公司,買賣,成屋,仲介業,隱瞞重要資訊,未妥善處理，函告申訴人後續可行處理方式,
1189,1090430,信義房屋股份有限公司,買賣,成屋,仲介業,房屋漏水問題,未妥善處理，與申訴人聯繫後移消保官,
1190,1090504,永慶房屋仲介股份有限公司,買賣,成屋,仲介業,房屋漏水問題,未妥善處理，與申訴人聯繫後移消保官,
1191,1090504,寰翔聯合代書事務所,租賃,成屋,房東,定金返還,未妥善處理，函告申訴人後續可行處理方式,
1192,1090505,永慶房屋仲介股份有限公司,買賣,成屋,仲介業,交屋遲延,撤案,
1193,1090505,永慶房屋仲介股份有限公司,買賣,成屋,仲介業,隱瞞重要資訊,未妥善處理，函告申訴人後續可行處理方式,
1194,1090506,安家國際企業股份有限公司,買賣,成屋,建商,其他,妥善處理，達成和解,
1195,1090507,永慶房屋仲介股份有限公司,買賣,成屋,仲介業,其他,未妥善處理，函告申訴人後續可行處理方式,
1196,1090505,信義房屋股份有限公司,買賣,成屋,仲介業,服務報酬爭議,消費者自行提起二次申訴,
1197,1090508,宏盛建設股份有限公司,買賣,成屋,建商,施工瑕疵,未妥善處理，函告申訴人後續可行處理方式,
1198,1090519,永慶房屋仲介股份有限公司,買賣,成屋,仲介業,標的物貸款問題,妥善處理，達成和解,
1199,1090519,昌鑫建設開發有限公司,買賣,預售屋,建商,屋頂使用權與產權爭議,未妥善處理，函告申訴人後續可行處理方式,
1200,1090520,喬旭不動產仲介經紀有限公司,買賣,成屋,仲介業,房屋漏水問題,未妥善處理，函告申訴人後續可行處理方式,
1201,1090521,久窩物業管理顧問有限公司,租賃,成屋,包租業,定金返還,未妥善處理，函告申訴人後續可行處理方式,
1202,1090525,皇冠不動產有限公司,買賣,成屋,仲介業,服務報酬爭議,撤案,
1203,1090525,信義房屋股份有限公司,買賣,預售屋,仲介業,隱瞞重要資訊,未妥善處理，函告申訴人後續可行處理方式,
1204,1090521,信義房屋股份有限公司,買賣,成屋,仲介業,隱瞞重要資訊,妥善處理，達成和解,
1205,1090529,兆基管理顧問有限公司,租賃,成屋,仲介業,修繕、改裝問題,撤案,
1206,1090529,昌亞不動產股份有限公司,租賃,成屋,仲介業,定金返還,未妥善處理，與申訴人聯繫後移消保官,
1207,1090602,大漢秋風不動產經紀有限公司,租賃,成屋,仲介業,提前終止租約,妥善處理，達成和解,
1208,1090529,若水不動產仲介有限公司,買賣,成屋,仲介業,服務報酬爭議,未妥善處理，函告申訴人後續可行處理方式,
1209,1090602,信義房屋股份有限公司,買賣,成屋,仲介業,房屋漏水問題,未妥善處理，函告申訴人後續可行處理方式,
1210,1090605,大三通不動產有限公司,租賃,成屋,仲介業,定金返還,妥善處理，達成和解,
1211,1090604,首泰建設股份有限公司,買賣,預售屋,建商,其他,撤案,
1212,1090608,信義房屋股份有限公司,買賣,成屋,仲介業,產權不清楚,撤案,
1213,1090609,永慶房屋仲介股份有限公司,買賣,成屋,仲介業,隱瞞重要資訊,撤案,
1214,1090610,永慶房屋仲介股份有限公司,買賣,成屋,仲介業,房屋漏水問題,妥善處理，達成和解,
1215,1090617,信義房屋股份有限公司,買賣,成屋,仲介業,坪數不足,妥善處理，達成和解,
1216,1090617,啟碁不動產開發有限公司,買賣,成屋,仲介業,其他,未妥善處理，與申訴人聯繫後移消保官,
1217,1090620,邱郭佩虹君,租賃,成屋,房東,擔保金(押金)返還或抵充,函告申訴人後續可行處理方式,
1218,1090622,永慶房屋仲介股份有限公司,買賣,成屋,仲介業,房屋漏水問題,妥善處理，達成和解,
1219,1090623,大壯不動產仲介有限公司,買賣,成屋,仲介業,終止委售或買賣契約,未妥善處理，與申訴人聯繫後移消保官,
1220,1090330,黃瑞富,租賃,成屋,房東,提前終止租約,妥善處理，達成和解,
1221,1090416,海悅開發股份有限公司,買賣,預售屋,仲介業,契約審閱權,未妥善處理，函告申訴人後續可行處理方式,
1222,1090422,永慶房屋仲介股份有限公司,買賣,成屋,仲介業,停車位使用權,未妥善處理，函告申訴人後續可行處理方式,
1223,1090421,凱倢房屋有限公司,買賣,成屋,仲介業,仲介公司欺罔行為,妥善處理，達成和解,
1224,1090422,許大千,租賃,成屋,房東,提前終止租約,未妥善處理，函告申訴人後續可行處理方式,
1225,1090429,愛山林建設開發股份有限公司,買賣,預售屋,建商,契約審閱權,妥善處理，達成和解,
1226,1090521,信義房屋股份有限公司,買賣,預售屋,仲介業,施工瑕疵,妥善處理，達成和解,
1227,1090529,永慶房屋仲介股份有限公司,買賣,成屋,仲介業,隱瞞重要資訊,未妥善處理，與申訴人聯繫後移消保官,
1228,1090630,永慶房屋仲介股份有限公司,買賣,成屋,仲介業,隱瞞重要資訊,未妥善處理，函告申訴人後續可行處理方式,
1229,1090630,香港商匯泓不動產投資顧問有限公司,租賃,成屋,仲介業,服務報酬爭議,函告申訴人後續可行處理方式,
1230,1090702,恆謚資產顧問有限公司,租賃,成屋,仲介業,修繕、改裝問題,未妥善處理，函告申訴人後續可行處理方式,
1231,1090515,臺灣國士林股份有限公司,租賃,成屋,房東,契約審閱權,移消保官,
1232,1090629,永慶房屋仲介股份有限公司,買賣,成屋,仲介業,「定金」返還(含斡旋金轉成定金返還),撤案,
1233,1090707,立信建設股份有限公司,買賣,預售屋,建商,開工遲延,撤案,
1234,1090707,都美建設股份有限公司,買賣,預售屋,建商,其他,撤案,
1235,1090709,鉑斯國際地產有限公司,租賃,成屋,仲介業,其他,未妥善處理，函告申訴人後續可行處理方式,
1236,1090714,蘇麗蘭,租賃,成屋,房東,定金返還,未妥善處理，函告申訴人後續可行處理方式,
1237,1090713,信義房屋股份有限公司,買賣,成屋,仲介業,終止委售或買賣契約,撤案,
1238,1090714,永慶房屋仲介股份有限公司,買賣,成屋,仲介業,隱瞞重要資訊,撤案,
1239,1090717,興富金不動產仲介有限公司,買賣,成屋,仲介業,氯離子檢測,函告申訴人後續可行處理方式,
1240,1090720,家宏建設股份有限公司,買賣,成屋,建商,其他,未妥善處理，與申訴人聯繫後移消保官,
1241,1090716,永慶房屋仲介股份有限公司,買賣,成屋,仲介業,鋼筋輻射檢測,妥善處理，達成和解,
1242,1090722,永慶房屋仲介股份有限公司,買賣,成屋,仲介業,隱瞞重要資訊,撤案,
1243,1090721,大三通不動產有限公司,租賃,成屋,仲介業,修繕、改裝問題,妥善處理，達成和解,
1244,1090721,時尚物業有限公司,租賃,成屋,仲介業,定金返還,未妥善處理，函告申訴人後續可行處理方式,
1245,1090716,家合不動產管理顧問有限公司,租賃,成屋,仲介業,擔保金(押金)返還或抵充,未妥善處理，函告申訴人後續可行處理方式,
1246,1090713,凌群不動產,租賃,成屋,仲介業,房屋使用爭議,妥善處理，達成和解,
1247,1090629,永慶房屋仲介股份有限公司,買賣,成屋,仲介業,隱瞞重要資訊,未妥善處理，函告申訴人後續可行處理方式,
1248,1090622,兆基管理顧問有限公司,租賃,成屋,仲介業,定金返還,妥善處理，達成和解,
1249,1090723,東驛建設股份有限公司,買賣,預售屋,建商,坪數不足,妥善處理，達成和解,
1250,1090720,中信房屋仲介股份有限公司,買賣,成屋,仲介業,其他,議會協商其他結論,
1251,1090709,穩懋不動產經紀有限公司,租賃,成屋,仲介業,其他,未妥善處理，函告申訴人後續可行處理方式,
1252,1090727,安全不動產仲介經紀有限公司,買賣,成屋,仲介業,隱瞞重要資訊,妥善處理，達成和解,
1253,1090729,和眾房屋有限公司,買賣,成屋,仲介業,服務報酬爭議,未妥善處理，函告申訴人後續可行處理方式,
1254,1090803,禾橋興業有限公司,租賃,成屋,仲介業,服務報酬爭議,未妥善處理，函告申訴人後續可行處理方式,
1255,1090727,張正膺,租賃,成屋,房東,定金返還,妥善處理，達成和解,
1256,1090803,永慶房屋仲介股份有限公司,買賣,成屋,仲介業,隱瞞重要資訊,妥善處理，達成和解,
1257,1090731,豫祥開發股份有限公司,買賣,成屋,建商,廣告不實,未妥善處理，函告申訴人後續可行處理方式,
1258,1090805,亞青建設,買賣,預售屋,建商,隱瞞重要資訊,未妥善處理，函告申訴人後續可行處理方式,
1259,1090806,永慶房屋仲介股份有限公司,買賣,成屋,仲介業,其他,未妥善處理，函告申訴人後續可行處理方式,
1260,1090624,格瑞資產管理顧問有限公司,租賃,成屋,包租業,修繕、改裝問題,未妥善處理，函告申訴人後續可行處理方式,
1261,1090618,英騰開發建設有限公司,買賣,預售屋,建商,其他,妥善處理，達成和解,
1262,1090528,嘉源建設股份有限公司,買賣,成屋,建商,其他,妥善處理，達成和解,
1263,1090715,永慶房屋仲介股份有限公司,買賣,成屋,仲介業,服務報酬爭議,未妥善處理，函告申訴人後續可行處理方式,
1264,1090720,兆基管理顧問股份有限公司,租賃,成屋,包租業,修繕、改裝問題,未妥善處理，函告申訴人後續可行處理方式,
1265,1090810,東森房屋股份有限公司,買賣,成屋,仲介業,隱瞞重要資訊,未妥善處理，函告申訴人後續可行處理方式,
1266,1090807,永慶房屋仲介股份有限公司,買賣,成屋,仲介業,隱瞞重要資訊,其他,
1267,1090811,兆基管理顧問股份有限公司,租賃,成屋,包租業,定金返還,未妥善處理，函告申訴人後續可行處理方式,
1268,1090813,永慶房屋仲介股份有限公司,買賣,成屋,仲介業,房屋漏水問題,未妥善處理，函告申訴人後續可行處理方式,
1269,1090813,永慶房屋仲介股份有限公司,買賣,成屋,仲介業,房屋漏水問題,妥善處理，達成和解,
1270,1090724,林怡賓,租賃,成屋,房東,修繕、改裝問題,函告申訴人後續可行處理方式,
1271,1090813,永慶房屋仲介股份有限公司,買賣,成屋,仲介業,氯離子檢測,未妥善處理，函告申訴人後續可行處理方式,
1272,1090819,黎美萍,租賃,成屋,房東,房東任意進出房屋,妥善處理，達成和解,
1273,1090803,暉騰建設股份有限公司,買賣,成屋,建商,其他,未妥善處理，函告申訴人後續可行處理方式,
1274,1090821,永慶房屋仲介股份有限公司,買賣,成屋,仲介業,房屋漏水問題,未妥善處理，與申訴人聯繫後移消保官,
1275,1090806,興富發建設股份有限公司,買賣,成屋,建商,其他,函告申訴人後續可行處理方式,
1276,1090825,信義房屋股份有限公司,買賣,成屋,仲介業,其他,妥善處理，達成和解,
1277,1090818,穩懋不動產經紀有限公司,買賣,成屋,仲介業,終止委售或買賣契約,議會協商成立,
1278,1090826,永慶房屋仲介股份有限公司,買賣,成屋,仲介業,服務報酬爭議,未妥善處理，函告申訴人後續可行處理方式,
1279,1090827,陳彥凝,租賃,成屋,房東,擔保金(押金)返還或抵充,妥善處理，達成和解,
1280,1090901,凌旺梅,租賃,成屋,房東,提前終止租約,撤案,
1281,1090813,永慶房屋仲介股份有限公司,買賣,成屋,仲介業,契約審閱權,未妥善處理，函告申訴人後續可行處理方式,
1282,1090826,金諦不動產仲介經紀有限公司,買賣,成屋,仲介業,房屋漏水問題,移消保官,
1283,1090901,住商實業股份有限公司,買賣,成屋,仲介業,施工瑕疵,未妥善處理，與申訴人聯繫後移消保官,
1284,1090828,永慶房屋仲介股份有限公司,買賣,成屋,仲介業,氯離子檢測,未妥善處理，函告申訴人後續可行處理方式,
1285,1090812,龔千惠,租賃,成屋,房東,租金調整爭議,未妥善處理，函告申訴人後續可行處理方式,
1286,1090828,新美齊股份有限公司,買賣,預售屋,建商,其他,撤案,
1287,1090903,吳武義,租賃,成屋,房東,修繕、改裝問題,未妥善處理，與申訴人聯繫後移消保官,
1288,1090907,永慶房屋仲介股份有限公司,買賣,成屋,仲介業,產權不清楚,未妥善處理，函告申訴人後續可行處理方式,
1289,1090902,昌亞不動產股份有限公司,租賃,成屋,仲介業,欠租,未妥善處理，函告申訴人後續可行處理方式,
1290,1090825,二十一世紀房地產有限公司,買賣,成屋,仲介業,隱瞞重要資訊,未妥善處理，函告申訴人後續可行處理方式,
1291,1090807,永慶房屋仲介股份有限公司,買賣,成屋,仲介業,服務報酬爭議,未妥善處理，函告申訴人後續可行處理方式,
1292,1090918,基泰建設,買賣,預售屋,建商,交屋遲延,未妥善處理，函告申訴人後續可行處理方式,
1293,1090827,永慶房屋仲介股份有限公司,買賣,成屋,仲介業,契約審閱權,未妥善處理，函告申訴人後續可行處理方式,
1294,1090923,力璞建設股份有限公司,買賣,成屋,建商,其他,未妥善處理，函告申訴人後續可行處理方式,
1295,1090923,永慶房屋仲介股份有限公司,買賣,成屋,仲介業,房屋現況說明書內容與現況不符,未妥善處理，與申訴人聯繫後移消保官,
1296,1090910,信義房屋股份有限公司,買賣,成屋,仲介業,隱瞞重要資訊,未妥善處理，函告申訴人後續可行處理方式,
1297,1091007,新聯昌廣告股份有限公司,買賣,預售屋,代銷業,隱瞞重要資訊,其他,
1298,1091012,永慶房屋仲介股份有限公司,買賣,成屋,仲介業,服務報酬爭議,妥善處理，達成和解,
1299,1090923,二十一世紀房地產有限公司,買賣,成屋,仲介業,契約審閱權,撤案,
1300,1090917,創意家行銷股份有限公司,買賣,成屋,代銷業,隱瞞重要資訊,未妥善處理，與申訴人聯繫後移消保官,
1301,1091007,興富金不動產仲介有限公司,買賣,成屋,仲介業,隱瞞重要資訊,撤案,
1302,1091019,張宗明,租賃,成屋,房東,擔保金(押金)返還或抵充,未妥善處理，函告申訴人後續可行處理方式,
1303,1090923,時尚物業有限公司,租賃,成屋,包租業,提前終止租約,未妥善處理，函告申訴人後續可行處理方式,
1304,1091022,大大不動產有限公司,租賃,成屋,仲介業,服務報酬爭議,未妥善處理，函告申訴人後續可行處理方式,
1305,1090929,永慶房屋仲介股份有限公司,買賣,成屋,仲介業,「定金」返還(含斡旋金轉成定金返還),妥善處理，達成和解,
1306,1091027,皇冠不動產有限公司,租賃,成屋,仲介業,提前終止租約,未妥善處理，函告申訴人後續可行處理方式,
1307,1091023,中信房屋仲介股份有限公司,買賣,成屋,仲介業,終止委售或買賣契約,未妥善處理，函告申訴人後續可行處理方式,
1308,1091028,高炳益君,買賣,成屋,其他,氯離子檢測,議會協商其他結論,
1309,1091019,住商實業股份有限公司,租賃,成屋,仲介業,租金調整爭議,移消保官,
1310,1091008,信義房屋股份有限公司,買賣,成屋,仲介業,隱瞞重要資訊,妥善處理，達成和解,
1311,1091103,永慶房屋仲介股份有限公司,買賣,成屋,仲介業,服務報酬爭議,未妥善處理，函告申訴人後續可行處理方式,
1312,1091029,永慶房屋仲介股份有限公司,買賣,成屋,仲介業,「定金」返還(含斡旋金轉成定金返還),撤案,
1313,1091110,泉欣房屋仲介有限公司,買賣,成屋,仲介業,隱瞞重要資訊,未妥善處理，函告申訴人後續可行處理方式,
1314,1091110,永慶房屋仲介股份有限公司,買賣,成屋,仲介業,房屋漏水問題,未妥善處理，函告申訴人後續可行處理方式,
1315,1091109,沈淑滿君,租賃,成屋,房東,擔保金(押金)返還或抵充,移消保官,
1316,1091105,好厝多不動產經紀股份有限公司,買賣,成屋,仲介業,服務報酬爭議,妥善處理，達成和解,
1317,1091112,暐傑建設股份有限公司,買賣,預售屋,建商,有關稅費爭議,妥善處理，達成和解,
1318,1091119,傑創不動產仲介經紀有限公司,買賣,成屋,仲介業,契約審閱權,妥善處理，達成和解,
1319,1091119,安鋅不動產仲介經紀有限公司,買賣,成屋,仲介業,隱瞞重要資訊,議會協商其他結論,
1320,1091123,采億不動產股份有限公司,買賣,成屋,仲介業,房屋漏水問題,未妥善處理，函告申訴人後續可行處理方式,
1321,1091027,信義房屋股份有限公司,買賣,成屋,仲介業,隱瞞重要資訊,妥善處理，達成和解,
1322,1081224,永禾房屋有限公司,租賃,成屋,仲介業,仲介業欺罔行為,未妥善處理，與申訴人聯繫後移消保官,
1323,1090325,力璞建設股份有限公司,買賣,預售屋,建商,契約審閱權,未妥善處理，函告申訴人後續可行處理方式,
1324,1090605,匯懋建設股份有限公司,買賣,預售屋,建商,交屋遲延,未妥善處理，函告申訴人後續可行處理方式,
1325,1090616,永慶房屋仲介股份有限公司,買賣,成屋,仲介業,隱瞞重要資訊,妥善處理，達成和解,
1326,1090707,鼎晟不動產開發股份有限公司,租賃,成屋,包租業,提前終止租約,妥善處理，達成和解,
1327,1090902,立信偉業股份有限公司,買賣,預售屋,建商,其他,未妥善處理，函告申訴人後續可行處理方式,
1328,1090923,家合不動產管理顧問有限公司,租賃,成屋,仲介業,違約金爭議,未妥善處理，函告申訴人後續可行處理方式,
1329,1090929,基泰建設,買賣,成屋,建商,交屋遲延,未妥善處理，函告申訴人後續可行處理方式,
1330,1091007,永慶房屋仲介股份有限公司,買賣,成屋,仲介業,房屋漏水問題,未妥善處理，與申訴人聯繫後移消保官,
1331,1091007,建帝不動產經紀有限公司,買賣,成屋,仲介業,契約審閱權,妥善處理，達成和解,
1332,1091022,永立地產開發有限公司,買賣,成屋,仲介業,房屋現況說明書內容與現況不符,未妥善處理，與申訴人聯繫後移消保官,
1333,1091029,永慶房屋仲介股份有限公司,買賣,成屋,仲介業,標的物貸款問題,未妥善處理，函告申訴人後續可行處理方式,
1334,1091109,信義房屋股份有限公司,買賣,成屋,仲介業,房屋漏水問題,妥善處理，達成和解,
1335,1091118,永慶房屋仲介股份有限公司,買賣,成屋,仲介業,服務報酬爭議,未妥善處理，函告申訴人後續可行處理方式,
1336,1091120,良茂建設,買賣,預售屋,建商,其他,妥善處理，達成和解,
1337,1090902,信義房屋股份有限公司,買賣,成屋,仲介業,要約書之使用,議會協商其他結論,
1338,1091106,信義房屋股份有限公司,買賣,預售屋,仲介業,其他,未妥善處理，函告申訴人後續可行處理方式,
1339,1091130,白庚道君,租賃,成屋,房東,定金返還,函告申訴人後續可行處理方式,
1340,1091203,永慶房屋仲介股份有限公司,買賣,成屋,仲介業,屋頂使用權與產權爭議,未妥善處理，函告申訴人後續可行處理方式,
1341,1091208,林瓊珠,租賃,成屋,房東,其他,妥善處理，達成和解,
1342,1091214,永慶房屋仲介股份有限公司,買賣,成屋,仲介業,房屋漏水問題,妥善處理，達成和解,
1343,1091207,莊以敬,買賣,成屋,地政士,標的物貸款問題,未妥善處理，函告申訴人後續可行處理方式,
1344,1091130,標柱房屋仲介股份有限公司,買賣,成屋,仲介業,隱瞞重要資訊,未妥善處理，函告申訴人後續可行處理方式,
1345,1091217,永慶房屋仲介股份有限公司,買賣,成屋,仲介業,其他,未妥善處理，函告申訴人後續可行處理方式,
1346,1091217,冠德建設,買賣,預售屋,建商,坪數不足,消費者自行提起二次申訴,
1347,1091222,大大不動產有限公司,買賣,成屋,仲介業,「定金」返還(含斡旋金轉成定金返還),撤案,
1348,1091223,永慶房屋仲介股份有限公司,買賣,成屋,仲介業,房屋漏水問題,撤案,
1349,1091228,吳先健,租賃,成屋,房東,終止委租契約爭議,函告申訴人後續可行處理方式,
1350,1091125,兆基管理顧問股份有限公司,租賃,成屋,包租業,租金調整爭議,未妥善處理，函告申訴人後續可行處理方式,
1351,1091229,信義房屋股份有限公司,買賣,成屋,仲介業,隱瞞重要資訊,撤案,
1352,1091221,信實不動產顧問有限公司,買賣,成屋,仲介業,交屋遲延,撤案,
1353,1091216,永慶房屋仲介股份有限公司,買賣,成屋,仲介業,契約審閱權,未妥善處理，函告申訴人後續可行處理方式,
1354,1100107,楊詠帆,租賃,成屋,房東,提前終止租約,撤案,
1355,1100111,永慶房屋仲介股份有限公司,買賣,成屋,仲介業,契約審閱權,妥善處理，達成和解,
1356,1091230,竹城建設股份有限公司,買賣,成屋,建商,其他,撤案,
1357,1100111,堡勤不動產仲介經紀有限公司,買賣,成屋,仲介業,房屋漏水問題,未妥善處理，函告申訴人後續可行處理方式,
1358,1100119,郭容儀,租賃,成屋,房東,修繕、改裝問題,未妥善處理，函告申訴人後續可行處理方式,
1359,1100118,英騰開發建設有限公司,買賣,預售屋,建商,交屋遲延,議會協商其他結論,
1360,1100122,立築開發股份有限公司,買賣,預售屋,建商,隱瞞重要資訊,未妥善處理，函告申訴人後續可行處理方式,
1361,1100121,信義房屋股份有限公司,買賣,成屋,仲介業,隱瞞重要資訊,撤案,
1362,1091231,永慶房屋仲介股份有限公司,買賣,成屋,仲介業,終止委售或買賣契約,妥善處理，達成和解,
1363,1100128,甲山林廣告股份有限公司,買賣,預售屋,代銷業,其他,撤案,
1364,1100107,穩懋不動產經紀有限公司,買賣,成屋,仲介業,隱瞞重要資訊,未妥善處理，函告申訴人後續可行處理方式,
1365,1100114,信義房屋股份有限公司,買賣,成屋,仲介業,仲介公司欺罔行為,妥善處理，達成和解,
1366,1100111,家信資產管理顧問有限公司,買賣,成屋,仲介業,「定金」返還(含斡旋金轉成定金返還),未妥善處理，函告申訴人後續可行處理方式,
1367,1100127,都市房屋仲介有限公司,租賃,成屋,仲介業,修繕、改裝問題,未妥善處理，函告申訴人後續可行處理方式,
1368,1100203,永慶房屋仲介股份有限公司,買賣,成屋,仲介業,終止委售或買賣契約,其他,
1369,1091230,蔡嘉雲,租賃,成屋,房東,提前終止租約,函告申訴人後續可行處理方式,
1370,1091216,榮騰建設有限公司,買賣,成屋,仲介業,屋頂使用權與產權爭議,撤案,
1371,1091203,永慶房屋仲介股份有限公司,買賣,成屋,仲介業,屋頂使用權與產權爭議,撤案,
1372,1091119,信義房屋股份有限公司,買賣,成屋,仲介業,「定金」返還(含斡旋金轉成定金返還),未妥善處理，函告申訴人後續可行處理方式,
1373,1091007,永慶房屋仲介股份有限公司,買賣,成屋,仲介業,契約審閱權,未妥善處理，函告申訴人後續可行處理方式,
1374,1091019,房東A,租賃,成屋,房東,提前終止租約,函告申訴人後續可行處理方式,
1375,1091008,信義房屋股份有限公司,買賣,成屋,仲介業,停車位使用權,妥善處理，達成和解,
1376,1100205,耕薪都市更新公司,買賣,預售屋,建商,坪數不足,未妥善處理，函告申訴人後續可行處理方式,
1377,1100208,劉懿德,租賃,成屋,房東,擔保金(押金)返還或抵充,妥善處理，達成和解,
1378,1100204,永勝住宅有限公司,租賃,成屋,代管業,服務報酬爭議,函告申訴人後續可行處理方式,
1379,1100112,住信房屋仲介股份有限公司,買賣,成屋,仲介業,「定金」返還(含斡旋金轉成定金返還),未妥善處理，函告申訴人後續可行處理方式,
1380,1100205,徐綺霞,租賃,成屋,房東,修繕、改裝問題,移消保官,
1381,1100122,享富安居企業有限公司,租賃,成屋,包租業,其他,函告申訴人後續可行處理方式,
1382,1100205,張允硯,租賃,成屋,房東,擔保金(押金)返還或抵充,函告申訴人後續可行處理方式,
1383,1100218,巨旦房屋有限公司,租賃,成屋,仲介業,擔保金(押金)返還或抵充,妥善處理，達成和解,
1384,1100218,信義房屋股份有限公司,買賣,成屋,仲介業,「定金」返還(含斡旋金轉成定金返還),未妥善處理，函告申訴人後續可行處理方式,
1385,1100222,永慶房屋仲介股份有限公司,買賣,成屋,仲介業,房屋漏水問題,妥善處理，達成和解,
1386,1100222,信義房屋股份有限公司,買賣,成屋,仲介業,施工瑕疵,消費者自行提起二次申訴,
1387,1100222,創義房屋仲介有限公司,買賣,成屋,仲介業,仲介公司欺罔行為,移消保官,
1388,1100226,永慶房屋仲介股份有限公司,買賣,成屋,仲介業,賺取差價,妥善處理，達成和解,
1389,1100302,陳柳吟,租賃,成屋,房東,擔保金(押金)返還或抵充,撤案,
1390,1100205,潤石建設股份有限公司,買賣,成屋,建商,其他,妥善處理，達成和解,
1391,1100120,劉周介齡,租賃,成屋,房東,提前終止租約,函告申訴人後續可行處理方式,
1392,1100205,信義房屋股份有限公司,買賣,成屋,仲介業,仲介公司欺罔行為,移消保官,
1393,1100217,永慶房屋仲介股份有限公司,買賣,成屋,仲介業,氯離子檢測,妥善處理，達成和解,
1394,1100219,好厝多不動產經紀股份有限公司,買賣,成屋,仲介業,房屋漏水問題,妥善處理，達成和解,
1395,1100311,永慶房屋仲介股份有限公司,買賣,成屋,仲介業,交屋遲延,妥善處理，達成和解,
1396,1100312,永慶房屋仲介股份有限公司,買賣,成屋,仲介業,終止委售或買賣契約,妥善處理，達成和解,
1397,1100305,信義房屋股份有限公司,買賣,成屋,仲介業,房屋漏水問題,撤案,
1398,1100218,永慶房屋仲介股份有限公司,買賣,成屋,仲介業,服務報酬爭議,妥善處理，達成和解,
1399,1100316,萬國綜合開發股份有限公司,租賃,成屋,房東,提前終止租約,未妥善處理，函告申訴人後續可行處理方式,
1400,1100318,林美親君,租賃,成屋,房東,其他,函告申訴人後續可行處理方式,
1401,1100319,東森房屋股份有限公司,買賣,成屋,仲介業,交屋遲延,議會協商不成立,
1402,1100319,凱崴不動產有限公司,買賣,成屋,仲介業,隱瞞重要資訊,其他,
1403,1100224,長頸鹿不動產經紀有限公司,租賃,成屋,仲介業,服務報酬爭議,未妥善處理，函告申訴人後續可行處理方式,
1404,1100223,英騰開發建設有限公司,買賣,預售屋,建商,交屋遲延,函告申訴人後續可行處理方式,
1405,1100226,信義房屋股份有限公司,買賣,成屋,仲介業,隱瞞重要資訊,未妥善處理，函告申訴人後續可行處理方式,
1406,1100319,興富發建設股份有限公司,買賣,預售屋,建商,其他,未妥善處理，與申訴人聯繫後移消保官,
1407,1100325,安勝房屋仲介經紀有限公司,買賣,成屋,仲介業,服務報酬爭議,撤案,
1408,1100319,東森房屋股份有限公司,買賣,成屋,仲介業,交屋遲延,議會協商其他結論,
1409,1100329,樂居科技股份有限公司,租賃,成屋,仲介業,擔保金(押金)返還或抵充,妥善處理，達成和解,
1410,1100311,康景建設股份有限公司,買賣,預售屋,建商,其他,移消保官,
1411,1100324,永慶房屋仲介股份有限公司,買賣,成屋,仲介業,契約審閱權,妥善處理，達成和解,
1412,1100406,永慶房屋仲介股份有限公司,買賣,成屋,仲介業,服務報酬爭議,撤案,
1413,1100318,高群開發有限公司,買賣,預售屋,建商,「定金」返還(含斡旋金轉成定金返還),未妥善處理，與申訴人聯繫後移消保官,
1414,1091222,永慶房屋仲介股份有限公司,買賣,成屋,仲介業,標的物貸款問題,未妥善處理，函告申訴人後續可行處理方式,
1415,1100203,呂淑婉,租賃,成屋,房東,擔保金(押金)返還或抵充,移消保官,
1416,1100317,大師國際不動產股份有限公司,買賣,成屋,仲介業,房屋漏水問題,撤案,
1417,1100305,永慶房屋仲介股份有限公司,買賣,成屋,仲介業,氯離子檢測,妥善處理，達成和解,
1418,1100223,永慶房屋仲介股份有限公司,買賣,成屋,仲介業,房屋漏水問題,妥善處理，達成和解,
1419,1100406,潤隆建設股份有限公司,買賣,預售屋,建商,標的物貸款問題,未妥善處理，與申訴人聯繫後移消保官,
1420,1100407,永慶房屋仲介股份有限公司,買賣,成屋,仲介業,房屋漏水問題,未妥善處理，函告申訴人後續可行處理方式,
1421,1100106,林姝儀,租賃,成屋,房東,擔保金(押金)返還或抵充,妥善處理，達成和解,
1422,1100119,全嘉莉,租賃,成屋,房東,擔保金(押金)返還或抵充,未妥善處理，函告申訴人後續可行處理方式,
1423,1100205,信義房屋股份有限公司,買賣,成屋,仲介業,停車位面積,妥善處理，達成和解,
1424,1100302,永慶房屋仲介股份有限公司,買賣,成屋,仲介業,仲介「斡旋金」返還,妥善處理，達成和解,
1425,1100318,出國租股份有限公司,租賃,成屋,房東,定金返還,移消保官,
1426,1100325,府尚不動產仲介經紀有限公司,買賣,成屋,仲介業,房屋漏水問題,未妥善處理，函告申訴人後續可行處理方式,
1427,1100409,國揚實業股份有限公司,買賣,預售屋,建商,其他,未妥善處理，與申訴人聯繫後移消保官,
1428,1100409,太平洋建設股份有限公司,買賣,預售屋,建商,其他,未妥善處理，函告申訴人後續可行處理方式,
1429,1100412,主從企業社,買賣,成屋,仲介業,房屋漏水問題,未妥善處理，函告申訴人後續可行處理方式,
1430,1100414,新潤興業股份有限公司,買賣,預售屋,建商,其他,妥善處理，達成和解,
1431,1100419,慶隆開發股份有限公司,買賣,預售屋,建商,建材設備不符,未妥善處理，函告申訴人後續可行處理方式,
1432,1100416,家居建設股份有限公司,買賣,成屋,建商,建材設備不符,未妥善處理，函告申訴人後續可行處理方式,
1433,1100419,誠美建築開發股份有限公司,買賣,預售屋,建商,有關稅費爭議,未妥善處理，與申訴人聯繫後移消保官,
1434,1100422,熊葳羚,租賃,成屋,房東,修繕、改裝問題,未妥善處理，函告申訴人後續可行處理方式,
1435,1100422,永慶房屋仲介股份有限公司,買賣,成屋,仲介業,房屋漏水問題,妥善處理，達成和解,
1436,1100421,新潤興業股份有限公司,買賣,預售屋,建商,廣告不實,未妥善處理，函告申訴人後續可行處理方式,
1437,1100419,宅通不動產經紀有限公司,買賣,成屋,仲介業,交屋遲延,未妥善處理，與申訴人聯繫後移消保官,
1438,1100412,鼓玄建設股份有限公司,買賣,預售屋,建商,交屋遲延,妥善處理，達成和解,
1439,1100503,慶隆開發股份有限公司,買賣,預售屋,建商,施工瑕疵,撤案,
1440,1100429,鉑斯國際地產有限公司,租賃,成屋,仲介業,其他,撤案,
1441,1100430,呂碧香,租賃,成屋,房東,定金返還,函告申訴人後續可行處理方式,
1442,1100414,永慶房屋仲介股份有限公司,買賣,成屋,仲介業,隱瞞重要資訊,妥善處理，達成和解,
1443,1100507,林雅慧,租賃,成屋,房東,提前終止租約,妥善處理，達成和解,
1444,1100504,住信房屋仲介股份有限公司,買賣,成屋,仲介業,房屋現況說明書內容與現況不符,撤案,
1445,1100422,有為不動產經紀股份有限公司,租賃,成屋,仲介業,擔保金(押金)返還或抵充,未妥善處理，函告申訴人後續可行處理方式,
1446,1100506,信義房屋股份有限公司,買賣,成屋,仲介業,「定金」返還(含斡旋金轉成定金返還),撤案,
1447,1100512,鈜富開發股份有限公司,買賣,預售屋,建商,有關稅費爭議,妥善處理，達成和解,
1448,1100510,億龍資產管理股份有限公司,租賃,成屋,仲介業,擔保金(押金)返還或抵充,未妥善處理，函告申訴人後續可行處理方式,
1449,1100512,新潤興業股份有限公司,買賣,預售屋,建商,停車位使用權,妥善處理，達成和解,
1450,1100514,永慶房屋仲介股份有限公司,買賣,成屋,仲介業,服務報酬爭議,未妥善處理，函告申訴人後續可行處理方式,
1451,1100512,永慶房屋仲介股份有限公司,買賣,成屋,仲介業,未提供要約書或斡旋契約選擇,撤案,
1452,1100513,永慶房屋仲介股份有限公司,買賣,成屋,仲介業,隱瞞重要資訊,妥善處理，達成和解,
1453,1100507,永慶房屋仲介股份有限公司,買賣,成屋,仲介業,隱瞞重要資訊,妥善處理，達成和解,
1454,1100429,左豔蘭,租賃,成屋,房東,修繕、改裝問題,未妥善處理，函告申訴人後續可行處理方式,
1455,1100528,大江國際不動產開發股份有限公司,買賣,成屋,仲介業,隱瞞重要資訊,未妥善處理，與申訴人聯繫後移消保官,
1456,1100513,汪雅婷,租賃,成屋,房東,修繕、改裝問題,未妥善處理，函告申訴人後續可行處理方式,
1457,1100521,永慶房屋仲介股份有限公司,買賣,成屋,仲介業,房屋漏水問題,妥善處理，達成和解,
1458,1100517,喬新不動產股份有限公司,租賃,成屋,仲介業,契約提供設備與現況不符,妥善處理，達成和解,
1459,1100512,新潤建設股份有限公司,買賣,預售屋,建商,「定金」返還(含斡旋金轉成定金返還),妥善處理，達成和解,
1460,1100507,永慶房屋仲介股份有限公司,買賣,成屋,仲介業,其他,妥善處理，達成和解,
1461,1100412,永慶房屋仲介股份有限公司,買賣,成屋,仲介業,房屋漏水問題,妥善處理，達成和解,
1462,1100106,林姝儀,租賃,成屋,房東,提前終止租約,妥善處理，達成和解,
1463,1100106,林姝儀,租賃,成屋,房東,提前終止租約,妥善處理，達成和解,
1464,1100525,信義房屋股份有限公司,買賣,成屋,仲介業,終止委售或買賣契約,撤案,
1465,1100521,林靜鈺,租賃,成屋,房東,擔保金(押金)返還或抵充,函告申訴人後續可行處理方式,
1466,1100409,永慶房屋仲介股份有限公司,買賣,成屋,仲介業,停車位使用權,本局協商會，未達成協議,
1467,1100513,信義房屋股份有限公司,買賣,成屋,仲介業,停車位使用權,撤案,
1468,1100511,浩鼎國際有限公司,租賃,成屋,非不動產服務業,修繕、改裝問題,函告申訴人後續可行處理方式,
1469,1100503,永慶房屋仲介股份有限公司,買賣,成屋,仲介業,停車位使用權,妥善處理，達成和解,
1470,1100428,何曉婷,租賃,成屋,房東,提前終止租約,妥善處理，達成和解,
1471,1100419,郝秀蘭,租賃,成屋,房東,擔保金(押金)返還或抵充,移消保官,
1472,1100414,永慶房屋仲介股份有限公司,買賣,成屋,仲介業,建材設備不符,妥善處理，達成和解,
1473,1100601,黃政源,租賃,成屋,房東,擔保金(押金)返還或抵充,移消保官,
1474,1100511,永慶房屋仲介股份有限公司,買賣,成屋,仲介業,隱瞞重要資訊,妥善處理，達成和解,
1475,1100521,家合不動產管理顧問有限公司,租賃,成屋,仲介業,定金返還,妥善處理，達成和解,
1476,1100607,台灣好房有限公司,租賃,成屋,仲介業,其他,未妥善處理，函告申訴人後續可行處理方式,
1477,1100611,馬玉芳,租賃,成屋,房東,擔保金(押金)返還或抵充,未妥善處理，與申訴人聯繫後移消保官,
1478,1100615,鉑斯國際地產有限公司,租賃,成屋,仲介業,服務報酬爭議,未妥善處理，函告申訴人後續可行處理方式,
1479,110,信義房屋股份有限公司,買賣,成屋,仲介業,房屋漏水問題,妥善處理，達成和解,
1480,1100623,凌群不動產管理顧問有限公司,租賃,成屋,代管業,水電、瓦斯及管理費負擔爭議,未妥善處理，函告申訴人後續可行處理方式,
1481,1100628,曾皓綱,租賃,成屋,房東,擔保金(押金)返還或抵充,未妥善處理，函告申訴人後續可行處理方式,
1482,1100621,梁晴惠,租賃,成屋,房東,限制房客申報租賃費用支出,未妥善處理，與申訴人聯繫後移消保官,
1483,1100628,聯邦億達有限公司,租賃,成屋,其他,房屋點交或返還,函告申訴人後續可行處理方式,
1484,1100630,永慶房屋仲介股份有限公司,買賣,成屋,仲介業,終止委售或買賣契約,妥善處理，達成和解,
1485,1100701,信義房屋股份有限公司,買賣,成屋,仲介業,房屋漏水問題,妥善處理，達成和解,
1486,1100709,杜淑徵,租賃,成屋,房東,其他,未妥善處理，函告申訴人後續可行處理方式,
1487,1100709,立信建設股份有限公司,買賣,預售屋,建商,終止委售或買賣契約,未妥善處理，函告申訴人後續可行處理方式,
1488,1100701,元興建設股份有限公司,買賣,預售屋,建商,工程結構及公共工程安全問題,撤案,
1489,1100705,誠美建築開發股份有限公司,買賣,預售屋,建商,交屋遲延,未妥善處理，與申訴人聯繫後移消保官,
1490,1100615,信義房屋股份有限公司,買賣,成屋,仲介業,房屋漏水問題,妥善處理，達成和解,
1491,1100714,馬青山君,租賃,成屋,房東,擔保金(押金)返還或抵充,函告申訴人後續可行處理方式,
1492,1100719,生活製所開發實踐有限公司,買賣,成屋,建商,房屋漏水問題,未妥善處理，函告申訴人後續可行處理方式,
1493,1100719,達葳建設股份有限公司,買賣,成屋,建商,標的物貸款問題,未妥善處理，與申訴人聯繫後移消保官,
1494,1100714,永慶房屋仲介股份有限公司,買賣,成屋,仲介業,隱瞞重要資訊,妥善處理，達成和解,
1495,1100601,信義房屋股份有限公司,買賣,成屋,仲介業,標的物貸款問題,撤案,
1496,1100615,永慶房屋仲介股份有限公司,買賣,成屋,仲介業,標的物貸款問題,妥善處理，達成和解,
1497,1100602,台灣房屋仲介股份有限公司,買賣,成屋,仲介業,產權不清楚,未妥善處理，函告申訴人後續可行處理方式,
1498,1100720,誠美建築開發股份有限公司,買賣,預售屋,建商,其他,未妥善處理，函告申訴人後續可行處理方式,
1499,1100709,北吉房屋仲介有限公司,買賣,成屋,仲介業,「定金」返還(含斡旋金轉成定金返還),未妥善處理，函告申訴人後續可行處理方式,
1500,1100629,巨大不動產仲介經紀有限公司,買賣,成屋,仲介業,房屋漏水問題,未妥善處理，函告申訴人後續可行處理方式,
1501,1100622,信義房屋股份有限公司,買賣,成屋,仲介業,其他,未妥善處理，函告申訴人後續可行處理方式,
1502,1100723,永慶房屋仲介股份有限公司,買賣,成屋,仲介業,契約審閱權,消費者自行提起二次申訴,
1503,1100713,永慶房屋仲介股份有限公司,買賣,成屋,仲介業,隱瞞重要資訊,妥善處理，達成和解,
1504,1100730,永慶房屋仲介股份有限公司,買賣,成屋,仲介業,交屋遲延,妥善處理，達成和解,
1505,1100803,誠美建築開發股份有限公司,買賣,預售屋,建商,開工遲延,未妥善處理，函告申訴人後續可行處理方式,
1506,1100708,達欣工程股份有限公司,買賣,預售屋,建商,停車位價金,未妥善處理，函告申訴人後續可行處理方式,
1507,1100727,誠美建築開發股份有限公司,買賣,預售屋,建商,交屋遲延,未妥善處理，與申訴人聯繫後移消保官,
1508,1100622,李貞儀,租賃,成屋,房東,擔保金(押金)返還或抵充,函告申訴人後續可行處理方式,
1509,1100616,高建中,租賃,成屋,房東,擔保金(押金)返還或抵充,函告申訴人後續可行處理方式,
1510,1100730,崧誠不動產仲介有限公司,買賣,成屋,仲介業,隱瞞重要資訊,未妥善處理，函告申訴人後續可行處理方式,
1511,1100802,太鼎不動產仲介經紀有限公司,買賣,成屋,仲介業,隱瞞重要資訊,議會協商其他結論,
1512,1100719,陳龍峰,租賃,成屋,房東,修繕、改裝問題,妥善處理，達成和解,
1513,1100810,信義房屋股份有限公司,買賣,成屋,仲介業,「定金」返還(含斡旋金轉成定金返還),妥善處理，達成和解,
1514,1100809,永慶房屋仲介股份有限公司,買賣,成屋,仲介業,服務報酬爭議,撤案,
1515,1100811,麗陽股份有限公司,租賃,成屋,包租業,擔保金(押金)返還或抵充,撤案,
1516,1100811,信義房屋股份有限公司,買賣,成屋,仲介業,隱瞞重要資訊,未妥善處理，與申訴人聯繫後移消保官,
1517,1100720,永慶房屋仲介股份有限公司,買賣,成屋,仲介業,一屋二賣,妥善處理，達成和解,
1518,1100817,信義房屋股份有限公司,買賣,成屋,仲介業,房屋現況說明書內容與現況不符,未妥善處理，函告申訴人後續可行處理方式,
1519,1100603,永慶房屋仲介股份有限公司,買賣,成屋,仲介業,房屋漏水問題,妥善處理，達成和解,
1520,1100729,永慶房屋仲介股份有限公司,買賣,成屋,仲介業,房屋漏水問題,妥善處理，達成和解,
1521,1100810,永慶房屋仲介股份有限公司,買賣,成屋,仲介業,建物不符容積率規定,妥善處理，達成和解,
1522,1100816,昌亞不動產股份有限公司,買賣,成屋,仲介業,仲介「斡旋金」返還,妥善處理，達成和解,
1523,1100816,大展事業有限公司,買賣,成屋,仲介業,隱瞞重要資訊,撤案,
1524,1100816,劉家苓君,租賃,成屋,房東,擔保金(押金)返還或抵充,未妥善處理，函告申訴人後續可行處理方式,
1525,1100820,壕華建設股份有限公司,買賣,預售屋,建商,有關稅費爭議,移消保官,
1526,1100726,許琴文,租賃,成屋,房東,擔保金(押金)返還或抵充,撤案,
1527,1100811,信義房屋股份有限公司,買賣,成屋,仲介業,終止委售或買賣契約,本局協商會，達成協議和解,
1528,1100809,永慶房屋仲介股份有限公司,買賣,成屋,仲介業,契約審閱權,妥善處理，達成和解,
1529,1100818,員旺建設股份有限公司,買賣,預售屋,建商,終止委售或買賣契約,妥善處理，達成和解,
1530,1100825,信義房屋股份有限公司,買賣,成屋,仲介業,終止委售或買賣契約,本局協商會，達成協議和解,
1531,1100820,台灣房屋仲介股份有限公司,買賣,成屋,仲介業,房屋漏水問題,未妥善處理，函告申訴人後續可行處理方式,
1532,1100825,鴻運通股份有限公司,買賣,成屋,仲介業,房屋漏水問題,未妥善處理，與申訴人聯繫後移消保官,
1533,1100827,遠雄建設事業股份有限公司,買賣,成屋,建商,房屋漏水問題,函告申訴人後續可行處理方式,
1534,1100811,賴燦輝,租賃,成屋,房東,定金返還,未妥善處理，函告申訴人後續可行處理方式,
1535,1100817,陳昭光,租賃,成屋,房東,水電、瓦斯及管理費負擔爭議,未妥善處理，函告申訴人後續可行處理方式,
1536,1100816,洪秋如,租賃,成屋,房東,擔保金(押金)返還或抵充,未妥善處理，函告申訴人後續可行處理方式,
1537,1100802,信義房屋股份有限公司,買賣,成屋,仲介業,隱瞞重要資訊,妥善處理，達成和解,
1538,1100809,家樂福資產管理有限公司,買賣,成屋,仲介業,其他,未妥善處理，函告申訴人後續可行處理方式,
1539,1100902,永慶房屋仲介股份有限公司,買賣,成屋,仲介業,鋼筋輻射檢測,未妥善處理，與申訴人聯繫後移消保官,
1540,1100902,信義房屋股份有限公司,買賣,成屋,仲介業,其他,妥善處理，達成和解,
1541,1100901,富地不動產仲介經紀有限公司,買賣,成屋,仲介業,隱瞞重要資訊,撤案,
1542,1100831,兆基管理顧問股份有限公司,租賃,成屋,包租業,擔保金(押金)返還或抵充,妥善處理，達成和解,
1543,1100906,馬青山君,租賃,成屋,房東,擔保金(押金)返還或抵充,未妥善處理，函告申訴人後續可行處理方式,
1544,1100726,信義房屋股份有限公司,買賣,成屋,仲介業,氯離子檢測,移消保官,
1545,1100809,信義房屋股份有限公司,買賣,成屋,仲介業,服務報酬爭議,移消保官,
1546,1100707,信義房屋股份有限公司,買賣,成屋,仲介業,其他,妥善處理，達成和解,
1547,1100713,香港商匯泓不動產投資顧問有限公司,租賃,成屋,仲介業,隱瞞重要資訊,未妥善處理，與申訴人聯繫後移消保官,
1548,1100719,信義房屋股份有限公司,買賣,成屋,仲介業,停車位使用權,未妥善處理，與申訴人聯繫後移消保官,
1549,1100824,信義房屋股份有限公司,買賣,成屋,仲介業,隱瞞重要資訊,妥善處理，達成和解,
1550,1100907,信義房屋股份有限公司,買賣,成屋,仲介業,服務報酬爭議,未妥善處理，函告申訴人後續可行處理方式,
1551,1100818,聯上開發股份有限公司,買賣,預售屋,建商,停車位使用權,未妥善處理，與申訴人聯繫後移消保官,
1552,1100831,巨大不動產仲介經紀有限公司,買賣,成屋,仲介業,隱瞞重要資訊,妥善處理，達成和解,
1553,1100820,合億房屋仲介有限公司,買賣,成屋,仲介業,房屋現況說明書內容與現況不符,妥善處理，達成和解,
1554,1100902,信義房屋股份有限公司,買賣,成屋,仲介業,其他,撤案,
1555,1100606,貴族地產股份有限公司,買賣,成屋,仲介業,隱瞞重要資訊,函告申訴人後續可行處理方式,
1556,1100910,陳迪元,租賃,成屋,房東,擔保金(押金)返還或抵充,移消保官,
1557,1100915,新聯陽實業股份有限公司,買賣,預售屋,代銷業,「定金」返還(含斡旋金轉成定金返還),未妥善處理，函告申訴人後續可行處理方式,
1558,1100915,永慶房屋仲介股份有限公司,買賣,成屋,仲介業,有關稅費爭議,妥善處理，達成和解,
1559,1100903,永慶房屋仲介股份有限公司,租賃,成屋,仲介業,提前終止租約,撤案,
1560,1100923,三勝房屋經紀企業社,買賣,成屋,仲介業,「定金」返還(含斡旋金轉成定金返還),未妥善處理，函告申訴人後續可行處理方式,
1561,1100913,潤泰創新,買賣,預售屋,建商,「定金」返還(含斡旋金轉成定金返還),妥善處理，達成和解,
1562,1100923,甲山林建設,買賣,預售屋,建商,「定金」返還(含斡旋金轉成定金返還),妥善處理，達成和解,
1563,1100903,永慶房屋仲介股份有限公司,買賣,成屋,仲介業,其他,妥善處理，達成和解,
1564,1100929,信義房屋股份有限公司,買賣,成屋,仲介業,「定金」返還(含斡旋金轉成定金返還),妥善處理，達成和解,
1565,1100930,儀居房地產經紀股份有限公司,買賣,成屋,仲介業,終止委售或買賣契約,妥善處理，達成和解,
1566,1100930,信義房屋股份有限公司,買賣,成屋,仲介業,鋼筋輻射檢測,未妥善處理，函告申訴人後續可行處理方式,
1567,1100907,泉欣房屋仲介有限公司,買賣,成屋,仲介業,房屋漏水問題,未妥善處理，函告申訴人後續可行處理方式,
1568,1100907,誼悅不動產有限公司,買賣,成屋,仲介業,服務報酬爭議,未妥善處理，函告申訴人後續可行處理方式,
1569,1101006,汎利建設股份有限公司,買賣,預售屋,建商,「定金」返還(含斡旋金轉成定金返還),未妥善處理，函告申訴人後續可行處理方式,
1570,1101005,新高智廣告有限公司,買賣,預售屋,建商,終止委售或買賣契約,撤案,
1571,1101004,寄居蟹租屋股份有限公司,租賃,成屋,包租業,擔保金(押金)返還或抵充,未妥善處理，與申訴人聯繫後移消保官,
1572,1100922,永慶房屋仲介股份有限公司,買賣,成屋,仲介業,隱瞞重要資訊,妥善處理，達成和解,
1573,1101008,信義房屋股份有限公司,買賣,成屋,仲介業,氯離子檢測,未妥善處理，函告申訴人後續可行處理方式,
1574,1101012,永慶房屋仲介股份有限公司,買賣,成屋,仲介業,終止委售或買賣契約,妥善處理，達成和解,
1575,1101013,永慶房屋仲介股份有限公司,買賣,成屋,仲介業,「定金」返還(含斡旋金轉成定金返還),未妥善處理，函告申訴人後續可行處理方式,
1576,1101014,信義房屋股份有限公司,買賣,成屋,仲介業,房屋漏水問題,未妥善處理，與申訴人聯繫後移消保官,
1577,1100928,永慶房屋仲介股份有限公司,買賣,成屋,仲介業,「定金」返還(含斡旋金轉成定金返還),妥善處理，達成和解,
1578,1100917,昕彤建設開發股份有限公司,買賣,預售屋,建商,交屋遲延,未妥善處理，函告申訴人後續可行處理方式,
1579,1100913,筑丰實業股份有限公司,買賣,預售屋,建商,停車位使用權,未妥善處理，與申訴人聯繫後移消保官,
1580,1100906,新潤建設股份有限公司,買賣,預售屋,建商,停車位面積,撤案,
1581,1100902,永慶房屋仲介股份有限公司,買賣,成屋,仲介業,隱瞞重要資訊,未妥善處理，函告申訴人後續可行處理方式,
1582,1100830,黃淑緣,租賃,成屋,房東,擔保金(押金)返還或抵充,妥善處理，達成和解,
1583,1100922,奕成房屋仲介有限公司,買賣,成屋,仲介業,服務報酬爭議,撤案,
1584,1100930,堡勤不動產仲介經紀有限公司,買賣,成屋,仲介業,隱瞞重要資訊,未妥善處理，與申訴人聯繫後移消保官,
1585,1100928,范育貞君,租賃,成屋,房東,擔保金(押金)返還或抵充,未妥善處理，與申訴人聯繫後移消保官,
1586,1101005,合億房屋仲介有限公司,買賣,成屋,仲介業,房屋現況說明書內容與現況不符,妥善處理，達成和解,
1587,1100929,壕華建設股份有限公司,買賣,預售屋,建商,其他,未妥善處理，函告申訴人後續可行處理方式,
1588,1101027,信義房屋股份有限公司,買賣,成屋,仲介業,其他,妥善處理，達成和解,
1589,1101013,信義房屋股份有限公司,買賣,成屋,仲介業,其他,妥善處理，達成和解,
1590,1100927,黃偉儀,租賃,成屋,房東,擔保金(押金)返還或抵充,未妥善處理，函告申訴人後續可行處理方式,
1591,1100929,信義房屋股份有限公司,買賣,成屋,仲介業,隱瞞重要資訊,本局協商會，達成協議和解,
1592,1101006,住商實業股份有限公司,買賣,成屋,仲介業,終止委售或買賣契約,妥善處理，達成和解,
1593,1101105,蔡銘珠,租賃,成屋,房東,稅費負擔爭議,函告申訴人後續可行處理方式,
1594,1101014,台灣蘇富比國際房地產股份有限公司,買賣,預售屋,代銷業,終止委售或買賣契約,未妥善處理，函告申訴人後續可行處理方式,
1595,1101108,東昇國際管理 顧問股份有限公司,租賃,成屋,代管業,其他,未妥善處理，函告申訴人後續可行處理方式,
1596,1101021,永慶房屋仲介股份有限公司,買賣,成屋,仲介業,房屋現況說明書內容與現況不符,未妥善處理，函告申訴人後續可行處理方式,
1597,1100915,陳妍析,租賃,成屋,房東,擔保金(押金)返還或抵充,函告申訴人後續可行處理方式,
1598,1101108,永慶房屋仲介股份有限公司,買賣,成屋,仲介業,終止委售或買賣契約,消費者自行提起二次申訴,
1599,1101111,海心國際股份有限公司,買賣,預售屋,代銷業,仲介公司欺罔行為,未妥善處理，函告申訴人後續可行處理方式,
1600,1101029,永慶房屋仲介股份有限公司,買賣,成屋,仲介業,房屋漏水問題,妥善處理，達成和解,
1601,1101018,饒美惠,租賃,成屋,房東,擔保金(押金)返還或抵充,未妥善處理，函告申訴人後續可行處理方式,
1602,1101025,信義房屋股份有限公司,買賣,成屋,仲介業,停車位使用權,妥善處理，達成和解,
1603,1101110,吉美建設事業股份有限公司,買賣,預售屋,建商,有關稅費爭議,未妥善處理，函告申訴人後續可行處理方式,
1604,1101111,信義房屋股份有限公司,買賣,成屋,仲介業,「定金」返還(含斡旋金轉成定金返還),妥善處理，達成和解,
1605,1101004,誼悅不動產有限公司,買賣,成屋,仲介業,終止委售或買賣契約,未妥善處理，與申訴人聯繫後移消保官,
1606,1101007,皇冠不動產有限公司,買賣,成屋,仲介業,終止委售或買賣契約,未妥善處理，函告申訴人後續可行處理方式,
1607,1101013,信義房屋股份有限公司,買賣,成屋,仲介業,一屋二賣,妥善處理，達成和解,
1608,1101022,信義房屋股份有限公司,買賣,成屋,仲介業,房屋漏水問題,撤案,
1609,1101117,崔媽媽蝸牛租屋有限公司,租賃,成屋,包租業,修繕、改裝問題,議會協商其他結論,
1610,1101119,黃開容,租賃,成屋,房東,擔保金(押金)返還或抵充,未妥善處理，函告申訴人後續可行處理方式,
1611,1101117,黃謙喨,租賃,成屋,房東,擔保金(押金)返還或抵充,未妥善處理，函告申訴人後續可行處理方式,
1612,1101122,應紹舜君,租賃,成屋,房東,修繕、改裝問題,未妥善處理，函告申訴人後續可行處理方式,
1613,1101020,信義房屋股份有限公司,買賣,成屋,仲介業,其他,妥善處理，達成和解,
1614,1101013,方述山,租賃,成屋,房東,擔保金(押金)返還或抵充,函告申訴人後續可行處理方式,
1615,1101006,永慶房屋仲介股份有限公司,買賣,成屋,仲介業,法定空地使用權與產權爭議,未妥善處理，函告申訴人後續可行處理方式,
1616,1101004,陳叡憲,租賃,成屋,房東,擔保金(押金)返還或抵充,函告申訴人後續可行處理方式,
1617,1100929,信義房屋股份有限公司,買賣,成屋,仲介業,仲介公司欺罔行為,妥善處理，達成和解,
1618,1100922,信義房屋股份有限公司,買賣,成屋,仲介業,其他,妥善處理，達成和解,
1619,1101018,吳為烽,租賃,成屋,房東,擔保金(押金)返還或抵充,未妥善處理，與申訴人聯繫後移消保官,
1620,1101111,許桂香,租賃,成屋,房東,擔保金(押金)返還或抵充,妥善處理，達成和解,
1621,1101104,永慶房屋仲介股份有限公司,買賣,成屋,仲介業,終止委售或買賣契約,未妥善處理，函告申訴人後續可行處理方式,
1622,1101109,永慶房屋仲介股份有限公司,買賣,成屋,仲介業,房屋現況說明書內容與現況不符,未妥善處理，函告申訴人後續可行處理方式,
1623,1101112,孫桂鳳,買賣,成屋,其他,房屋現況說明書內容與現況不符,妥善處理，達成和解,
1624,1101110,創意家行銷股份有限公司,買賣,預售屋,代銷業,「定金」返還(含斡旋金轉成定金返還),未妥善處理，與申訴人聯繫後移消保官,
1625,1101112,詹鎮維,租賃,成屋,房東,契約審閱權,未妥善處理，函告申訴人後續可行處理方式,
1626,1101122,家合不動產管理顧問有限公司,租賃,成屋,仲介業,其他,未妥善處理，與申訴人聯繫後移消保官,
1627,1101124,興格建設股份有限公司,買賣,預售屋,建商,其他,函告申訴人後續可行處理方式,
1628,1101104,信義房屋股份有限公司,買賣,成屋,仲介業,仲介「斡旋金」返還,妥善處理，達成和解,
1629,1101129,永慶房屋仲介股份有限公司,買賣,成屋,仲介業,服務報酬爭議,未妥善處理，函告申訴人後續可行處理方式,
1630,1101201,信義房屋股份有限公司,買賣,成屋,仲介業,終止委售或買賣契約,妥善處理，達成和解,
1631,1101129,永慶房屋仲介股份有限公司,買賣,成屋,仲介業,有關稅費爭議,消費者自行提起二次申訴,
1632,1101208,傑創不動產仲介經紀有限公司,買賣,成屋,仲介業,房屋漏水問題,妥善處理，達成和解,
1633,1101209,何健誠,租賃,成屋,房東,擔保金(押金)返還或抵充,未妥善處理，與申訴人聯繫後移消保官,
1634,1101207,太平洋房屋仲介股份有限公司,買賣,成屋,仲介業,終止委售或買賣契約,未妥善處理，與申訴人聯繫後移消保官,
1635,1101208,信義房屋股份有限公司,買賣,成屋,仲介業,終止委售或買賣契約,未妥善處理，與申訴人聯繫後移消保官,
1636,1101203,吉聯不動產股份有限公司,買賣,成屋,仲介業,仲介公司欺罔行為,撤案,
1637,1101028,姜菊蘭,租賃,成屋,房東,修繕、改裝問題,無以連繫申訴人,
1638,1101210,陳春美,租賃,成屋,房東,遺留物之處理,函告申訴人後續可行處理方式,
1639,1101129,聯上開發股份有限公司,買賣,預售屋,建商,其他,未妥善處理，函告申訴人後續可行處理方式,
1640,1101129,陳淑雲,租賃,成屋,房東,擔保金(押金)返還或抵充,妥善處理，達成和解,
1641,1101122,榮騰建設有限公司,買賣,成屋,仲介業,房屋漏水問題,未妥善處理，與申訴人聯繫後移消保官,
1642,1101207,永慶房屋仲介股份有限公司,買賣,成屋,仲介業,房屋現況說明書內容與現況不符,妥善處理，達成和解,
1643,1101222,信義房屋股份有限公司,買賣,成屋,仲介業,終止委售或買賣契約,其他,
1644,1101216,永慶房屋仲介股份有限公司,買賣,成屋,仲介業,房屋漏水問題,未妥善處理，函告申訴人後續可行處理方式,
1645,1101220,昇立建設股份有限公司,買賣,成屋,建商,停車位價金,函告申訴人後續可行處理方式,
1646,1101209,好厝多不動產經紀股份有限公司,買賣,成屋,仲介業,終止委售或買賣契約,妥善處理，達成和解,
1647,1101202,冠達不動產股份有限公司,買賣,成屋,仲介業,房屋漏水問題,未妥善處理，函告申訴人後續可行處理方式,
1648,1101201,永慶房屋仲介股份有限公司,買賣,成屋,仲介業,「定金」返還(含斡旋金轉成定金返還),未妥善處理，函告申訴人後續可行處理方式,
1649,1101227,永慶房屋仲介股份有限公司,買賣,成屋,仲介業,有關稅費爭議,未妥善處理，函告申訴人後續可行處理方式,
1650,1101223,鄭惠煌,租賃,成屋,房東,房屋點交或返還,函告申訴人後續可行處理方式,
1651,1101222,信義房屋股份有限公司,買賣,成屋,仲介業,房屋漏水問題,本局協商會，達成協議和解,
1652,1101229,郭容儀,租賃,成屋,房東,擔保金(押金)返還或抵充,未妥善處理，函告申訴人後續可行處理方式,
1653,1101222,富地不動產仲介經紀有限公司,買賣,成屋,仲介業,其他,妥善處理，達成和解,
1654,1101208,承家不動產有限公司,買賣,成屋,仲介業,服務報酬爭議,未妥善處理，函告申訴人後續可行處理方式,
1655,1110105,永慶房屋仲介股份有限公司,買賣,成屋,仲介業,隱瞞重要資訊,未妥善處理，函告申訴人後續可行處理方式,
1656,1110105,信義房屋股份有限公司,買賣,成屋,仲介業,隱瞞重要資訊,未妥善處理，函告申訴人後續可行處理方式,
1657,1110105,家合不動產管理顧問有限公司,租賃,成屋,仲介業,擔保金(押金)返還或抵充,未妥善處理，函告申訴人後續可行處理方式,
1658,1101220,信義房屋股份有限公司,買賣,成屋,仲介業,隱瞞重要資訊,未妥善處理，函告申訴人後續可行處理方式,
1659,1101213,信義房屋股份有限公司,買賣,成屋,仲介業,停車位使用權,未妥善處理，函告申訴人後續可行處理方式,
1660,1110106,沈喬玫君,租賃,成屋,房東,修繕、改裝問題,函告申訴人後續可行處理方式,
1661,1110110,永慶房屋仲介股份有限公司,買賣,成屋,仲介業,終止委售或買賣契約,妥善處理，達成和解,
1662,1110110,永慶房屋仲介股份有限公司,買賣,成屋,仲介業,隱瞞重要資訊,撤案,
1663,1110111,虹廷建設,買賣,成屋,建商,房屋漏水問題,未妥善處理，與申訴人聯繫後移消保官,
1664,1110105,永慶房屋仲介股份有限公司,買賣,成屋,仲介業,其他,妥善處理，達成和解,
1665,1101020,昱信不動產仲介經紀有限公司,買賣,成屋,仲介業,「定金」返還(含斡旋金轉成定金返還),未妥善處理，函告申訴人後續可行處理方式,
1666,1101228,陳怡英,租賃,成屋,房東,水電、瓦斯及管理費負擔爭議,撤案,
1667,1110103,心誠不動產仲介經紀有限公司,租賃,成屋,仲介業,定金返還,未妥善處理，函告申訴人後續可行處理方式,
1668,1101213,寄居蟹租屋股份有限公司,租賃,成屋,包租業,擔保金(押金)返還或抵充,妥善處理，達成和解,
1669,1110113,九江不動產仲介股份有限公司,買賣,成屋,仲介業,終止委售或買賣契約,妥善處理，達成和解,
1670,1101222,好享家不動產仲介經紀有限公司,買賣,成屋,仲介業,標的物貸款問題,未妥善處理，函告申訴人後續可行處理方式,
1671,1111227,永慶房屋仲介股份有限公司,買賣,成屋,仲介業,建物不符容積率規定,妥善處理，達成和解,
1672,1110112,住商實業股份有限公司,買賣,成屋,仲介業,仲介公司欺罔行為,未妥善處理，函告申訴人後續可行處理方式,
1673,1110114,儀居房地產經紀股份有限公司,買賣,成屋,仲介業,交屋遲延,未妥善處理，函告申訴人後續可行處理方式,
1674,1101224,安心住不動產經紀業有限公司,買賣,成屋,仲介業,服務報酬爭議,妥善處理，達成和解,
1675,1101230,台暘開發有限公司,買賣,成屋,仲介業,終止委售或買賣契約,妥善處理，達成和解,
1676,1110119,第一建築經理股份有限公司,買賣,成屋,非不動產服務業,有關稅費爭議,未妥善處理，函告申訴人後續可行處理方式,
1677,1101228,永慶房屋仲介股份有限公司,買賣,成屋,仲介業,「定金」返還(含斡旋金轉成定金返還),未妥善處理，函告申訴人後續可行處理方式,
1678,1110117,信義房屋股份有限公司,買賣,成屋,仲介業,終止委售或買賣契約,其他,
1679,1110103,信義房屋股份有限公司,買賣,成屋,仲介業,隱瞞重要資訊,本局協商會，達成協議和解,
1680,1100324,永慶房屋仲介股份有限公司,買賣,成屋,仲介業,其他,妥善處理，達成和解,
1681,1101230,全坤建設開發股份有限公司,買賣,預售屋,建商,「定金」返還(含斡旋金轉成定金返還),未妥善處理，與申訴人聯繫後移消保官,
1682,1110111,信義房屋股份有限公司,買賣,成屋,仲介業,終止委售或買賣契約,妥善處理，達成和解,
1683,1110106,冠德建設,買賣,預售屋,建商,其他,未妥善處理，函告申訴人後續可行處理方式,
1684,1110112,潤虹開發有限公司,買賣,預售屋,建商,交屋遲延,未妥善處理，函告申訴人後續可行處理方式,
1685,1100505,永慶房屋仲介股份有限公司,買賣,成屋,仲介業,房屋現況說明書內容與現況不符,妥善處理，達成和解,
1686,1101123,永慶房屋仲介股份有限公司,買賣,成屋,仲介業,房屋現況說明書內容與現況不符,妥善處理，達成和解,
1687,1110128,永慶房屋仲介股份有限公司,買賣,成屋,仲介業,終止委售或買賣契約,妥善處理，達成和解,
1688,1110125,遠雄建設事業股份有限公司,買賣,預售屋,建商,施工瑕疵,未妥善處理，函告申訴人後續可行處理方式,
1689,1110207,鉑斯國際地產有限公司,租賃,成屋,仲介業,租金調整爭議,未妥善處理，與申訴人聯繫後移消保官,
1690,1110127,任怡珍君,租賃,成屋,房東,擔保金(押金)返還或抵充,未妥善處理，與申訴人聯繫後移消保官,
1691,1110208,信義房屋股份有限公司,買賣,成屋,仲介業,房屋漏水問題,妥善處理，達成和解,
1692,1110210,吉美建設事業股份有限公司,買賣,預售屋,建商,其他,未妥善處理，函告申訴人後續可行處理方式,
1693,1110211,信義房屋股份有限公司,買賣,成屋,仲介業,終止委售或買賣契約,未妥善處理，函告申訴人後續可行處理方式,
1694,1110122,標柱房屋仲介股份有限公司,買賣,成屋,仲介業,「定金」返還(含斡旋金轉成定金返還),妥善處理，達成和解,
1695,1110217,長泰金建設股份有限公司,買賣,預售屋,建商,交屋遲延,無以連繫申訴人,
1696,1110217,信義房屋股份有限公司,買賣,成屋,仲介業,房屋漏水問題,未妥善處理，函告申訴人後續可行處理方式,
1697,1110221,崧誠不動產仲介有限公司,買賣,成屋,仲介業,其他,未妥善處理，函告申訴人後續可行處理方式,
1698,1110210,信義房屋股份有限公司,買賣,成屋,仲介業,房屋漏水問題,未妥善處理，函告申訴人後續可行處理方式,
1699,1110221,永慶房屋仲介股份有限公司,買賣,成屋,仲介業,隱瞞重要資訊,撤案,
1700,1110222,信義房屋股份有限公司,買賣,成屋,仲介業,終止委售或買賣契約,妥善處理，達成和解,
1701,1110217,信義房屋股份有限公司,買賣,成屋,仲介業,服務報酬爭議,妥善處理，達成和解,
1702,1110224,永慶房屋仲介股份有限公司,買賣,成屋,仲介業,房屋漏水問題,妥善處理，達成和解,
1703,1110211,永慶房屋仲介股份有限公司,買賣,成屋,仲介業,房屋漏水問題,妥善處理，達成和解,
1704,1110224,富裔實業股份有限公司,買賣,預售屋,建商,交屋遲延,未妥善處理，函告申訴人後續可行處理方式,
1705,1110301,安家國際企業股份有限公司,買賣,預售屋,建商,交屋遲延,妥善處理，達成和解,
1706,1110207,皇冠不動產有限公司,買賣,成屋,仲介業,房屋漏水問題,未妥善處理，函告申訴人後續可行處理方式,
1707,1110302,儀居房地產經紀股份有限公司,買賣,成屋,仲介業,終止委售或買賣契約,妥善處理，達成和解,
1708,1110307,昌亞不動產股份有限公司,買賣,成屋,仲介業,房屋漏水問題,妥善處理，達成和解,
1709,1110207,銀河星空股份有限公司,租賃,成屋,仲介業,欠租,函告申訴人後續可行處理方式,
1710,1110217,新潤建設股份有限公司,買賣,預售屋,建商,其他,未妥善處理，與申訴人聯繫後移消保官,
1711,1110224,信義房屋股份有限公司,買賣,成屋,仲介業,隱瞞重要資訊,本局協商會，達成協議和解,
1712,1110307,信義房屋股份有限公司,買賣,成屋,仲介業,隱瞞重要資訊,本局協商會，達成協議和解,
1713,1110311,瑞恩資產管理有限公司,租賃,成屋,仲介業,服務報酬爭議,妥善處理，達成和解,
1714,1110309,永慶房屋仲介股份有限公司,買賣,成屋,仲介業,仲介公司欺罔行為,撤案,
1715,1110311,福泰國際旅館管理顧問股份有限公司吉祥分公司,租賃,成屋,非不動產服務業,房屋使用爭議,妥善處理，達成和解,
1716,1110223,興富發建設股份有限公司,買賣,預售屋,建商,「定金」返還(含斡旋金轉成定金返還),妥善處理，達成和解,
1717,1110311,信義房屋股份有限公司,買賣,成屋,仲介業,房屋漏水問題,撤案,
1718,1110314,耕薪建設股份有限公司,買賣,預售屋,建商,房屋漏水問題,函告申訴人後續可行處理方式,
1719,1110316,台灣房屋仲介股份有限公司,買賣,成屋,仲介業,終止委售或買賣契約,撤案,
1720,1110225,宇峰不動產經紀有限公司,買賣,成屋,仲介業,終止委售或買賣契約,未妥善處理，函告申訴人後續可行處理方式,
1721,1110316,永慶房屋仲介股份有限公司,買賣,成屋,仲介業,終止委售或買賣契約,未妥善處理，函告申訴人後續可行處理方式,
1722,11103,永順房屋仲介有限公司,買賣,成屋,仲介業,房屋漏水問題,未妥善處理，函告申訴人後續可行處理方式,
1723,1110321,永慶房屋仲介股份有限公司,買賣,成屋,仲介業,「定金」返還(含斡旋金轉成定金返還),妥善處理，達成和解,
1724,1110323,永慶房屋仲介股份有限公司,買賣,成屋,仲介業,隱瞞重要資訊,妥善處理，達成和解,
1725,1110328,張志騰,租賃,成屋,房東,稅費負擔爭議,未妥善處理，與申訴人聯繫後移消保官,
1726,1110325,格瑞資產管理顧問有限公司,租賃,成屋,包租業,定金返還,移消保官,
1727,1110330,TAKASHI,租賃,成屋,房東,擔保金(押金)返還或抵充,妥善處理，達成和解,
1728,1110406,貳捌房屋股份有限公司,租賃,成屋,仲介業,定金返還,未妥善處理，函告申訴人後續可行處理方式,
1729,1110407,貳捌房屋股份有限公司,租賃,成屋,仲介業,服務報酬爭議,未妥善處理，函告申訴人後續可行處理方式,
1730,1110314,永慶房屋仲介股份有限公司,買賣,成屋,仲介業,服務報酬爭議,未妥善處理，函告申訴人後續可行處理方式,
1731,1110406,嚴儀華,租賃,成屋,房東,擔保金(押金)返還或抵充,函告申訴人後續可行處理方式,
1732,1110411,陳培文(游宗翰),租賃,成屋,房東,擔保金(押金)返還或抵充,函告申訴人後續可行處理方式,
1733,1110412,新濠建設事業股份有限公司,買賣,預售屋,建商,停車位面積,未妥善處理，函告申訴人後續可行處理方式,
1734,1110412,永慶房屋仲介股份有限公司,買賣,成屋,仲介業,有關稅費爭議,撤案,
1735,1110322,永慶房屋仲介股份有限公司,買賣,成屋,仲介業,房屋漏水問題,未妥善處理，函告申訴人後續可行處理方式,
1736,1110321,胡玲玲,租賃,成屋,房東,擔保金(押金)返還或抵充,未妥善處理，函告申訴人後續可行處理方式,
1737,1110419,中信房屋仲介股份有限公司,買賣,成屋,仲介業,標的物貸款問題,撤案,
1738,1110422,謝正怡,租賃,成屋,房東,提前終止租約,未妥善處理，函告申訴人後續可行處理方式,
1739,1110329,信義房屋股份有限公司,買賣,成屋,仲介業,有關稅費爭議,妥善處理，達成和解,
1740,1110330,永慶房屋仲介股份有限公司,買賣,成屋,仲介業,終止委售或買賣契約,未妥善處理，函告申訴人後續可行處理方式,
1741,1110412,積麗不動產經紀有限公司,買賣,成屋,仲介業,終止委售或買賣契約,妥善處理，達成和解,
1742,1110425,永慶房屋仲介股份有限公司,買賣,成屋,仲介業,房屋漏水問題,未妥善處理，函告申訴人後續可行處理方式,
1743,1110408,廣陞建設股份有限公司,買賣,預售屋,建商,仲介公司欺罔行為,未妥善處理，函告申訴人後續可行處理方式,
1744,1110502,北吉房屋仲介有限公司,買賣,成屋,仲介業,房屋漏水問題,妥善處理，達成和解,
1745,1110428,兆基管理顧問股份有限公司,租賃,成屋,包租業,修繕、改裝問題,未妥善處理，函告申訴人後續可行處理方式,
1746,1110415,全陽建設股份有限公司,買賣,預售屋,建商,其他,撤案,
1747,1110509,永慶房屋仲介股份有限公司,買賣,成屋,仲介業,氯離子檢測,妥善處理，達成和解,
1748,1110420,兆基管理顧問股份有限公司,租賃,成屋,包租業,定金返還,妥善處理，達成和解,
1749,1110421,永慶房屋仲介股份有限公司,買賣,成屋,仲介業,房屋漏水問題,妥善處理，達成和解,
1750,1110511,賀成交股份有限公司,買賣,成屋,仲介業,終止委售或買賣契約,妥善處理，達成和解,
1751,1110518,鴻毅服務股份有限公司,買賣,成屋,仲介業,服務報酬爭議,撤案,
1752,1110502,松漢建設股份有限公司,買賣,預售屋,建商,施工瑕疵,未妥善處理，函告申訴人後續可行處理方式,
1753,1110518,吳秉承,租賃,成屋,房東,擔保金(押金)返還或抵充,妥善處理，達成和解,
1754,1110523,呂碧香,租賃,成屋,房東,定金返還,未妥善處理，函告申訴人後續可行處理方式,
1755,1110505,寄居蟹租屋股份有限公司,租賃,成屋,包租業,其他,未妥善處理，函告申訴人後續可行處理方式,
1756,1110503,忠泰建設股份有限公司,買賣,預售屋,建商,建材設備不符,妥善處理，達成和解,
1757,1110510,劉濱,租賃,成屋,房東,提前終止租約,妥善處理，達成和解,
1758,1110526,大師國際不動產股份有限公司,買賣,成屋,仲介業,其他,未妥善處理，與申訴人聯繫後移消保官,
1759,1110516,世新不動產經紀有限公司,買賣,成屋,仲介業,服務報酬爭議,未妥善處理，函告申訴人後續可行處理方式,
1760,1110524,威堡建設 股份有限公司,買賣,預售屋,建商,停車位面積,無以連繫申訴人,
1761,1110523,忠泰建設股份有限公司,買賣,預售屋,建商,隱瞞重要資訊,未妥善處理，與申訴人聯繫後移消保官,
1762,1110513,麗陽股份有限公司,租賃,成屋,包租業,房屋點交或返還,妥善處理，達成和解,
1763,1110530,竹城建設股份有限公司,買賣,成屋,建商,隱瞞重要資訊,妥善處理，達成和解,
1764,1110511,鼓玄建設股份有限公司,買賣,成屋,建商,一屋二賣,函告申訴人後續可行處理方式,
1765,1110606,信義房屋股份有限公司,買賣,成屋,仲介業,終止委售或買賣契約,撤案,
1766,1110601,永慶房屋仲介股份有限公司,買賣,成屋,仲介業,仲介公司欺罔行為,妥善處理，達成和解,
1767,1110609,永慶房屋仲介股份有限公司,買賣,成屋,仲介業,房屋漏水問題,撤案,
1768,1110609,林湘聆,租賃,成屋,房東,擔保金(押金)返還或抵充,未妥善處理，函告申訴人後續可行處理方式,
1769,1110610,黃薇勳,租賃,成屋,房東,提前終止租約,未妥善處理，函告申訴人後續可行處理方式,
1770,1110613,大管家房屋管理顧問有限公司,租賃,成屋,包租業,修繕、改裝問題,妥善處理，達成和解,
1771,1110613,邱憶文,租賃,成屋,房東,擔保金(押金)返還或抵充,妥善處理，達成和解,
1772,1110615,永慶房屋仲介股份有限公司,買賣,成屋,仲介業,有關稅費爭議,未妥善處理，函告申訴人後續可行處理方式,
1773,1110520,威堡建設 股份有限公司,買賣,預售屋,建商,停車位面積,函告申訴人後續可行處理方式,
1774,1110615,陳武揚,租賃,成屋,房東,提前終止租約,未妥善處理，函告申訴人後續可行處理方式,
1775,1110608,陳淑芬,租賃,成屋,房東,定金返還,未妥善處理，函告申訴人後續可行處理方式,
1776,1110620,新潤建設股份有限公司,買賣,預售屋,建商,工程結構及公共工程安全問題,妥善處理，達成和解,
1777,1110620,百分百不動產經紀股份有限公司,買賣,成屋,仲介業,終止委售或買賣契約,妥善處理，達成和解,
1778,1110620,永慶房屋仲介股份有限公司,買賣,成屋,仲介業,隱瞞重要資訊,未妥善處理，函告申訴人後續可行處理方式,
1779,1110620,永慶房屋仲介股份有限公司,買賣,成屋,仲介業,隱瞞重要資訊,未妥善處理，函告申訴人後續可行處理方式,
1780,1110608,鑫磊不動產仲介經紀股份有限公司,買賣,成屋,仲介業,隱瞞重要資訊,函告申訴人後續可行處理方式,
1781,1110620,信義房屋股份有限公司,買賣,成屋,仲介業,交屋遲延,撤案,
1782,1110616,凰麒不動產有限公司,買賣,成屋,仲介業,房屋漏水問題,撤案,
1783,1110623,張艷娘,租賃,成屋,房東,修繕、改裝問題,未妥善處理，與申訴人聯繫後移消保官,
1784,1110622,貳捌房屋股份有限公司,租賃,成屋,仲介業,擔保金(押金)返還或抵充,函告申訴人後續可行處理方式,
1785,1110613,永慶房屋仲介股份有限公司,買賣,成屋,仲介業,服務報酬爭議,妥善處理，達成和解,
1786,1110624,永慶房屋仲介股份有限公司,買賣,成屋,仲介業,房屋漏水問題,撤案,
1787,1110624,宏盛建設股份有限公司,租賃,成屋,房東,提前終止租約,未妥善處理，函告申訴人後續可行處理方式,
1788,1110628,丹棠開發股份有限公司,買賣,預售屋,建商,建材設備不符,未妥善處理，函告申訴人後續可行處理方式,
1789,1110609,大運通不動產經紀有限公司,買賣,成屋,仲介業,仲介公司欺罔行為,未妥善處理，函告申訴人後續可行處理方式,
1790,1110629,信義房屋股份有限公司,買賣,成屋,仲介業,「定金」返還(含斡旋金轉成定金返還),撤案,
1791,1110701,兆基管理顧問股份有限公司,租賃,成屋,包租業,修繕、改裝問題,妥善處理，達成和解,
1792,1110613,信義房屋股份有限公司,買賣,成屋,仲介業,房屋現況說明書內容與現況不符,未妥善處理，函告申訴人後續可行處理方式,
1793,1110706,武豐恩,租賃,成屋,房東,定金返還,妥善處理，達成和解,
1794,1110616,禾聯股份有限公司,買賣,預售屋,建商,其他,未妥善處理，函告申訴人後續可行處理方式,
1795,1110704,宋碧娟,租賃,成屋,房東,房東要求房客繳回契約書,妥善處理，達成和解,
1796,1110706,吳怡慧,租賃,成屋,房東,擔保金(押金)返還或抵充,妥善處理，達成和解,
1797,1110707,林郁峰,租賃,成屋,房東,房屋點交或返還,未妥善處理，與申訴人聯繫後移消保官,
1798,1110615,貳捌房屋股份有限公司,買賣,成屋,仲介業,服務報酬爭議,妥善處理，達成和解,
1799,1110708,信義房屋股份有限公司,買賣,成屋,仲介業,產權不清楚,本局協商會，達成協議和解,
1800,1110711,時尚物業有限公司,租賃,成屋,仲介業,服務報酬爭議,妥善處理，達成和解,
1801,1110621,李蜚鴻,租賃,成屋,房東,修繕、改裝問題,妥善處理，達成和解,
1802,1110622,王虎,租賃,成屋,房東,擔保金(押金)返還或抵充,妥善處理，達成和解,
1803,1110712,謝宜玲,租賃,成屋,房東,擔保金(押金)返還或抵充,撤案,
1804,1110706,喬興不動產有限公司,租賃,成屋,仲介業,房東任意進出房屋,妥善處理，達成和解,
1805,1110627,好享家不動產仲介經紀有限公司,買賣,成屋,仲介業,房屋現況說明書內容與現況不符,未妥善處理，函告申訴人後續可行處理方式,
1806,1110705,忠泰建設股份有限公司,買賣,預售屋,建商,建材設備不符,未妥善處理，函告申訴人後續可行處理方式,
1807,1110707,潤隆建設股份有限公司,買賣,預售屋,建商,有關稅費爭議,未妥善處理，函告申訴人後續可行處理方式,
1808,1110711,冠達不動產股份有限公司,買賣,成屋,仲介業,其他,妥善處理，達成和解,
1809,1110713,好享家不動產仲介經紀有限公司,買賣,成屋,仲介業,房屋漏水問題,議會協商成立,
1810,1110620,永慶房屋仲介股份有限公司,買賣,預售屋,仲介業,其他,未妥善處理，函告申訴人後續可行處理方式,
1811,1110713,劉世峰君,租賃,成屋,房東,稅費負擔爭議,未妥善處理，與申訴人聯繫後移消保官,
1812,1110714,賴薏安(弘福房屋王蔡弘),租賃,成屋,房東,提前終止租約,撤案,
1813,1110630,信義房屋股份有限公司,買賣,成屋,仲介業,隱瞞重要資訊,未妥善處理，函告申訴人後續可行處理方式,
1814,1110713,兆基管理顧問股份有限公司,租賃,成屋,包租業,修繕、改裝問題,妥善處理，達成和解,
1815,1110627,生寶地產國際股份有限公司,買賣,成屋,仲介業,房屋漏水問題,妥善處理，達成和解,
1816,1110704,住信房屋仲介股份有限公司,買賣,成屋,仲介業,房屋漏水問題,議會協商不成立,
1817,1110715,堡群不動產仲介經紀有限公司,買賣,成屋,仲介業,房屋漏水問題,未妥善處理，與申訴人聯繫後移消保官,
1818,1110720,信義房屋股份有限公司,買賣,成屋,仲介業,隱瞞重要資訊,撤案,
1819,1110719,郭庭榕君,租賃,成屋,房東,提前終止租約,本局協商會，未達成協議,
1820,1110711,仲霖國際地產有限公司,買賣,成屋,仲介業,終止委售或買賣契約,撤案,
1821,1110719,兆基管理顧問股份有限公司,租賃,成屋,包租業,修繕、改裝問題,妥善處理，達成和解,
1822,1110704,北碁建設股份有限公司,買賣,成屋,建商,其他,未妥善處理，與申訴人聯繫後移消保官,
1823,1110705,積麗不動產經紀有限公司,買賣,成屋,仲介業,終止委售或買賣契約,未妥善處理，與申訴人聯繫後移消保官,
1824,1110721,宏泰建設股份有限公司,租賃,成屋,非不動產服務業,擔保金(押金)返還或抵充,撤案,
1825,1110726,永誠泰不動產仲介有限公司,買賣,成屋,仲介業,終止委售或買賣契約,未妥善處理，與申訴人聯繫後移消保官,
1826,1110722,兆基管理顧問股份有限公司,租賃,成屋,包租業,其他,未妥善處理，函告申訴人後續可行處理方式,
1827,1110705,忠泰建設股份有限公司,買賣,預售屋,建商,其他,未妥善處理，函告申訴人後續可行處理方式,
1828,1110727,徐慶鐘,租賃,成屋,房東,擔保金(押金)返還或抵充,未妥善處理，函告申訴人後續可行處理方式,
1829,1110706,李淑美,租賃,成屋,房東,提前終止租約,未妥善處理，函告申訴人後續可行處理方式,
1830,1110722,給雞窩房屋股份有限公司,租賃,成屋,包租業,定金返還,議會協商成立,
1831,1110801,永慶房屋仲介股份有限公司,買賣,成屋,仲介業,契約審閱權,妥善處理，達成和解,
1832,1110729,富地不動產仲介經紀有限公司,買賣,成屋,仲介業,房屋漏水問題,妥善處理，達成和解,
1833,1110711,兆基管理顧問股份有限公司,租賃,成屋,包租業,水電、瓦斯及管理費負擔爭議,未妥善處理，函告申訴人後續可行處理方式,
1834,1110728,陳素鐘,租賃,成屋,房東,修繕、改裝問題,撤案,
1835,1110728,永慶房屋仲介股份有限公司,買賣,成屋,仲介業,服務報酬爭議,妥善處理，達成和解,
1836,1110711,非凡不動產有限公司,買賣,成屋,仲介業,交屋遲延,未妥善處理，函告申訴人後續可行處理方式,
1837,1110803,宏盛建設股份有限公司,買賣,預售屋,建商,有關稅費爭議,妥善處理，達成和解,
1838,1110713,宏盛建設股份有限公司,買賣,預售屋,建商,有關稅費爭議,未妥善處理，函告申訴人後續可行處理方式,
1839,1110714,信義房屋股份有限公司,買賣,成屋,仲介業,隱瞞重要資訊,妥善處理，達成和解,
1840,1110802,永慶房屋仲介股份有限公司,買賣,成屋,仲介業,隱瞞重要資訊,未妥善處理，函告申訴人後續可行處理方式,
1841,1110803,蘇輝明,租賃,成屋,房東,水電、瓦斯及管理費負擔爭議,未妥善處理，函告申訴人後續可行處理方式,
1842,1110711,潤隆建設股份有限公司,買賣,預售屋,建商,有關稅費爭議,未妥善處理，函告申訴人後續可行處理方式,
1843,1110713,施淑卿,租賃,成屋,房東,其他,撤案,
1844,1110805,好享家不動產仲介經紀有限公司,買賣,成屋,仲介業,「定金」返還(含斡旋金轉成定金返還),議會協商成立,
1845,1110804,信義房屋股份有限公司,買賣,成屋,仲介業,隱瞞重要資訊,未妥善處理，函告申訴人後續可行處理方式,
1846,1110802,廖大富,租賃,成屋,房東,提前終止租約,未妥善處理，函告申訴人後續可行處理方式,
1847,1110804,潤隆建設股份有限公司,買賣,預售屋,建商,施工瑕疵,未妥善處理，函告申訴人後續可行處理方式,
1848,1110805,信義房屋股份有限公司,買賣,成屋,仲介業,房屋漏水問題,妥善處理，達成和解,
1849,1110808,大 業欣建設股份有限公司,買賣,成屋,建商,施工瑕疵,未妥善處理，函告申訴人後續可行處理方式,
1850,1110711,有為不動產經紀股份有限公司,買賣,成屋,仲介業,終止委售或買賣契約,未妥善處理，函告申訴人後續可行處理方式,
1851,1110810,安家不動產顧問有限公司,買賣,成屋,仲介業,服務報酬爭議,未妥善處理，與申訴人聯繫後移消保官,
1852,1110809,兆基管理顧問股份有限公司,租賃,成屋,包租業,稅費負擔爭議,撤案,
1853,1110809,李文心,租賃,成屋,房東,擔保金(押金)返還或抵充,無以連繫申訴人,
1854,1110722,永慶房屋仲介股份有限公司,買賣,成屋,仲介業,服務報酬爭議,未妥善處理，函告申訴人後續可行處理方式,
1855,1110727,兆基管理顧問股份有限公司,租賃,成屋,包租業,提前終止租約,未妥善處理，與申訴人聯繫後移消保官,
1856,1110815,僑馥建築經理股份有限公司,買賣,成屋,非不動產服務業,其他,未妥善處理，與申訴人聯繫後移消保官,
1857,1110720,欣聯建設開發股份有限公司,買賣,預售屋,建商,房屋漏水問題,未妥善處理，與申訴人聯繫後移消保官,
1858,1110802,永慶房屋仲介股份有限公司,買賣,成屋,仲介業,隱瞞重要資訊,妥善處理，達成和解,
1859,1110816,永欣不動產股份有限公司,買賣,預售屋,仲介業,服務報酬爭議,未妥善處理，函告申訴人後續可行處理方式,
1860,1110812,薛雅禪,租賃,成屋,房東,擔保金(押金)返還或抵充,無以連繫申訴人,
1861,1110817,慕居有限公司,租賃,成屋,代管業,擔保金(押金)返還或抵充,妥善處理，達成和解,
1862,1110817,玖祐建設有限公司,買賣,預售屋,建商,施工瑕疵,未妥善處理，與申訴人聯繫後移消保官,
1863,1110802,樺福建設開發股份有限公司,買賣,預售屋,建商,房屋漏水問題,無以連繫申訴人,
1864,1110817,顧德珣君,租賃,成屋,房東,提前終止租約,撤案,
1865,1110805,富裕傳承管理顧問股份有限公司,租賃,成屋,仲介業,提前終止租約,未妥善處理，函告申訴人後續可行處理方式,
1866,1110726,租客平台有限公司,租賃,成屋,包租業,限制房客申報租賃費用支出,無以連繫申訴人,
1867,1110823,鴻灃建設股份有限公司,買賣,成屋,建商,房屋漏水問題,未妥善處理，與申訴人聯繫後移消保官,
1868,1110817,王友杰,租賃,成屋,房東,租金調整爭議,消費者自行和解,
1869,1110804,兆基管理顧問股份有限公司,租賃,成屋,包租業,修繕、改裝問題,未妥善處理，函告申訴人後續可行處理方式,
1870,1110720,合泰建築經理股份有限公司,買賣,成屋,非不動產服務業,其他,未妥善處理，函告申訴人後續可行處理方式,
1871,1110810,大華建設股份有限公司,買賣,預售屋,建商,終止委售或買賣契約,未妥善處理，與申訴人聯繫後移消保官,
1872,1110808,永慶房屋仲介股份有限公司,買賣,成屋,仲介業,隱瞞重要資訊,妥善處理，達成和解,
1873,1110803,華誼建設股份有限公司,買賣,預售屋,建商,交屋遲延,未妥善處理，函告申訴人後續可行處理方式,
1874,1110816,黃耀漢,租賃,成屋,房東,房屋點交或返還,妥善處理，達成和解,
1875,1110830,聯虹建設股份有限公司,買賣,預售屋,建商,有關稅費爭議,妥善處理，達成和解,
1876,1110829,永欣不動產股份有限公司,買賣,成屋,仲介業,終止委售或買賣契約,未妥善處理，函告申訴人後續可行處理方式,
1877,1110808,皇翔建設股份有限公司,買賣,預售屋,建商,其他,未妥善處理，函告申訴人後續可行處理方式,
1878,1110817,誠鄰不動產經紀股份有限公司,買賣,預售屋,仲介業,其他,未妥善處理，函告申訴人後續可行處理方式,
1879,1110810,永慶房屋仲介股份有限公司,買賣,成屋,仲介業,房屋現況說明書內容與現況不符,未妥善處理，函告申訴人後續可行處理方式,
1880,1110901,劉玉梅,租賃,成屋,房東,修繕、改裝問題,未妥善處理，函告申訴人後續可行處理方式,
1881,1110907,翁才山,租賃,成屋,房東,提前終止租約,妥善處理，達成和解,
1882,1110915,蕭佩琴,租賃,成屋,房東,擔保金(押金)返還或抵充,未妥善處理，函告申訴人後續可行處理方式,
1883,1110822,聖仁不動產股份有限公司,買賣,成屋,仲介業,房屋漏水問題,妥善處理，達成和解,
1884,1110914,楊麗珠,租賃,成屋,房東,擔保金(押金)返還或抵充,撤案,
1885,1110919,吳旭彬,租賃,成屋,房東,擔保金(押金)返還或抵充,妥善處理，達成和解,
1886,1110826,誼盛國際股份有限公司,買賣,預售屋,建商,終止委售或買賣契約,未妥善處理，函告申訴人後續可行處理方式,
1887,1110920,信義房屋股份有限公司,買賣,成屋,仲介業,賺取差價,本局協商會，達成協議和解,
1888,1111020,合億房屋仲介有限公司,買賣,成屋,仲介業,房屋漏水問題,議會協商其他結論,
1889,1110921,孫幼英,租賃,成屋,房東,修繕、改裝問題,撤案,
1890,1110922,永慶房屋仲介股份有限公司,買賣,成屋,仲介業,服務報酬爭議,妥善處理，達成和解,
1891,1110926,張蕙琪,租賃,成屋,房東,擔保金(押金)返還或抵充,撤案,
1892,1110907,好租一二三股份有限公司,租賃,成屋,包租業,房屋使用爭議,未妥善處理，函告申訴人後續可行處理方式,
1893,1110831,永慶房屋仲介股份有限公司,買賣,成屋,仲介業,氯離子檢測,函告申訴人後續可行處理方式,
1894,1110913,鼎吉開發股份有限公司,買賣,預售屋,建商,交屋遲延,未妥善處理，函告申訴人後續可行處理方式,
1895,1110907,楊敏瑜,租賃,成屋,房東,擔保金(押金)返還或抵充,未妥善處理，函告申訴人後續可行處理方式,
1896,1111004,許鈺凌,租賃,成屋,房東,擔保金(押金)返還或抵充,撤案,
1897,1111003,住商實業股份有限公司,買賣,成屋,仲介業,「定金」返還(含斡旋金轉成定金返還),妥善處理，達成和解,
1898,1110913,許尤祖唐,租賃,成屋,房東,擔保金(押金)返還或抵充,函告申訴人後續可行處理方式,
1899,1111003,張秀錦,租賃,成屋,房東,提前終止租約,函告申訴人後續可行處理方式,
1900,1110915,沈淑滿,租賃,成屋,房東,修繕、改裝問題,函告申訴人後續可行處理方式,
1901,1110921,信義房屋股份有限公司,買賣,成屋,仲介業,隱瞞重要資訊,未妥善處理，函告申訴人後續可行處理方式,
1902,1111011,永慶房屋仲介股份有限公司,買賣,成屋,仲介業,房屋漏水問題,妥善處理，達成和解,
1903,1110919,郭怡川,租賃,成屋,房東,擔保金(押金)返還或抵充,函告申訴人後續可行處理方式,
1904,1110921,海悅廣告股份有限公司,買賣,預售屋,代銷業,隱瞞重要資訊,未妥善處理，函告申訴人後續可行處理方式,
1905,1110926,凌群不動產管理顧問有限公司,租賃,成屋,代管業,其他,妥善處理，達成和解,
1906,1110920,宏泰人壽保險股份有限公司,買賣,預售屋,建商,其他,未妥善處理，函告申訴人後續可行處理方式,
1907,1110908,永慶房屋仲介股份有限公司,買賣,成屋,仲介業,房屋漏水問題,妥善處理，達成和解,
1908,1111018,全茂建設股份有限公司,買賣,預售屋,建商,交屋遲延,函告申訴人後續可行處理方式,
1909,1111017,立信建設股份有限公司,買賣,成屋,建商,施工瑕疵,其他,
1910,1110922,永慶房屋仲介股份有限公司,買賣,成屋,仲介業,房屋漏水問題,妥善處理，達成和解,
1911,1110929,星鴻股份有限公司,租賃,成屋,包租業,定金返還,未妥善處理，函告申訴人後續可行處理方式,
1912,1111011,永慶房屋仲介股份有限公司,買賣,成屋,仲介業,其他,撤案,
1913,1111024,單立偉,租賃,成屋,房東,修繕、改裝問題,未妥善處理，與申訴人聯繫後移消保官,
1914,1111021,住商實業股份有限公司,買賣,成屋,仲介業,其他,妥善處理，達成和解,
1915,1111003,鎮暘建設股份有限公司,買賣,預售屋,建商,交屋遲延,未妥善處理，函告申訴人後續可行處理方式,
1916,1111020,方泰盛世股份有限公司,買賣,成屋,仲介業,終止委售或買賣契約,未妥善處理，函告申訴人後續可行處理方式,
1917,1111021,一泰不動產經紀股份有限公司,買賣,成屋,仲介業,房屋漏水問題,妥善處理，達成和解,
1918,1111026,陳裕翔,租賃,成屋,房東,提前終止租約,消費者自行和解,
1919,1111028,信義房屋股份有限公司,買賣,成屋,仲介業,隱瞞重要資訊,未妥善處理，函告申訴人後續可行處理方式,
1920,1111101,信義房屋股份有限公司,買賣,成屋,仲介業,標的物貸款問題,議會協商其他結論,
1921,1111101,利恆房屋仲介有限公司,買賣,成屋,仲介業,房屋漏水問題,未妥善處理，函告申訴人後續可行處理方式,
1922,1111031,兆基管理顧問股份有限公司,租賃,成屋,包租業,修繕、改裝問題,未妥善處理，函告申訴人後續可行處理方式,
1923,1111101,貳捌房屋股份有限公司,租賃,成屋,仲介業,定金返還,未妥善處理，函告申訴人後續可行處理方式,
1924,1111103,有為不動產經紀股份有限公司,買賣,成屋,仲介業,服務報酬爭議,未妥善處理，函告申訴人後續可行處理方式,
1925,1111101,家合不動產管理顧問有限公司,租賃,成屋,仲介業,定金返還,消費者自行和解,
1926,1111107,興富金不動產仲介有限公司,買賣,成屋,仲介業,終止委售或買賣契約,未妥善處理，與申訴人聯繫後移消保官,
1927,1111110,良茂建設,買賣,預售屋,建商,施工瑕疵,未妥善處理，函告申訴人後續可行處理方式,
1928,1111110,喬興不動產有限公司,租賃,成屋,仲介業,定金返還,未妥善處理，與申訴人聯繫後移消保官,
1929,1111109,劉文賢,租賃,成屋,房東,修繕、改裝問題,未妥善處理，函告申訴人後續可行處理方式,
1930,1111109,永慶房屋仲介股份有限公司,買賣,成屋,仲介業,房屋漏水問題,妥善處理，達成和解,
1931,1111111,張永敦,租賃,成屋,房東,修繕、改裝問題,移消保官,
1932,1111024,信義房屋股份有限公司,買賣,成屋,仲介業,仲介公司欺罔行為,妥善處理，達成和解,
1933,1111026,宇天不動產仲介經紀有限公司,買賣,成屋,仲介業,房屋漏水問題,未妥善處理，函告申訴人後續可行處理方式,
1934,1111101,吉吉寓資產管理股份有限公司,租賃,成屋,仲介業,服務報酬爭議,未妥善處理，函告申訴人後續可行處理方式,
1935,1111122,信義房屋股份有限公司,買賣,成屋,仲介業,有關稅費爭議,妥善處理，達成和解,
1936,1111122,永慶房屋仲介股份有限公司,買賣,成屋,仲介業,房屋漏水問題,妥善處理，達成和解,
1937,1111118,昇禾不動產仲介經紀有限公司,買賣,成屋,仲介業,其他,妥善處理，達成和解,
1938,1111104,豊玉不動產仲介有限公司,買賣,成屋,仲介業,仲介公司欺罔行為,妥善處理，達成和解,
1939,1111121,陳俊元,租賃,成屋,房東,修繕、改裝問題,妥善處理，達成和解,
1940,1111122,宋元,租賃,成屋,房東,隱瞞重要資訊,未妥善處理，函告申訴人後續可行處理方式,
1941,1111103,世豐國際建築開發股份有限公司,買賣,成屋,建商,停車位面積,未妥善處理，與申訴人聯繫後移消保官,
1942,1111115,信義房屋股份有限公司,買賣,成屋,仲介業,隱瞞重要資訊,妥善處理，達成和解,
1943,1111124,信義房屋股份有限公司,買賣,成屋,仲介業,房屋漏水問題,本局協商會，達成協議和解,
1944,1111129,唐吳順,租賃,成屋,房東,水電、瓦斯及管理費負擔爭議,無以連繫申訴人,
1945,1111125,李氏投資股份有限公司,租賃,成屋,其他,水電、瓦斯及管理費負擔爭議,未妥善處理，函告申訴人後續可行處理方式,
1946,1111104,寄居蟹租屋股份有限公司,租賃,成屋,包租業,提前終止租約,妥善處理，達成和解,
1947,1111130,貴鳳不動產經紀有限公司,買賣,成屋,仲介業,終止委售或買賣契約,未妥善處理，與申訴人聯繫後移消保官,
1948,1111130,永慶房屋仲介股份有限公司,買賣,成屋,仲介業,房屋漏水問題,妥善處理，達成和解,
1949,1111201,永慶房屋仲介股份有限公司,買賣,成屋,仲介業,氯離子檢測,未妥善處理，函告申訴人後續可行處理方式,
1950,1111209,冠德建設,買賣,預售屋,建商,坪數不足,未妥善處理，與申訴人聯繫後移消保官,
1951,1111212,永慶房屋仲介股份有限公司,買賣,成屋,仲介業,交屋遲延,妥善處理，達成和解,
1952,1111209,安勝房屋仲介經紀有限公司,買賣,成屋,仲介業,契約審閱權,未妥善處理，函告申訴人後續可行處理方式,
1953,1111124,穩懋不動產經紀有限公司,買賣,成屋,仲介業,隱瞞重要資訊,未妥善處理，函告申訴人後續可行處理方式,
1954,1111213,永慶房屋仲介股份有限公司,買賣,成屋,仲介業,終止委售或買賣契約,無以連繫申訴人,
1955,1111213,寄居蟹租屋股份有限公司,租賃,成屋,包租業,停車位使用爭議,妥善處理，達成和解,
1956,1111208,永欣不動產股份有限公司,買賣,成屋,仲介業,房屋漏水問題,未妥善處理，函告申訴人後續可行處理方式,
1957,1111214,永欣不動產股份有限公司,買賣,成屋,仲介業,其他,妥善處理，達成和解,
1958,1111221,璞真建設,買賣,預售屋,建商,坪數不足,未妥善處理，函告申訴人後續可行處理方式,
1959,1111223,金諦不動產仲介經紀有限公司,買賣,成屋,仲介業,房屋漏水問題,未妥善處理，與申訴人聯繫後移消保官,
1960,1111128,寄居蟹租屋有限公司,租賃,成屋,仲介業,擔保金(押金)返還或抵充,無以連繫申訴人,
1961,1111206,吳梅和,租賃,成屋,房東,擔保金(押金)返還或抵充,未妥善處理，函告申訴人後續可行處理方式,
1962,1111201,寄居蟹管理顧問股份有限公司,租賃,成屋,包租業,修繕、改裝問題,未妥善處理，函告申訴人後續可行處理方式,
1963,1111201,永慶房屋仲介股份有限公司,買賣,成屋,仲介業,房屋漏水問題,妥善處理，達成和解,
1964,1111227,貳捌房屋股份有限公司,租賃,成屋,仲介業,隱瞞重要資訊,無以連繫申訴人,
1965,1111219,凌群不動產管理顧問有限公司,租賃,成屋,包租業,其他,未妥善處理，函告申訴人後續可行處理方式,
1966,1111227,徐苡榕,租賃,成屋,房東,擔保金(押金)返還或抵充,妥善處理，達成和解,
1967,1111227,安勝房屋仲介經紀有限公司,買賣,成屋,仲介業,交屋遲延,未妥善處理，函告申訴人後續可行處理方式,
1968,1111226,好厝多不動產經紀股份有限公司,買賣,成屋,仲介業,其他,無以連繫申訴人,
1969,1111212,永慶房屋仲介股份有限公司,買賣,成屋,仲介業,房屋漏水問題,妥善處理，達成和解,
1970,1111228,永慶房屋仲介股份有限公司,買賣,成屋,仲介業,房屋漏水問題,妥善處理，達成和解,
1971,1111226,潤隆建設股份有限公司,買賣,預售屋,建商,其他,其他,二申消保官協調後和解
1972,1111212,江怡憬,租賃,成屋,房東,擔保金(押金)返還或抵充,未妥善處理，函告申訴人後續可行處理方式,
1973,1111229,國揚實業股份有限公司,買賣,預售屋,建商,其他,函告申訴人後續可行處理方式,
1974,1111229,鄭家偟,租賃,成屋,房東,擔保金(押金)返還或抵充,妥善處理，達成和解,
1975,1111229,馬里布智慧生活股份有限公司,租賃,成屋,房東,水電、瓦斯及管理費負擔爭議,無以連繫申訴人,
1976,1111223,寬悅不動產有限公司,買賣,成屋,仲介業,其他,無以連繫申訴人,
1977,1120107,康景建設股份有限公司,買賣,預售屋,建商,停車位價金,未妥善處理，與申訴人聯繫後移消保官,
1978,1120109,吳宜玲,租賃,成屋,房東,稅費負擔爭議,未妥善處理，函告申訴人後續可行處理方式,
1979,1111228,貳捌房屋股份有限公司,租賃,成屋,仲介業,隱瞞重要資訊,妥善處理，達成和解,
1980,1111230,弘順投資股份有限公司,租賃,成屋,房東,稅費負擔爭議,無以連繫申訴人,
1981,1120112,希伊歐不動產有限公司,租賃,成屋,仲介業,欠租,撤案,
1982,1111223,貳捌房屋股份有限公司,租賃,成屋,仲介業,定金返還,未妥善處理，函告申訴人後續可行處理方式,
1983,1120119,永慶房屋仲介股份有限公司,買賣,成屋,仲介業,坪數不足,妥善處理，達成和解,
1984,1120118,潤隆建設股份有限公司,買賣,預售屋,建商,公設保固,未妥善處理，函告申訴人後續可行處理方式,
1985,1120110,復盛開發股份有限公司,買賣,預售屋,建商,交屋遲延,未妥善處理，函告申訴人後續可行處理方式,
1986,1120131,詹昭君,租賃,成屋,房東,房屋點交或返還,撤案,
1987,1120131,時尚物業有限公司,租賃,成屋,包租業,擔保金(押金)返還或抵充,未妥善處理，函告申訴人後續可行處理方式,
1988,1120131,黃燕,租賃,成屋,房東,其他,撤案,
1989,1111230,白有課,租賃,成屋,房東,擔保金(押金)返還或抵充,移消保官,無法聯繫申訴人
1990,1120109,陳秋雲,租賃,成屋,房東,擔保金(押金)返還或抵充,未妥善處理，與申訴人聯繫後移消保官,
1991,1120202,元磐建設有限公司,買賣,預售屋,建商,施工瑕疵,移消保官,
1992,1120202,復盛開發股份有限公司,買賣,預售屋,建商,施工瑕疵,妥善處理，達成和解,
1993,1120202,新北建設股份有限公司,買賣,預售屋,建商,其他,妥善處理，達成和解,
1994,1120201,永慶房屋仲介股份有限公司,買賣,成屋,仲介業,隱瞞重要資訊,移消保官,
1995,1120204,兆基管理顧問股份有限公司,租賃,成屋,包租業,其他,撤案,
1996,1120204,知見不動產仲介經紀股份有限公司,買賣,成屋,仲介業,服務報酬爭議,無以連繫申訴人,
1997,1120204,永慶房屋仲介股份有限公司,買賣,成屋,仲介業,房屋現況說明書內容與現況不符,妥善處理，達成和解,
1998,1120204,信義房屋股份有限公司,買賣,成屋,仲介業,房屋現況說明書內容與現況不符,移消保官,
1999,1120208,永慶房屋仲介股份有限公司,買賣,成屋,仲介業,房屋漏水問題,妥善處理，達成和解,
2000,1120213,房東卓群智、卓婕芸、卓湘瀠,租賃,成屋,房東,擔保金(押金)返還或抵充,妥善處理，達成和解,
2001,1120213,宏盛建設股份有限公司,買賣,預售屋,建商,有關稅費爭議,撤案,
2002,1120118,聯詠房屋仲介有限公司,買賣,成屋,仲介業,隱瞞重要資訊,未妥善處理，函告申訴人後續可行處理方式,
2003,1120207,永慶房屋仲介股份有限公司,買賣,成屋,仲介業,房屋漏水問題,妥善處理，達成和解,
2004,1120220,金石地產股份有限公司,租賃,成屋,仲介業,提前終止租約,撤案,
2005,1120220,立雋建設股份有限公司,買賣,預售屋,建商,交屋遲延,未妥善處理，與申訴人聯繫後移消保官,
2006,1120131,陳音潔,租賃,成屋,房東,擔保金(押金)返還或抵充,函告申訴人後續可行處理方式,
2007,1120112,希伊歐不動產有限公司,租賃,成屋,仲介業,終止委租契約爭議,撤案,
2008,1120223,岳泰建設股份有限公司,買賣,預售屋,建商,交屋遲延,妥善處理，達成和解,
2009,1120303,潤隆建設股份有限公司,買賣,預售屋,建商,公設保固,未妥善處理，函告申訴人後續可行處理方式,
2010,1120302,陳綺安,租賃,成屋,房東,擔保金(押金)返還或抵充,撤案,
2011,1120306,寄居蟹租屋股份有限公司,租賃,成屋,包租業,稅費負擔爭議,未妥善處理，函告申訴人後續可行處理方式,
2012,1120309,永慶房屋仲介股份有限公司,買賣,成屋,仲介業,隱瞞重要資訊,未妥善處理，函告申訴人後續可行處理方式,
2013,1120309,劉李愛玉,租賃,成屋,房東,契約審閱權,未妥善處理，函告申訴人後續可行處理方式,
2014,1120309,凱璿不動產事業股份有限公司,買賣,成屋,仲介業,其他,妥善處理，達成和解,
2015,1120313,皇冠不動產有限公司,買賣,成屋,仲介業,終止委售或買賣契約,未妥善處理，與申訴人聯繫後移消保官,
2016,1120220,一米好居有限公司,租賃,成屋,包租業,擔保金(押金)返還或抵充,未妥善處理，與申訴人聯繫後移消保官,
2017,1120314,永慶房屋仲介股份有限公司,買賣,成屋,仲介業,隱瞞重要資訊,未妥善處理，函告申訴人後續可行處理方式,
2018,1120314,勤大建設股份有限公司,買賣,預售屋,建商,要約書之使用,未妥善處理，與申訴人聯繫後移消保官,
2019,1120222,宏邦房屋仲介股份有限公司,買賣,成屋,仲介業,房屋漏水問題,無以連繫申訴人,
2020,1120317,安家國際企業股份有限公司,買賣,預售屋,建商,其他,撤案,
2021,1120313,積麗不動產經紀有限公司,買賣,成屋,仲介業,終止委售或買賣契約,撤案,
2022,1120317,兆基管理顧問股份有限公司,租賃,成屋,代管業,擔保金(押金)返還或抵充,未妥善處理，函告申訴人後續可行處理方式,
2023,1120321,京宸房屋有限公司,買賣,成屋,仲介業,有關稅費爭議,未妥善處理，函告申訴人後續可行處理方式,
2024,1120308,永慶房屋仲介股份有限公司,買賣,成屋,仲介業,終止委售或買賣契約,妥善處理，達成和解,
2025,1120317,貳捌房屋股份有限公司,租賃,成屋,仲介業,仲介業欺罔行為,妥善處理，達成和解,
2026,1120327,天順祥不動產仲介經紀有限公司,買賣,成屋,仲介業,房屋漏水問題,妥善處理，達成和解,
2027,1120308,信義房屋股份有限公司,買賣,成屋,仲介業,其他,妥善處理，達成和解,
2028,1120327,陸麗華,租賃,成屋,房東,擔保金(押金)返還或抵充,移消保官,
2029,1120327,大家地產有限公司,買賣,預售屋,代銷業,驗屋爭議,撤案,
2030,1120328,李瑞敏,租賃,成屋,房東,擔保金(押金)返還或抵充,未妥善處理，函告申訴人後續可行處理方式,
2031,1120329,張雲標,租賃,成屋,房東,房屋漏水問題,妥善處理，達成和解,
2032,1120331,興富金不動產仲介有限公司,買賣,成屋,仲介業,服務報酬爭議,未妥善處理，函告申訴人後續可行處理方式,
2033,1120309,給雞窩房屋股份有限公司,租賃,成屋,包租業,提前終止租約,妥善處理，達成和解,
2034,1120317,李彥棠,租賃,成屋,房東,擔保金(押金)返還或抵充,未妥善處理，函告申訴人後續可行處理方式,
2035,1120309,貳捌房屋股份有限公司,租賃,成屋,仲介業,定金返還,函告申訴人後續可行處理方式,
2036,1120410,潤隆建設股份有限公司,買賣,預售屋,建商,「定金」返還(含斡旋金轉成定金返還),撤案,
2037,1120410,永慶房屋仲介股份有限公司,買賣,成屋,仲介業,仲介「斡旋金」返還,未妥善處理，與申訴人聯繫後移消保官,
2038,1120406,潤隆建設股份有限公司,買賣,預售屋,建商,驗屋爭議,妥善處理，達成和解,
2039,1120407,星佳廷有限 公司,買賣,成屋,仲介業,其他,妥善處理，達成和解,
2040,1120412,愛山林建設開發股份有限公司,買賣,預售屋,代銷業,有關稅費爭議,無以連繫申訴人,
2041,1120316,林佳燕,租賃,成屋,房東,提前終止租約,未妥善處理，函告申訴人後續可行處理方式,
2042,1120331,兆基管理顧問股份有限公司,租賃,成屋,包租業,欠租,撤案,
2043,1120412,寬悅不動產有限公司,買賣,成屋,仲介業,氯離子檢測,未妥善處理，與申訴人聯繫後移消保官,
2044,1120323,皇嘉物業管理顧問股份有限公司,租賃,成屋,包租業,擔保金(押金)返還或抵充,妥善處理，達成和解,
2045,1120319,永慶房屋仲介股份有限公司,買賣,成屋,仲介業,隱瞞重要資訊,未妥善處理，函告申訴人後續可行處理方式,
2046,1120414,好厝多不動產經紀股份有限公司,買賣,成屋,仲介業,隱瞞重要資訊,未妥善處理，函告申訴人後續可行處理方式,
2047,1120414,愛山林建設開發股份有限公司,買賣,預售屋,代銷業,其他,妥善處理，達成和解,
2048,1120417,張為杰,租賃,成屋,房東,其他,未妥善處理，函告申訴人後續可行處理方式,
2049,1120419,昌鑫建設開發有限公司,買賣,預售屋,建商,隱瞞重要資訊,未妥善處理，函告申訴人後續可行處理方式,
2050,1120417,永慶房屋仲介股份有限公司,買賣,成屋,仲介業,「定金」返還(含斡旋金轉成定金返還),妥善處理，達成和解,
2051,1120419,游美芳,租賃,成屋,房東,其他,撤案,
2052,1120420,永慶房屋仲介股份有限公司,買賣,成屋,仲介業,有關稅費爭議,妥善處理，達成和解,
2053,1120420,合康工程顧問股份有限公司,買賣,預售屋,建商,交屋遲延,妥善處理，達成和解,
2054,1120421,顏大程,租賃,成屋,房東,擔保金(押金)返還或抵充,撤案,
2055,1120425,紘福不動產經紀有限公司,租賃,成屋,仲介業,房屋點交或返還,議會協商其他結論,
2056,1120425,兆基管理顧問有限公司,租賃,成屋,仲介業,稅費負擔爭議,撤案,
2057,1120331,李淑惠,租賃,成屋,房東,隱瞞重要資訊,函告申訴人後續可行處理方式,
2058,1120413,郗林安,租賃,成屋,房東,修繕、改裝問題,未妥善處理，函告申訴人後續可行處理方式,
2059,1120501,周朝陽,租賃,成屋,房東,修繕、改裝問題,無以連繫申訴人,
2060,1120502,匯康資產管理有限公司,租賃,成屋,仲介業,廣告不實,撤案,
2061,1120504,星華股份有限公司,租賃,成屋,代管業,擔保金(押金)返還或抵充,妥善處理，達成和解,
2062,1120412,傑創不動產仲介經紀有限公司,買賣,成屋,仲介業,隱瞞重要資訊,未妥善處理，與申訴人聯繫後移消保官,
2063,1120502,家合不動產管理顧問股份有限公司,租賃,成屋,仲介業,廣告不實,妥善處理，達成和解,
2064,1120501,白天鵝建設股份有限公司,買賣,預售屋,建商,建材設備不符,撤案,
2065,1120504,兆基管理顧問股份有限公司,租賃,成屋,包租業,水電、瓦斯及管理費負擔爭議,其他,
2066,1120509,太鼎不動產仲介經紀有限公司,買賣,成屋,仲介業,廣告不實,撤案,
2067,1120419,安家卓越股份有限公司,買賣,預售屋,建商,其他,未妥善處理，函告申訴人後續可行處理方式,
2068,1120508,周伯冠,租賃,成屋,房東,修繕、改裝問題,妥善處理，達成和解,
2069,1120508,周伯冠,租賃,成屋,房東,修繕、改裝問題,妥善處理，達成和解,
2070,1120418,兆騰租屋管理顧問股份有限公司,租賃,成屋,包租業,擔保金(押金)返還或抵充,妥善處理，達成和解,
2071,1120512,信義房屋股份有限公司,買賣,成屋,仲介業,終止委售或買賣契約,妥善處理，達成和解,
2072,1120505,凱倢房屋有限公司,買賣,成屋,仲介業,房屋漏水問題,妥善處理，達成和解,
2073,1120512,尊信不動產經紀有限公司,買賣,成屋,仲介業,隱瞞重要資訊,未妥善處理，函告申訴人後續可行處理方式,
2074,1120517,兆基管理顧問股份有限公司,租賃,成屋,包租業,擔保金(押金)返還或抵充,未妥善處理，與申訴人聯繫後移消保官,
2075,1120509,信義房屋股份有限公司,買賣,成屋,仲介業,產權不清楚,撤案,
2076,1120514,金石地產股份有限公司,買賣,成屋,仲介業,契約審閱權,未妥善處理，函告申訴人後續可行處理方式,
2077,1120509,永慶房屋仲介股份有限公司,買賣,成屋,仲介業,隱瞞重要資訊,未妥善處理，函告申訴人後續可行處理方式,
2078,1120517,昇禾不動產仲介經紀有限公司,買賣,成屋,仲介業,其他,撤案,
2079,1120428,永慶房屋仲介股份有限公司,買賣,成屋,仲介業,屋頂使用權與產權爭議,未妥善處理，函告申訴人後續可行處理方式,
2080,1120518,蕭秋平,租賃,成屋,房東,租金補貼爭議,函告申訴人後續可行處理方式,
2081,1120424,匯城不動產開發有限公司,買賣,成屋,仲介業,契約審閱權,撤案,
2082,1120426,興茂房屋仲介有限公司,租賃,成屋,仲介業,擔保金(押金)返還或抵充,未妥善處理，函告申訴人後續可行處理方式,
2083,1120523,鄭詩璇,租賃,成屋,房東,擔保金(押金)返還或抵充,無法聯繫被申訴人,
2084,1120524,高群開發有限公司,買賣,預售屋,建商,終止委售或買賣契約,妥善處理，達成和解,
2085,1120525,森博不動產,租賃,成屋,仲介業,服務報酬爭議,未妥善處理，與申訴人聯繫後移消保官,
2086,1120517,皇冠不動產有限公司,買賣,成屋,仲介業,終止委售或買賣契約,妥善處理，達成和解,
2087,1120518,單立偉,租賃,成屋,房東,擔保金(押金)返還或抵充,未妥善處理，函告申訴人後續可行處理方式,
2088,1120526,兆豐國際商業銀行股份有限公司,租賃,成屋,房東,修繕、改裝問題,未妥善處理，函告申訴人後續可行處理方式,
2089,1120529,兆基管理顧問股份有限公司,租賃,成屋,包租業,其他,妥善處理，達成和解,
2090,1120517,百億不動產有限公司,買賣,成屋,仲介業,終止委售或買賣契約,無以連繫申訴人,
2091,1120504,誠鄰不動產經紀股份有限公司,買賣,成屋,仲介業,房屋漏水問題,未妥善處理，與申訴人聯繫後移消保官,
2092,1120523,有田房屋有限公司,買賣,成屋,仲介業,契約審閱權,撤案,
2093,1120504,好租一二三股份有限公司,租賃,成屋,包租業,定金返還,妥善處理，達成和解,
2094,1120528,興洋建設股份有限公司,買賣,成屋,建商,契約審閱權,其他,二申消保官協調後和解
2095,1120530,蕭麗芬,租賃,成屋,房東,水電、瓦斯及管理費負擔爭議,妥善處理，達成和解,
2096,1120530,永慶房屋仲介股份有限公司,買賣,成屋,仲介業,房屋漏水問題,未妥善處理，與申訴人聯繫後移消保官,
2097,1120531,東龍寬頻國際開發股份有限公司,買賣,成屋,仲介業,契約審閱權,無以連繫申訴人,
2098,1120530,黃淑華,租賃,成屋,房東,修繕、改裝問題,撤案,
2099,1120601,呂佩怡,租賃,成屋,房東,違約金爭議,函告申訴人後續可行處理方式,
2100,1120602,信義房屋股份有限公司,買賣,成屋,仲介業,價金給付爭議,未妥善處理，函告申訴人後續可行處理方式,
2101,1120601,三發地產股份有限公司,買賣,預售屋,建商,其他,未妥善處理，函告申訴人後續可行處理方式,
2102,1120529,甲山林建設,買賣,預售屋,建商,價金給付爭議,妥善處理，達成和解,
2103,1120519,泉欣房屋仲介有限公司,買賣,成屋,仲介業,服務報酬爭議,未妥善處理，函告申訴人後續可行處理方式,
2104,1120609,榮騰建設有限公司,買賣,成屋,仲介業,價金給付爭議,未妥善處理，函告申訴人後續可行處理方式,
2105,1120609,張毓珠,租賃,成屋,房東,稅費負擔爭議,妥善處理，達成和解,
2106,1120609,稻盛房屋有限公司,買賣,成屋,仲介業,驗屋爭議,未妥善處理，函告申訴人後續可行處理方式,
2107,1120519,陳敏華,租賃,成屋,房東,水電、瓦斯及管理費負擔爭議,未妥善處理，函告申訴人後續可行處理方式,
2108,1120609,鴻毅服務股份有限公司,買賣,成屋,仲介業,仲介公司欺罔行為,撤案,
2109,1120608,兆基管理顧問股份有限公司,租賃,成屋,包租業,修繕、改裝問題,妥善處理，達成和解,
2110,1120614,周依嫻,租賃,成屋,房東,契約提供設備與現況不符,撤案,
2111,1120614,喬興不動產有限公司,租賃,成屋,仲介業,定金返還,未妥善處理，函告申訴人後續可行處理方式,
2112,1120615,信義房屋股份有限公司,買賣,成屋,仲介業,服務報酬爭議,消費者自行提起二次申訴,
2113,1120615,潤隆建設股份有限公司,買賣,預售屋,建商,施工瑕疵,妥善處理，達成和解,
2114,1120617,長頸鹿不動產經紀有限公司,租賃,成屋,仲介業,斡旋金返還,未妥善處理，函告申訴人後續可行處理方式,
2115,1120607,兆基管理顧問股份有限公司,租賃,成屋,包租業,水電、瓦斯及管理費負擔爭議,撤案,
2116,1120530,僑聯建設,買賣,成屋,建商,停車位使用權,未妥善處理，函告申訴人後續可行處理方式,
2117,1120620,新富開發股份有限公司,買賣,成屋,建商,施工瑕疵,撤案,
2118,1120620,張素卿,租賃,成屋,房東,房屋點交或返還,妥善處理，達成和解,
2119,1120616,陳韋諭,租賃,成屋,房東,擔保金(押金)返還或抵充,未妥善處理，函告申訴人後續可行處理方式,
2120,1120531,玖祐建設有限公司,買賣,預售屋,建商,其他,未妥善處理，函告申訴人後續可行處理方式,
2121,1120626,陳彥伯,租賃,成屋,房東,終止租約爭議,其他,雙方已有共識，將於7月底前協商解約事宜
2122,1120626,何黃秀美,租賃,成屋,房東,提前終止租約,妥善處理，達成和解,
2123,1120601,傅思穎,租賃,成屋,房東,擔保金(押金)返還或抵充,妥善處理，達成和解,
2124,1120628,魏梅素玉,租賃,成屋,房東,水電、瓦斯及管理費負擔爭議,未妥善處理，函告申訴人後續可行處理方式,
2125,1120614,永慶房屋仲介股份有限公司,買賣,成屋,仲介業,終止委售或買賣契約,妥善處理，達成和解,
2126,1120704,好租一二三股份有限公司,租賃,成屋,包租業,提前終止租約,妥善處理，達成和解,
2127,1120703,大師國際不動產股份有限公司,買賣,成屋,仲介業,委託銷售金額爭議,未妥善處理，函告申訴人後續可行處理方式,
2128,1120702,兆基管理顧問股份有限公司,租賃,成屋,包租業,房屋漏水問題,未妥善處理，函告申訴人後續可行處理方式,
2129,1120609,大芒果國際股份有限公司,租賃,成屋,包租業,擔保金(押金)返還或抵充,未妥善處理，函告申訴人後續可行處理方式,
2130,1120705,傑創不動產仲介經紀有限公司,買賣,成屋,仲介業,委託銷售金額爭議,未妥善處理，函告申訴人後續可行處理方式,
2131,1120706,陳若樺,租賃,成屋,房東,擔保金(押金)返還或抵充,無法聯繫被申訴人,
2132,1120705,白錫信,租賃,成屋,房東,擔保金(押金)返還或抵充,未妥善處理，函告申訴人後續可行處理方式,
2133,1120703,兆基管理顧問股份有限公司,租賃,成屋,包租業,房屋漏水問題,未妥善處理，函告申訴人後續可行處理方式,
2134,1120620,甲山林建設,買賣,成屋,建商,價金給付爭議,妥善處理，達成和解,
2135,1120707,信義房屋股份有限公司,買賣,成屋,仲介業,合約爭議,妥善處理，達成和解,
2136,1120710,嚴森,租賃,成屋,房東,稅費負擔爭議,無法聯繫被申訴人,
2137,1120710,嘉源建設股份有限公司,買賣,預售屋,建商,終止委售或買賣契約,移消保官,
2138,1120707,種籽地產有限公司,買賣,成屋,仲介業,驗屋爭議,未妥善處理，與申訴人聯繫後移消保官,
2139,1120711,清美資產管理開發股份有限公司,買賣,預售屋,建商,隱瞞重要資訊,函告申訴人後續可行處理方式,
2140,1120712,宏普建設股份有限公司,買賣,預售屋,建商,合約爭議,未妥善處理，函告申訴人後續可行處理方式,
2141,1120617,兆基管理顧問股份有限公司,租賃,成屋,包租業,房屋漏水問題,妥善處理，達成和解,
2142,1120708,嘉源建設股份有限公司,買賣,預售屋,建商,終止委售或買賣契約,移消保官,
2143,1120616,信義房屋股份有限公司,買賣,成屋,仲介業,隱瞞重要資訊,妥善處理，達成和解,
2144,1120615,信義房屋股份有限公司,買賣,成屋,仲介業,房屋漏水問題,未妥善處理，與申訴人聯繫後移消保官,
2145,1120616,黃勝暉,租賃,成屋,房東,房屋出賣/拍賣租約存續爭議,未妥善處理，函告申訴人後續可行處理方式,
2146,1120713,好享家不動產仲介經紀有限公司,買賣,成屋,仲介業,房屋現況說明書內容與現況不符,撤案,
2147,1120710,施寶淑,租賃,成屋,房東,擔保金(押金)返還或抵充,撤案,
2148,1120720,王X惠,租賃,成屋,房東,定金返還,未妥善處理，函告申訴人後續可行處理方式,
2149,1120719,兆基管理顧問股份有限公司,租賃,成屋,包租業,修繕、改裝問題,妥善處理，達成和解,
2150,1120714,嘉源建設股份有限公司,買賣,預售屋,建商,終止委售或買賣契約,移消保官,
2151,1120721,北吉房屋仲介有限公司,買賣,成屋,仲介業,價金給付爭議,未妥善處理，與申訴人聯繫後移消保官,
2152,1120720,沅浩房屋仲介有限公司,買賣,成屋,仲介業,委託銷售金額爭議,妥善處理，達成和解,
2153,1120630,耀德建設股份有限公司,買賣,預售屋,建商,合約爭議,未妥善處理，函告申訴人後續可行處理方式,
2154,1120726,寄居蟹租屋股份有限公司,租賃,成屋,包租業,終止租約爭議,妥善處理，達成和解,
2155,1120728,寄居蟹租屋股份有限公司,租賃,成屋,包租業,終止租約爭議,未妥善處理，函告申訴人後續可行處理方式,
2156,1120728,寄居蟹租屋股份有限公司,租賃,成屋,包租業,修繕、改裝問題,未妥善處理，函告申訴人後續可行處理方式,
2157,1120711,好厝多不動產經紀股份有限公司,買賣,成屋,仲介業,隱瞞重要資訊,移消保官,
2158,1120728,永慶房屋仲介股份有限公司,買賣,成屋,仲介業,仲介「斡旋金」返還,妥善處理，達成和解,
2159,1120728,李葉雪珠,租賃,成屋,房東,提前終止租約,未妥善處理，與申訴人聯繫後移消保官,
2160,1120707,林徐秀雲,租賃,成屋,房東,其他,妥善處理，達成和解,
2161,1120807,兆基管理顧問股份有限公司,租賃,成屋,包租業,提前終止租約,妥善處理，達成和解,
2162,1120804,烽馳物業管理顧問股份有限公司,租賃,成屋,包租業,擔保金(押金)返還或抵充,妥善處理，達成和解,
2163,1120719,潤虹開發有限公司,買賣,預售屋,建商,施工瑕疵,未妥善處理，函告申訴人後續可行處理方式,
2164,1120808,兆基管理顧問股份有限公司,租賃,成屋,代管業,房屋點交或返還,未妥善處理，函告申訴人後續可行處理方式,
2165,1120808,信義房屋股份有限公司,買賣,成屋,仲介業,房屋漏水問題,未妥善處理，函告申訴人後續可行處理方式,
2166,1120718,富華不動產開發有限公司,買賣,成屋,仲介業,隱瞞重要資訊,未妥善處理，與申訴人聯繫後移消保官,
2167,1120810,台北第一開發股份有限公司,買賣,成屋,仲介業,隱瞞重要資訊,未妥善處理，函告申訴人後續可行處理方式,
2168,1120804,嘉源建設股份有限公司,買賣,預售屋,建商,建商倒閉,移消保官,
2169,1120718,寶佳建設股份有限公司,買賣,預售屋,建商,其他,撤案,
2170,1120811,海悅國際開發股份有限公司,買賣,預售屋,代銷業,建材設備不符,消費者自行提起二次申訴,
2171,1120720,信義房屋股份有限公司,買賣,成屋,仲介業,房屋漏水問題,未妥善處理，函告申訴人後續可行處理方式,
2172,1120815,誠鄰不動產經紀股份有限公司,買賣,成屋,仲介業,終止委售或買賣契約,未妥善處理，函告申訴人後續可行處理方式,
2173,1120816,中信房屋仲介股份有限公司,買賣,成屋,仲介業,房屋漏水問題,未妥善處理，函告申訴人後續可行處理方式,
2174,1120807,皇冠不動產有限公司,買賣,成屋,仲介業,終止委售或買賣契約,妥善處理，達成和解,
2175,1120818,巨大不動產有限公司,買賣,成屋,仲介業,房屋現況說明書內容與現況不符,其他,議員召開協調會
2176,1120727,和發建設股份有限公司,買賣,預售屋,建商,驗屋爭議,妥善處理，達成和解,
2177,1120815,兆基管理顧問股份有限公司,租賃,成屋,包租業,遺留物之處理,未妥善處理，函告申訴人後續可行處理方式,
2178,1120818,潤隆建設股份有限公司,買賣,預售屋,建商,驗屋爭議,消費者自行提起二次申訴,
2179,1120728,洪淑玲,租賃,成屋,房東,終止租約爭議,未妥善處理，函告申訴人後續可行處理方式,
2180,1120822,吳重慮,租賃,成屋,房東,擔保金(押金)返還或抵充,未妥善處理，函告申訴人後續可行處理方式,
2181,1120728,陳韻如,租賃,成屋,房東,擔保金(押金)返還或抵充,未妥善處理，函告申訴人後續可行處理方式,
2182,1120811,永慶房屋仲介股份有限公司,買賣,成屋,仲介業,隱瞞重要資訊,撤案,
2183,1120824,家合不動產管理顧問股份有限公司,租賃,成屋,仲介業,定金返還,本局協商會，達成協議和解,
2184,1120822,黃淑鈴,租賃,成屋,房東,擔保金(押金)返還或抵充,未妥善處理，函告申訴人後續可行處理方式,
2185,1120802,黃壽章,租賃,成屋,房東,定金返還,函告申訴人後續可行處理方式,
2186,1120807,林郁峰,租賃,成屋,房東,擔保金(押金)返還或抵充,函告申訴人後續可行處理方式,
2187,1120825,叢妙容,租賃,成屋,房東,房東要求房客繳回契約書,妥善處理，達成和解,
2188,1120829,新潤興業股份有限公司,買賣,預售屋,建商,公安事件,未妥善處理，函告申訴人後續可行處理方式,
2189,1120807,麒御不動產有限公司,租賃,成屋,仲介業,斡旋金返還,妥善處理，達成和解,
2190,1120830,信義房屋股份有限公司,買賣,成屋,仲介業,標的物貸款問題,妥善處理，達成和解,
2191,1120901,兆基管理顧問股份有限公司,租賃,成屋,包租業,房屋漏水問題,妥善處理，達成和解,
2192,1120904,中捷生活事業股份有限公司,租賃,成屋,包租業,修繕、改裝問題,無以連繫申訴人,
2193,1120808,許玉櫻,租賃,成屋,房東,終止租約爭議,無以連繫申訴人,
2194,1120828,林柏成,租賃,成屋,房東,租金補貼爭議,消費者自行和解,
2195,1120901,兆基管理顧問股份有限公司,租賃,成屋,包租業,修繕、改裝問題,妥善處理，達成和解,
2196,1120904,貳捌房屋股份有限公司,租賃,成屋,仲介業,定金返還,未妥善處理，函告申訴人後續可行處理方式,
2197,1120901,先昱有限公司,租賃,成屋,包租業,擔保金(押金)返還或抵充,撤案,
2198,1120905,兆基管理顧問股份有限公司,租賃,成屋,包租業,提前終止租約,未妥善處理，函告申訴人後續可行處理方式,
2199,1120821,朱興泰,租賃,成屋,房東,擔保金(押金)返還或抵充,未妥善處理，函告申訴人後續可行處理方式,
2200,1120818,房東A,租賃,成屋,房東,水電、瓦斯及管理費負擔爭議,撤案,
2201,1120830,達欣開發股份有限公司,買賣,預售屋,建商,合約爭議,妥善處理，達成和解,
2202,1120828,兆基管理顧問股份有限公司,租賃,成屋,包租業,擔保金(押金)返還或抵充,妥善處理，達成和解,
2203,1120907,寬悅不動產有限公司,買賣,成屋,仲介業,房屋漏水問題,未妥善處理，函告申訴人後續可行處理方式,
2204,1120911,永慶房屋仲介股份有限公司,買賣,成屋,仲介業,地下室使用權與產權爭議,未妥善處理，函告申訴人後續可行處理方式,
2205,1120824,好厝多不動產經紀股份有限公司,買賣,成屋,仲介業,房屋漏水問題,無以連繫申訴人,
2206,1120915,永慶房屋仲介股份有限公司,買賣,成屋,仲介業,契約審閱權,妥善處理，達成和解,
2207,1120821,李君威、李君平、李明前,租賃,成屋,房東,停車位使用爭議,函告申訴人後續可行處理方式,
2208,1120911,信義房屋股份有限公司,買賣,成屋,仲介業,終止委售或買賣契約,未妥善處理，函告申訴人後續可行處理方式,
2209,1120914,信義房屋股份有限公司,買賣,成屋,仲介業,其他,未妥善處理，函告申訴人後續可行處理方式,
2210,1120914,黃素女,租賃,成屋,房東,其他,妥善處理，達成和解,
2211,1120918,徐氏不動產有限公司,買賣,成屋,仲介業,服務報酬爭議,未妥善處理，函告申訴人後續可行處理方式,
2212,1120914,家合不動產管理顧問股份有限公司,租賃,成屋,仲介業,其他,妥善處理，達成和解,
2213,1120914,基泰建設,買賣,預售屋,建商,公安事件,未妥善處理，與申訴人聯繫後移消保官,
2214,1120918,安業不動產仲介股份有限公司,買賣,成屋,仲介業,仲介「斡旋金」返還,未妥善處理，函告申訴人後續可行處理方式,
2215,1120901,池旭有限公司,租賃,成屋,仲介業,終止租約爭議,妥善處理，達成和解,
2216,1120920,梁惠美,租賃,成屋,房東,其他,無以連繫申訴人,
2217,1120921,海悅國際開發股份有限公司,買賣,預售屋,代銷業,建材設備不符,妥善處理，達成和解,
2218,1120922,貳捌房屋股份有限公司,租賃,成屋,仲介業,定金返還,未妥善處理，函告申訴人後續可行處理方式,
2219,1120923,兆基管理顧問股份有限公司,租賃,成屋,包租業,稅費負擔爭議,妥善處理，達成和解,
2220,1120925,海研建築股份有限公司,買賣,預售屋,建商,廣告不實,消費者自行提起二次申訴,
2221,1120928,金洲不動產租賃有限公司,租賃,成屋,仲介業,服務報酬爭議,函告申訴人後續可行處理方式,
2222,1120915,格瑞資產管理顧問有限公司,租賃,成屋,包租業,服務報酬爭議,妥善處理，達成和解,
2223,1121002,一米好居有限公司,租賃,成屋,包租業,終止租約爭議,妥善處理，達成和解,
2224,1121004,堡勤不動產仲介經紀有限公司,買賣,成屋,仲介業,隱瞞重要資訊,未妥善處理，函告申訴人後續可行處理方式,
2225,1120927,大管家房屋管理顧問有限公司,租賃,成屋,包租業,租金補貼爭議,妥善處理，達成和解,
2226,1121005,旺洲開發股份有限公司,買賣,預售屋,建商,其他,未妥善處理，函告申訴人後續可行處理方式,
2227,1120920,安業不動產仲介股份有限公司,買賣,成屋,仲介業,仲介「斡旋金」返還,未妥善處理，函告申訴人後續可行處理方式,
2228,1121004,安勝房屋仲介經紀有限公司,買賣,成屋,仲介業,終止委售或買賣契約,未妥善處理，函告申訴人後續可行處理方式,
2229,1121006,沅沛房屋仲介有限公司,買賣,成屋,仲介業,隱瞞重要資訊,妥善處理，達成和解,
2230,1120914,宏盛建設股份有限公司,買賣,預售屋,建商,有關稅費爭議,無以連繫申訴人,
2231,1121012,旺洲開發股份有限公司,買賣,預售屋,建商,交屋遲延,未妥善處理，函告申訴人後續可行處理方式,
2232,1120928,岳泰建設股份有限公司,買賣,預售屋,建商,交屋遲延,未妥善處理，函告申訴人後續可行處理方式,
2233,1121012,首敦建設股份有限公司,買賣,預售屋,建商,其他,消費者自行和解,
2234,1121013,宏盛建設股份有限公司,買賣,預售屋,建商,有關稅費爭議,妥善處理，達成和解,
2235,1120915,虹耀建設股份有限公司,買賣,預售屋,建商,合約爭議,撤案,
2236,1121013,海悅國際開發股份有限公司,買賣,預售屋,代銷業,建材設備不符,妥善處理，達成和解,
2237,1121013,海悅國際開發股份有限公司,買賣,預售屋,代銷業,建材設備不符,妥善處理，達成和解,
2238,1121013,海悅國際開發股份有限公司,買賣,預售屋,代銷業,建材設備不符,妥善處理，達成和解,
2239,1121016,海悅國際開發股份有限公司,買賣,預售屋,代銷業,建材設備不符,未妥善處理，函告申訴人後續可行處理方式,
2240,1121016,海悅國際開發股份有限公司,買賣,預售屋,代銷業,建材設備不符,妥善處理，達成和解,
2241,1121017,信義房屋股份有限公司,買賣,成屋,仲介業,房屋漏水問題,未妥善處理，函告申訴人後續可行處理方式,
2242,1121018,兆騰租屋管理顧問股份有限公司,租賃,成屋,包租業,房屋漏水問題,未妥善處理，函告申訴人後續可行處理方式,
2243,1121018,博德樂速股份有限公司,租賃,成屋,包租業,其他,無以連繫申訴人,
2244,1121003,晶鑽房屋仲介股份有限公司,買賣,成屋,仲介業,其他,無以連繫申訴人,
2245,1121017,圓品不動產股份有限公司,買賣,成屋,仲介業,終止委售或買賣契約,撤案,
2246,1121023,永慶房屋仲介股份有限公司,買賣,成屋,仲介業,服務報酬爭議,妥善處理，達成和解,
2247,1121023,彭仁福,租賃,成屋,房東,租金補貼爭議,無以連繫申訴人,
2248,1120927,蔣佩玲,租賃,成屋,房東,水電、瓦斯及管理費負擔爭議,函告申訴人後續可行處理方式,
2249,1120926,喬興不動產有限公司,租賃,成屋,仲介業,定金返還,妥善處理，達成和解,
2250,1121025,岳泰建設股份有限公司、璟騰有限公司,買賣,預售屋,建商,交屋遲延,妥善處理，達成和解,
2251,1121025,岳泰建設股份有限公司、璟騰有限公司,買賣,預售屋,建商,交屋遲延,妥善處理，達成和解,
2252,1121025,永慶房屋仲介股份有限公司,買賣,成屋,仲介業,房屋漏水問題,妥善處理，達成和解,
2253,1121006,寬悅不動產有限公司,買賣,成屋,仲介業,其他,妥善處理，達成和解,
2254,1121002,林陳鳳珠,租賃,成屋,房東,擔保金(押金)返還或抵充,無以連繫申訴人,
2255,1121026,海悅國際開發股份有限公司,買賣,預售屋,代銷業,建材設備不符,妥善處理，達成和解,
2256,1121026,海悅國際開發股份有限公司,買賣,預售屋,代銷業,建材設備不符,妥善處理，達成和解,
2257,1121026,海悅國際開發股份有限公司,買賣,預售屋,代銷業,建材設備不符,妥善處理，達成和解,
2258,1121011,兆基管理顧問股份有限公司,租賃,成屋,包租業,修繕、改裝問題,妥善處理，達成和解,
2259,1121030,林映玲,租賃,成屋,房東,修繕、改裝問題,消費者自行提起二次申訴,
2260,1121005,鼎睿房屋仲介股份有限公司,買賣,成屋,仲介業,服務報酬爭議,妥善處理，達成和解,
2261,1121005,首敦建設股份有限公司,買賣,預售屋,建商,交屋遲延,未妥善處理，函告申訴人後續可行處理方式,
2262,1121101,蔣詩慧,租賃,成屋,房東,租金補貼爭議,妥善處理，達成和解,
2263,1121103,玖恩建設股份有限公司,買賣,預售屋,建商,建材設備不符,未妥善處理，函告申訴人後續可行處理方式,
2264,1121101,豐馥資產管理有限公司,租賃,成屋,包租業,終止租約爭議,消費者自行和解,
2265,1121013,兆基管理顧問股份有限公司,租賃,成屋,包租業,終止租約爭議,妥善處理，達成和解,
2266,1121109,宸興不動產經紀有限公司,買賣,成屋,仲介業,終止委售或買賣契約,妥善處理，達成和解,
2267,1121012,林憶華,租賃,成屋,房東,水電、瓦斯及管理費負擔爭議,無以連繫申訴人,
2268,1121017,信義房屋股份有限公司,買賣,成屋,仲介業,終止委售或買賣契約,撤案,
2269,1121101,秦孝宜,租賃,成屋,房東,租金調整爭議,未妥善處理，函告申訴人後續可行處理方式,
2270,1121103,焦愛華,租賃,成屋,房東,擔保金(押金)返還或抵充,函告申訴人後續可行處理方式,
2271,1121024,有為不動產經紀股份有限公司,買賣,成屋,仲介業,標的物貸款問題,妥善處理，達成和解,
2272,1121108,高楨樹,租賃,成屋,房東,修繕、改裝問題,未妥善處理，函告申訴人後續可行處理方式,
2273,1121027,陳建新,租賃,成屋,房東,租金調整爭議,未妥善處理，函告申訴人後續可行處理方式,
2274,1121024,新潤興業股份有限公司,買賣,預售屋,建商,廣告不實,未妥善處理，函告申訴人後續可行處理方式,
2275,1121030,永慶房屋仲介股份有限公司,買賣,成屋,仲介業,隱瞞重要資訊,其他,雙方將於11月30前至南港區公所調解
2276,1121121,安勝房屋仲介經紀有限公司,買賣,成屋,仲介業,屋頂使用權與產權爭議,未妥善處理，與申訴人聯繫後移消保官,
2277,1121122,宏普建設,買賣,預售屋,建商,建材設備不符,未妥善處理，函告申訴人後續可行處理方式,
2278,1121124,喬昱不動產仲介經紀有限公司,買賣,成屋,仲介業,標的物貸款問題,妥善處理，達成和解,
2279,1121108,陞鴻興業股份有限公司,買賣,預售屋,建商,合約爭議,未妥善處理，與申訴人聯繫後移消保官,
2280,1121108,永慶房屋仲介股份有限公司,買賣,成屋,仲介業,隱瞞重要資訊,未妥善處理，函告申訴人後續可行處理方式,
2281,1121031,首敦建設股份有限公司,買賣,預售屋,建商,交屋遲延,未妥善處理，函告申訴人後續可行處理方式,
2282,1121124,永慶房屋仲介股份有限公司,買賣,成屋,仲介業,氯離子檢測,未妥善處理，函告申訴人後續可行處理方式,
2283,1121129,林德成,租賃,成屋,房東,擔保金(押金)返還或抵充,撤案,
2284,1121120,堡群不動產仲介經紀有限公司,買賣,成屋,仲介業,「定金」返還(含斡旋金轉成定金返還),妥善處理，達成和解,
2285,1121130,東森房屋股份有限公司,買賣,成屋,仲介業,其他,妥善處理，達成和解,
2286,1121201,三發地產股份有限公司,買賣,成屋,建商,廣告不實,無以連繫申訴人,
2287,1121201,宏盛建設股份有限公司,買賣,預售屋,建商,有關稅費爭議,妥善處理，達成和解,
2288,1121121,理德房屋仲介有限公司,買賣,成屋,仲介業,合約爭議,妥善處理，達成和解,
2289,1121128,兆豐不動產經紀股份有限公司,買賣,成屋,仲介業,隱瞞重要資訊,未妥善處理，函告申訴人後續可行處理方式,
2290,1121101,甲桂林廣告股份有限公司,買賣,預售屋,代銷業,仲介「斡旋金」返還,未妥善處理，函告申訴人後續可行處理方式,
2291,1121107,永慶房屋仲介股份有限公司,買賣,成屋,仲介業,氯離子檢測,妥善處理，達成和解,
2292,1121205,信義房屋股份有限公司,買賣,成屋,仲介業,終止委售或買賣契約,妥善處理，達成和解,
2293,1121109,三發地產股份有限公司,買賣,成屋,建商,其他,未妥善處理，函告申訴人後續可行處理方式,
2294,1121207,兆基管理顧問股份有限公司,租賃,成屋,代管業,租金補貼爭議,未妥善處理，函告申訴人後續可行處理方式,
2295,1121211,貳捌房屋股份有限公司,租賃,成屋,仲介業,服務報酬爭議,本局協商會，達成協議和解,
2296,1121208,黃俊隆,租賃,成屋,房東,定金返還,本局協商會，達成協議和解,
2297,1121211,岳泰建設股份有限公司,買賣,預售屋,建商,交屋遲延,妥善處理，達成和解,
2298,1121213,楊繼盛,租賃,成屋,房東,擔保金(押金)返還或抵充,函告申訴人後續可行處理方式,
2299,1121121,恆合建設股份有限公司,買賣,預售屋,建商,標的物貸款問題,本局協商會，未達成協議,
2300,1121215,基泰建設,買賣,預售屋,建商,公安事件,其他,消費者自提調解
2301,1121219,兆基管理顧問股份有限公司,租賃,成屋,包租業,契約審閱權,妥善處理，達成和解,
2302,1121122,首敦建設股份有限公司,買賣,預售屋,建商,交屋遲延,消費者自行提起二次申訴,
2303,1121130,陳憶華,租賃,成屋,房東,租金補貼爭議,消費者自行和解,
2304,1121120,潤隆建設股份有限公司,買賣,預售屋,建商,驗屋爭議,妥善處理，達成和解,
2305,1121218,永慶房屋仲介股份有限公司,買賣,成屋,仲介業,終止委售或買賣契約,未妥善處理，函告申訴人後續可行處理方式,
2306,1121129,貳捌房屋股份有限公司,租賃,成屋,仲介業,服務報酬爭議,未妥善處理，函告申訴人後續可行處理方式,
2307,1121201,紘福不動產經紀有限公司,買賣,成屋,仲介業,房屋漏水問題,未妥善處理，函告申訴人後續可行處理方式,
2308,1121222,黃洛軒,租賃,成屋,房東,擔保金(押金)返還或抵充,無以連繫申訴人,
2309,1121221,周雅琦,租賃,成屋,房東,違約金爭議,妥善處理，達成和解,
2310,1121220,信義房屋股份有限公司,買賣,成屋,仲介業,房屋現況說明書內容與現況不符,妥善處理，達成和解,
2311,1121214,廣宇建設實業股份有限公司,買賣,預售屋,建商,廣告不實,妥善處理，達成和解,
2312,1121129,陳韻笳,租賃,成屋,房東,修繕、改裝問題,妥善處理，達成和解,
2313,1121219,杜淑徵,租賃,成屋,房東,定金返還,妥善處理，達成和解,
2314,1121207,許呂雲,租賃,成屋,房東,房屋漏水問題,未妥善處理，函告申訴人後續可行處理方式,
2315,1121228,曾志超,租賃,成屋,房東,房屋使用爭議,未妥善處理，函告申訴人後續可行處理方式,
2316,1121211,博元建設股份有限公司,買賣,預售屋,建商,價金給付爭議,妥善處理，達成和解,
2317,1130104,冠德建設,買賣,成屋,建商,施工瑕疵,其他,消保官召開協商會
2318,1121227,李嘉聆,租賃,成屋,房東,擔保金(押金)返還或抵充,妥善處理，達成和解,
2319,1130105,黃美玲,租賃,成屋,房東,租金補貼爭議,無以連繫申訴人,
2320,1130109,楊玉珠,租賃,成屋,房東,定金返還,函告申訴人後續可行處理方式,
2321,1130110,鍾延生,租賃,成屋,房東,修繕、改裝問題,其他,二申消保官協調後和解
2322,1130109,吉祥投資股份有限公司,買賣,成屋,非不動產服務業,「定金」返還(含斡旋金轉成定金返還),未妥善處理，函告申訴人後續可行處理方式,
2323,1130111,大華建設股份有限公司,買賣,成屋,建商,驗屋爭議,妥善處理，達成和解,
2324,1130111,達欣開發股份有限公司,買賣,預售屋,建商,建材設備不符,未妥善處理，函告申訴人後續可行處理方式,
2325,1121221,世新不動產經紀有限公司,買賣,成屋,仲介業,房屋現況說明書內容與現況不符,未妥善處理，函告申訴人後續可行處理方式,
2326,1121220,寄居蟹租屋股份有限公司,租賃,成屋,包租業,修繕、改裝問題,未妥善處理，函告申訴人後續可行處理方式,
2327,1130110,六峰建設開發股份有限公司,買賣,預售屋,建商,有關稅費爭議,未妥善處理，函告申訴人後續可行處理方式,
2328,1130111,長富開發不動產有限公司,買賣,成屋,仲介業,合約爭議,妥善處理，達成和解,
2329,1130115,永慶房屋仲介股份有限公司,買賣,成屋,仲介業,房屋漏水問題,妥善處理，達成和解,
2330,1130116,至善房屋仲介有限公司,買賣,成屋,仲介業,房屋漏水問題,妥善處理，達成和解,
2331,1130116,張立蕾,租賃,成屋,房東,房屋漏水問題,撤案,
2332,1130117,欣詮建設股份有限公司,買賣,預售屋,建商,交屋遲延,未妥善處理，函告申訴人後續可行處理方式,
2333,1130115,永慶房屋仲介股份有限公司,買賣,成屋,仲介業,房屋現況說明書內容與現況不符,妥善處理，達成和解,
2334,1121226,總行營造興業股份有限公司,買賣,預售屋,建商,價金給付爭議,無以連繫申訴人,
2335,1121227,築巢全球事業有限公司,買賣,成屋,仲介業,服務報酬爭議,未妥善處理，函告申訴人後續可行處理方式,
2336,1130117,徐政源,租賃,成屋,房東,租金補貼爭議,其他,二申消保官協調後和解
2337,1130122,新潤興業股份有限公司,買賣,預售屋,建商,施工瑕疵,未妥善處理，函告申訴人後續可行處理方式,
2338,1130124,信義房屋股份有限公司,買賣,預售屋,仲介業,契約審閱權,函告申訴人後續可行處理方式,
2339,1130126,大師國際不動產股份有限公司,買賣,成屋,仲介業,服務報酬爭議,未妥善處理，函告申訴人後續可行處理方式,
2340,1130119,陳怡伶,租賃,成屋,房東,租金補貼爭議,撤案,
2341,1130131,貳捌房屋股份有限公司,租賃,成屋,仲介業,定金返還,未妥善處理，與申訴人聯繫後移消保官,
2342,1130126,馨嘉資產管理有限公司,租賃,成屋,仲介業,擔保金(押金)返還或抵充,未妥善處理，函告申訴人後續可行處理方式,
2343,1130116,崧誠不動產仲介有限公司,租賃,成屋,仲介業,其他,妥善處理，達成和解,
2344,1130131,優式資產管理有限公司,租賃,成屋,房東,違約金爭議,撤案,
2345,1130130,百琚不動產經紀有限公司,買賣,成屋,仲介業,隱瞞重要資訊,未妥善處理，函告申訴人後續可行處理方式,
2346,1130201,永慶房屋仲介股份有限公司,買賣,成屋,仲介業,仲介公司欺罔行為,妥善處理，達成和解,
2347,1130205,松信不動產有限公司,租賃,成屋,代管業,擔保金(押金)返還或抵充,函告申訴人後續可行處理方式,
2348,1130206,信義房屋股份有限公司,買賣,成屋,仲介業,房屋漏水問題,妥善處理，達成和解,
2349,1130110,兆基管理顧問股份有限公司,租賃,成屋,包租業,其他,未妥善處理，函告申訴人後續可行處理方式,
2350,1130129,台灣房屋仲介股份有限公司,買賣,成屋,仲介業,價金給付爭議,撤案,
2351,1130206,陳亮維,租賃,成屋,房東,房屋漏水問題,未妥善處理，函告申訴人後續可行處理方式,
2352,1130206,信義房屋股份有限公司,買賣,成屋,仲介業,房屋漏水問題,未妥善處理，函告申訴人後續可行處理方式,
2353,1130207,信義房屋股份有限公司,買賣,成屋,仲介業,其他,無以連繫申訴人,
2354,1130122,三發地產股份有限公司,買賣,成屋,建商,有關稅費爭議,未妥善處理，函告申訴人後續可行處理方式,
2355,1130124,陳憶華,租賃,成屋,房東,房東任意進出房屋,妥善處理，達成和解,
2356,1130206,基泰建設,買賣,預售屋,建商,價金給付爭議,撤案,
2357,1130125,永慶房屋仲介股份有限公司,買賣,成屋,仲介業,價金給付爭議,未妥善處理，函告申訴人後續可行處理方式,
2358,1130219,永慶房屋仲介股份有限公司,買賣,成屋,仲介業,交屋遲延,妥善處理，達成和解,
2359,1130216,兆基管理顧問股份有限公司,租賃,成屋,包租業,擔保金(押金)返還或抵充,未妥善處理，函告申訴人後續可行處理方式,
2360,1130215,羅右倫,租賃,成屋,房東,擔保金(押金)返還或抵充,未妥善處理，函告申訴人後續可行處理方式,
2361,1130220,饒美惠,租賃,成屋,房東,擔保金(押金)返還或抵充,未妥善處理，函告申訴人後續可行處理方式,
2362,1130222,李政育,租賃,成屋,房東,提前終止租約,妥善處理，達成和解,
2363,1130222,好厝多不動產經紀股份有限公司,買賣,成屋,仲介業,價金給付爭議,未妥善處理，函告申訴人後續可行處理方式,
2364,1130130,台灣地產股份有限公司,買賣,成屋,仲介業,服務報酬爭議,未妥善處理，函告申訴人後續可行處理方式,
2365,1130205,宏普建設股份有限公司,買賣,預售屋,建商,建材設備不符,未妥善處理，函告申訴人後續可行處理方式,
2366,1130229,享富安居企業有限公司,租賃,成屋,包租業,擔保金(押金)返還或抵充,未妥善處理，函告申訴人後續可行處理方式,
2367,1130229,祿鼎建設股份有限公司,買賣,預售屋,建商,驗屋爭議,議會協商成立,
2368,1130229,御豐資產管理有限公司,租賃,成屋,包租業,廣告不實,未妥善處理，函告申訴人後續可行處理方式,
2369,1130229,永慶房屋仲介股份有限公司,買賣,成屋,仲介業,其他,撤案,
2370,1130226,陳朝修,租賃,成屋,房東,擔保金(押金)返還或抵充,未妥善處理，與申訴人聯繫後移消保官,
2371,1130304,圓冠不動產股份有限公司,買賣,成屋,仲介業,服務報酬爭議,未妥善處理，函告申訴人後續可行處理方式,
2372,1130304,東龍寬頻國際開發股份有限公司,買賣,預售屋,建商,交屋遲延,消費者自行提起二次申訴,
2373,1130307,皇翔建設股份有限公司,買賣,預售屋,建商,驗屋爭議,未妥善處理，函告申訴人後續可行處理方式,
2374,1130215,蔡宜橙,租賃,成屋,房東,提前終止租約,未妥善處理，函告申訴人後續可行處理方式,
2375,1130221,永慶房屋仲介股份有限公司,買賣,成屋,仲介業,隱瞞重要資訊,未妥善處理，函告申訴人後續可行處理方式,
2376,1130307,格瑞資產管理顧問有限公司,租賃,成屋,仲介業,擔保金(押金)返還或抵充,未妥善處理，函告申訴人後續可行處理方式,
2377,1130311,艾佳國際資產管理有限公司,租賃,成屋,仲介業,隱瞞重要資訊,妥善處理，達成和解,
2378,1130308,永慶房屋仲介股份有限公司,買賣,成屋,仲介業,仲介公司欺罔行為,妥善處理，達成和解,
2379,1130314,達欣開發股份有限公司,買賣,預售屋,建商,廣告不實,未妥善處理，函告申訴人後續可行處理方式,
2380,1130226,宮在明,租賃,成屋,房東,終止租約爭議,妥善處理，達成和解,
2381,1130314,黃俊達,租賃,成屋,房東,擔保金(押金)返還或抵充,未妥善處理，函告申訴人後續可行處理方式,
2382,1130314,將捷建設,買賣,預售屋,建商,廣告不實,未妥善處理，函告申訴人後續可行處理方式,
2383,1130311,貳捌房屋股份有限公司,租賃,成屋,仲介業,未提供服務報酬收據,未妥善處理，函告申訴人後續可行處理方式,
2384,1130315,富喬物業管理顧問股份有限公司,租賃,成屋,仲介業,租金補貼爭議,撤案,
2385,1130315,永慶房屋仲介股份有限公司,買賣,成屋,仲介業,終止委售或買賣契約,妥善處理，達成和解,
2386,1130318,松信不動產有限公司,租賃,成屋,仲介業,租約存續爭議,未妥善處理，函告申訴人後續可行處理方式,
2387,1130318,永慶房屋仲介股份有限公司,買賣,成屋,仲介業,終止委售或買賣契約,未妥善處理，函告申訴人後續可行處理方式,
2388,1130318,國泰建設公司,買賣,預售屋,建商,價金給付爭議,未妥善處理，函告申訴人後續可行處理方式,
2389,1130318,陳瑋齡,租賃,成屋,房東,提前終止租約,函告申訴人後續可行處理方式,
2390,1130301,永慶房屋仲介股份有限公司,買賣,成屋,仲介業,終止委售或買賣契約,未妥善處理，函告申訴人後續可行處理方式,
2391,1130320,達永建設股份有限公司,買賣,成屋,建商,施工瑕疵,未妥善處理，函告申訴人後續可行處理方式,
2392,1130322,永慶房屋仲介股份有限公司,買賣,成屋,仲介業,有關稅費爭議,妥善處理，達成和解,
2393,1130229,李紹雄,租賃,成屋,房東,擔保金(押金)返還或抵充,函告申訴人後續可行處理方式,
2394,1130320,謝宜玲及高志宇,租賃,成屋,房東,修繕、改裝問題,函告申訴人後續可行處理方式,
2395,1130326,王慶安,租賃,成屋,房東,提前終止租約,未妥善處理，函告申訴人後續可行處理方式,
2396,1130326,恆合建設股份有限公司,買賣,預售屋,建商,其他,未妥善處理，函告申訴人後續可行處理方式,
2397,1130328,信義房屋股份有限公司,買賣,成屋,仲介業,終止委售或買賣契約,妥善處理，達成和解,
2398,1130322,永慶房屋仲介股份有限公司,買賣,成屋,仲介業,其他,妥善處理，達成和解,
2399,1130326,吳怡慧,租賃,成屋,房東,租金補貼爭議,妥善處理，達成和解,
2400,1130322,林君桂,租賃,成屋,房東,終止租約爭議,函告申訴人後續可行處理方式,
2401,1130307,大華建設股份有限公司,買賣,預售屋,建商,驗屋爭議,未妥善處理，函告申訴人後續可行處理方式,
2402,1130322,黃國樑,租賃,成屋,房東,違約金爭議,撤案,
2403,1130326,紘福不動產經紀有限公司,買賣,成屋,仲介業,服務報酬爭議,未妥善處理，與申訴人聯繫後移消保官,
2404,1130311,一米好居有限公司,租賃,成屋,包租業,擔保金(押金)返還或抵充,未妥善處理，函告申訴人後續可行處理方式,
2405,1130402,宏豐泰建設股份有限公司,租賃,成屋,房東,修繕、改裝問題,其他,消費者俟收到退還押金再和解
2406,1130403,永慶房屋仲介股份有限公司,買賣,成屋,仲介業,房屋現況說明書內容與現況不符,未妥善處理，函告申訴人後續可行處理方式,
2407,1130408,大陸建設股份有限公司,買賣,預售屋,建商,建材設備不符,未妥善處理，函告申訴人後續可行處理方式,
2408,1130402,永慶房屋仲介股份有限公司,買賣,成屋,仲介業,房屋現況說明書內容與現況不符,撤案,
2409,1130320,安勝房屋仲介經紀有限公司,買賣,成屋,仲介業,價金給付爭議,未妥善處理，函告申訴人後續可行處理方式,
2410,1130315,星華股份有限公司,租賃,成屋,包租業,其他,未妥善處理，函告申訴人後續可行處理方式,
2411,1130411,住商實業股份有限公司,買賣,成屋,仲介業,房屋漏水問題,未妥善處理，函告申訴人後續可行處理方式,
2412,1130409,國泰建設公司,買賣,預售屋,建商,其他,妥善處理，達成和解,
2413,1130327,永慶房屋仲介股份有限公司,買賣,成屋,仲介業,價金給付爭議,妥善處理，達成和解,
2414,1130320,大華建設股份有限公司,買賣,預售屋,建商,驗屋爭議,未妥善處理，函告申訴人後續可行處理方式,
2415,1130326,郭吳美智,租賃,成屋,房東,擔保金(押金)返還或抵充,無法聯繫被申訴人,
2416,1130415,富利興開發股份有限公司,買賣,預售屋,建商,施工瑕疵,未妥善處理，函告申訴人後續可行處理方式,
2417,1130417,傑創不動產仲介經紀有限公司,買賣,成屋,仲介業,隱瞞重要資訊,未妥善處理，函告申訴人後續可行處理方式,
2418,1130416,有愉不動產經紀股份有限公司,租賃,成屋,仲介業,提前終止租約,撤案,
2419,1130418,柯本生,租賃,成屋,房東,提前終止租約,無以連繫申訴人,
2420,1130418,欣聯建設開發股份有限公司,買賣,預售屋,建商,合約爭議,未妥善處理，函告申訴人後續可行處理方式,
2421,1130327,大華建設股份有限公司,買賣,預售屋,建商,驗屋爭議,妥善處理，達成和解,
2422,1130421,佳宸建設股份有限公司,買賣,預售屋,建商,交屋遲延,其他,本案已初步達成共識，惟消費者需具法律效力之和解書，故提供後續申訴管道申請書
2423,1130423,銘傳不動產經紀有限公司,買賣,成屋,仲介業,仲介公司欺罔行為,未妥善處理，函告申訴人後續可行處理方式,
2424,1130419,沅沛房屋仲介有限公司,買賣,成屋,仲介業,仲介「斡旋金」返還,未妥善處理，函告申訴人後續可行處理方式,
2425,1130409,好厝多不動產經紀股份有限公司,買賣,成屋,仲介業,仲介「斡旋金」返還,未妥善處理，函告申訴人後續可行處理方式,
2426,1130422,五告讚國際地產有限公司,租賃,成屋,仲介業,服務報酬爭議,妥善處理，達成和解,
2427,1130422,永慶房屋仲介股份有限公司,買賣,成屋,仲介業,隱瞞重要資訊,未妥善處理，函告申訴人後續可行處理方式,
2428,1130408,忠泰建設股份有限公司,買賣,成屋,建商,合約爭議,妥善處理，達成和解,
2429,1130426,冠承不動產仲介經紀有限公司,買賣,成屋,仲介業,仲介公司欺罔行為,撤案,
2430,1130426,宏璟建設股份有限公司,買賣,成屋,建商,其他,未妥善處理，函告申訴人後續可行處理方式,
2431,1130425,許皓喬,租賃,成屋,房東,隱瞞重要資訊,撤案,
2432,1130430,永慶房屋仲介股份有限公司,租賃,成屋,仲介業,違約金爭議,妥善處理，達成和解,
2433,1130424,陳孝一,租賃,成屋,房東,修繕、改裝問題,妥善處理，達成和解,
2434,1130412,財團法人中華文化社會福利事業基金會,租賃,成屋,房東,擔保金(押金)返還或抵充,撤案,
2435,1130503,孫玉勤,租賃,成屋,房東,租金補貼爭議,無以連繫申訴人,
2436,1130503,興富發建設股份有限公司,買賣,預售屋,建商,終止委售或買賣契約,未妥善處理，函告申訴人後續可行處理方式,
2437,1130506,吳仁煥,租賃,成屋,房東,租金調整爭議,未妥善處理，函告申訴人後續可行處理方式,
2438,1130502,基泰建設,買賣,預售屋,建商,開工遲延,未妥善處理，函告申訴人後續可行處理方式,
2439,1130510,格瑞資產管理顧問有限公司,租賃,成屋,仲介業,定金返還,未妥善處理，函告申訴人後續可行處理方式,
2440,1130511,信義房屋股份有限公司,買賣,成屋,仲介業,產權不清楚,妥善處理，達成和解,
2441,1130419,信義房屋股份有限公司,買賣,成屋,仲介業,隱瞞重要資訊,未妥善處理，函告申訴人後續可行處理方式,
2442,1130514,兆基管理顧問股份有限公司,租賃,成屋,包租業,租金補貼爭議,妥善處理，達成和解,
2443,1130515,君岳開發建設股份有限公司,買賣,預售屋,建商,其他,未妥善處理，與申訴人聯繫後移消保官,
2444,1130509,太鼎不動產仲介經紀有限公司,買賣,成屋,仲介業,服務報酬爭議,未妥善處理，與申訴人聯繫後移消保官,
2445,1130503,興茂房屋仲介有限公司,買賣,成屋,仲介業,終止委售或買賣契約,未妥善處理，函告申訴人後續可行處理方式,
2446,1130520,陳彥羽,租賃,成屋,房東,水電、瓦斯及管理費負擔爭議,撤案,
2447,1130517,遠雄建設事業股份有限公司,買賣,預售屋,建商,房屋漏水問題,未妥善處理，函告申訴人後續可行處理方式,
2448,1130506,家樂福資產管理有限公司,買賣,成屋,仲介業,終止委售或買賣契約,未妥善處理，函告申訴人後續可行處理方式,
2449,1130520,口禾暘建設股份有限公司,買賣,預售屋,建商,其他,議會協商不成立,
2450,1130527,帝寶建設有限公司,買賣,預售屋,建商,有關稅費爭議,函告申訴人後續可行處理方式,
2451,1130518,永慶房屋仲介股份有限公司,買賣,成屋,仲介業,房屋現況說明書內容與現況不符,未妥善處理，函告申訴人後續可行處理方式,
2452,1130507,永慶房屋仲介股份有限公司,買賣,成屋,仲介業,委託銷售金額爭議,未妥善處理，函告申訴人後續可行處理方式,
2453,1130528,海揚廣告股份有限公司,買賣,預售屋,代銷業,「定金」返還(含斡旋金轉成定金返還),妥善處理，達成和解,
2454,1130530,大華建設股份有限公司,買賣,預售屋,建商,廣告不實,未妥善處理，函告申訴人後續可行處理方式,
2455,1130527,欣展不動產有限公司,租賃,成屋,仲介業,隱瞞重要資訊,妥善處理，達成和解,
2456,1130529,大華建設股份有限公司,買賣,預售屋,建商,隱瞞重要資訊,未妥善處理，函告申訴人後續可行處理方式,
2457,1130529,百分百不動產經紀股份有限公司,買賣,成屋,仲介業,其他,函告申訴人後續可行處理方式,
2458,1130531,永慶房屋仲介股份有限公司,買賣,成屋,仲介業,服務報酬爭議,妥善處理，達成和解,
2459,1130529,奧村不動產有限公司,租賃,成屋,仲介業,修繕、改裝問題,未妥善處理，函告申訴人後續可行處理方式,
2460,1130604,杜書穎,租賃,成屋,房東,擔保金(押金)返還或抵充,其他,二申消保官協調後和解
2461,1130513,台灣地產股份有限公司,租賃,成屋,仲介業,提前終止租約,未妥善處理，函告申訴人後續可行處理方式,
2462,1130529,頂贏國際資產管理投資顧問股份有限公司,買賣,成屋,仲介業,服務報酬爭議,妥善處理，達成和解,
2463,1130607,豐馥資產管理有限公司,租賃,成屋,仲介業,擔保金(押金)返還或抵充,妥善處理，達成和解,
2464,1130603,陳郁雯,租賃,成屋,房東,擔保金(押金)返還或抵充,未妥善處理，函告申訴人後續可行處理方式,
2465,1130607,永慶房屋仲介股份有限公司,買賣,成屋,仲介業,標的物貸款問題,妥善處理，達成和解,
2466,1130614,永慶房屋仲介股份有限公司,買賣,成屋,仲介業,隱瞞重要資訊,撤案,
2467,1130611,寄居蟹租屋股份有限公司,租賃,成屋,代管業,修繕、改裝問題,未妥善處理，函告申訴人後續可行處理方式,
2468,1130608,欣巴巴事業股份有限公司,買賣,成屋,建商,停車位面積,未妥善處理，函告申訴人後續可行處理方式,
2469,1130606,兆基管理顧問股份有限公司,租賃,成屋,包租業,租金補貼爭議,撤案,
2470,1130607,瑞華開發有限公司,租賃,成屋,房東,擔保金(押金)返還或抵充,未妥善處理，函告申訴人後續可行處理方式,
2471,1130617,陳瑋齡,租賃,成屋,房東,提前終止租約,未妥善處理，函告申訴人後續可行處理方式,
2472,1130521,租寓平台股份有限公司,租賃,成屋,包租業,擔保金(押金)返還或抵充,其他,二申消保官協調後和解
2473,1130616,林宗賢,租賃,成屋,房東,租金補貼爭議,未妥善處理，函告申訴人後續可行處理方式,
2474,1130527,吳進福,租賃,成屋,房東,修繕、改裝問題,未妥善處理，函告申訴人後續可行處理方式,
2475,1130618,昇宏昌建設股份有限公司、鴻亞建設股份有限公司,買賣,預售屋,建商,合約爭議,妥善處理，達成和解,
2476,1130619,睿達租賃住宅服務股份有限公司,租賃,成屋,包租業,修繕、改裝問題,未妥善處理，函告申訴人後續可行處理方式,
2477,1130528,好租一二三股份有限公司,租賃,成屋,包租業,提前終止租約,妥善處理，達成和解,
2478,1130618,信義房屋股份有限公司,買賣,成屋,仲介業,房屋漏水問題,未妥善處理，函告申訴人後續可行處理方式,
2479,1130620,大華建設股份有限公司,買賣,預售屋,建商,有關稅費爭議,未妥善處理，函告申訴人後續可行處理方式,
2480,1130531,永慶房屋仲介股份有限公司,買賣,成屋,仲介業,終止委售或買賣契約,未妥善處理，函告申訴人後續可行處理方式,
2481,1130619,好厝多不動產經紀股份有限公司,買賣,成屋,仲介業,房屋漏水問題,妥善處理，達成和解,
2482,1130619,莊寓晴,租賃,成屋,房東,租金補貼爭議,函告申訴人後續可行處理方式,
2483,1130605,陳彥羽,租賃,成屋,房東,水電、瓦斯及管理費負擔爭議,無以連繫申訴人,
2484,1130603,佳宸建設股份有限公司,買賣,預售屋,建商,合約爭議,未妥善處理，函告申訴人後續可行處理方式,
2485,1130622,白錫信,租賃,成屋,房東,水電、瓦斯及管理費負擔爭議,未妥善處理，函告申訴人後續可行處理方式,
2486,1130625,久云建設股份有限公司,買賣,預售屋,建商,交屋遲延,未妥善處理，函告申訴人後續可行處理方式,
2487,1130623,六子實業有限公司,租賃,成屋,非不動產服務業,租約存續爭議,撤案,
2488,1130627,林冠樺,租賃,成屋,房東,擔保金(押金)返還或抵充,妥善處理，達成和解,
2489,1130626,林芃霆,租賃,成屋,房東,水電、瓦斯及管理費負擔爭議,撤案,
2490,1130627,王德平,租賃,成屋,房東,擔保金(押金)返還或抵充,無法聯繫被申訴人,
2491,1130626,龍偉,租賃,成屋,房東,定金返還,妥善處理，達成和解,
2492,1130624,漫威不動產仲介經紀有限公司,買賣,成屋,仲介業,服務報酬爭議,未妥善處理，函告申訴人後續可行處理方式,
2493,1130628,永慶房屋仲介股份有限公司,買賣,成屋,仲介業,標的物貸款問題,未妥善處理，函告申訴人後續可行處理方式,
2494,1130627,楊昭儀,租賃,成屋,房東,擔保金(押金)返還或抵充,妥善處理，達成和解,
2495,1130628,首誠不動產仲介經紀有限公司、謙成不動產經紀股份有限公司,買賣,成屋,仲介業,「定金」返還(含斡旋金轉成定金返還),妥善處理，達成和解,
2496,1130613,松高房屋仲介有限公司,買賣,成屋,仲介業,終止委售或買賣契約,妥善處理，達成和解,
2497,1130628,承家不動產有限公司,買賣,成屋,仲介業,隱瞞重要資訊,撤案,
2498,1130618,傑創不動產仲介經紀有限公司,買賣,成屋,仲介業,房屋漏水問題,未妥善處理，函告申訴人後續可行處理方式,
2499,1130619,潤隆建設股份有限公司,買賣,預售屋,建商,其他,無以連繫申訴人,
2500,1130612,永慶房屋仲介股份有限公司,買賣,成屋,仲介業,服務報酬爭議,妥善處理，達成和解,
2501,1130620,永慶房屋仲介股份有限公司,買賣,成屋,仲介業,服務報酬爭議,妥善處理，達成和解,
2502,1130624,永慶房屋仲介股份有限公司,買賣,成屋,仲介業,房屋漏水問題,未妥善處理，函告申訴人後續可行處理方式,
2503,1130701,永慶房屋仲介股份有限公司,買賣,成屋,仲介業,隱瞞重要資訊,未妥善處理，函告申訴人後續可行處理方式,
2504,1130703,楊美娘,租賃,成屋,房東,租金補貼爭議,撤案,
2505,1130701,永慶房屋仲介股份有限公司,買賣,成屋,仲介業,契約審閱權,妥善處理，達成和解,
2506,1130704,孫印來,租賃,成屋,房東,租金補貼爭議,妥善處理，達成和解,
2507,1130703,林秀峰,租賃,成屋,房東,提前終止租約,其他,
2508,1130708,王辰祐,租賃,成屋,房東,擔保金(押金)返還或抵充,未妥善處理，函告申訴人後續可行處理方式,
2509,1130710,榮騰建設有限公司,買賣,成屋,仲介業,合約爭議,未妥善處理，函告申訴人後續可行處理方式,
2510,1130715,先昱有限公司,租賃,成屋,包租業,房屋漏水問題,妥善處理，達成和解,
2511,1130715,Benoit Masse,租賃,成屋,房東,擔保金(押金)返還或抵充,其他,
2512,1130701,百分百不動產經紀股份有限公司,買賣,成屋,仲介業,房屋現況說明書內容與現況不符,未妥善處理，函告申訴人後續可行處理方式,
2513,1130708,三豪斯有限公司,租賃,成屋,房東,定金返還,妥善處理，達成和解,
2514,1130719,永慶房屋仲介股份有限公司,買賣,成屋,仲介業,委託銷售金額爭議,其他,
2515,1130709,顧家管理顧問股份有限公司,租賃,成屋,包租業,租金補貼爭議,撤案,
2516,1130707,永慶房屋仲介股份有限公司,買賣,成屋,仲介業,房屋現況說明書內容與現況不符,其他,
2517,1130719,曾華瀛,租賃,成屋,房東,擔保金(押金)返還或抵充,撤案,
2518,1130715,永慶房屋仲介股份有限公司,買賣,成屋,仲介業,服務報酬爭議,其他,
2519,1130722,王譯勵,租賃,成屋,房東,修繕、改裝問題,撤案,
2520,1130719,兆基管理顧問股份有限公司,租賃,成屋,仲介業,水電、瓦斯及管理費負擔爭議,妥善處理，達成和解,
2521,1130705,簡淑華,租賃,成屋,房東,水電、瓦斯及管理費負擔爭議,其他,
2522,1130726,川騰建設股份有限公司,買賣,預售屋,建商,交屋遲延,未妥善處理，函告申訴人後續可行處理方式,
2523,1130726,馨嘉資產管理有限公司,租賃,成屋,仲介業,斡旋金返還,未妥善處理，函告申訴人後續可行處理方式,
2524,1130729,格瑞資產管理顧問有限公司,租賃,成屋,仲介業,擔保金(押金)返還或抵充,未妥善處理，函告申訴人後續可行處理方式,
2525,1130728,興富金不動產仲介有限公司,買賣,成屋,仲介業,其他,未妥善處理，函告申訴人後續可行處理方式,
2526,1130731,富星不動產經紀有限公司,買賣,成屋,仲介業,標的物貸款問題,未妥善處理，函告申訴人後續可行處理方式,
2527,1130801,永慶房屋仲介股份有限公司,買賣,成屋,仲介業,服務報酬爭議,撤案,
2528,1130719,張淑芬,租賃,成屋,房東,提前終止租約,未妥善處理，函告申訴人後續可行處理方式,
2529,1130802,合億房屋仲介有限公司,買賣,成屋,仲介業,仲介「斡旋金」返還,未妥善處理，與申訴人聯繫後移消保官,
2530,1130731,寄居蟹租屋股份有限公司,租賃,成屋,包租業,停車位使用爭議,未妥善處理，函告申訴人後續可行處理方式,
2531,1130709,格瑞資產管理顧問有限公司,租賃,成屋,仲介業,定金返還,其他,
2532,1130730,信義房屋股份有限公司,買賣,成屋,仲介業,房屋漏水問題,未妥善處理，函告申訴人後續可行處理方式,
2533,1130715,大華建設股份有限公司,買賣,預售屋,建商,廣告不實,未妥善處理，函告申訴人後續可行處理方式,
2534,1130802,永慶房屋仲介股份有限公司,買賣,成屋,仲介業,價金給付爭議,未妥善處理，與申訴人聯繫後移消保官,
2535,1130806,兆基管理顧問股份有限公司,租賃,成屋,包租業,修繕、改裝問題,妥善處理，達成和解,
2536,1130711,永慶房屋仲介股份有限公司,買賣,成屋,仲介業,停車位面積,妥善處理，達成和解,
2537,1130807,聯誠不動產有限公司,買賣,成屋,仲介業,其他,妥善處理，達成和解,
2538,1130806,信義房屋股份有限公司,買賣,成屋,仲介業,房屋漏水問題,妥善處理，達成和解,
2539,1130806,紘福不動產經紀有限公司,買賣,成屋,仲介業,房屋漏水問題,未妥善處理，函告申訴人後續可行處理方式,
2540,1130809,信義房屋股份有限公司(古亭分店),買賣,成屋,仲介業,隱瞞重要資訊,未妥善處理，函告申訴人後續可行處理方式,
2541,1130808,信義房屋股份有限公司,買賣,成屋,仲介業,隱瞞重要資訊,妥善處理，達成和解,
2542,1130726,欣聯建設開發股份有限公司,買賣,預售屋,建商,合約爭議,妥善處理，達成和解,
2543,1130801,喬鉅不動產仲介經紀有限公司,買賣,成屋,仲介業,合約爭議,妥善處理，達成和解,
2544,1130808,永慶房屋仲介股份有限公司,買賣,成屋,仲介業,「定金」返還(含斡旋金轉成定金返還),妥善處理，達成和解,
2545,1130717,新北建設股份有限公司,買賣,預售屋,建商,交屋遲延,其他,
2546,1130719,好享家不動產仲介經紀有限公司,買賣,成屋,仲介業,價金給付爭議,未妥善處理，函告申訴人後續可行處理方式,
2547,1130804,張碧翠,租賃,成屋,房東,其他,未妥善處理，與申訴人聯繫後移消保官,
2548,1130813,廖亮,租賃,成屋,代管業,擔保金(押金)返還或抵充,其他,
2549,1130814,冠德建設,買賣,成屋,建商,隱瞞重要資訊,妥善處理，達成和解,
2550,1130815,永慶房屋仲介股份有限公司(總公司),買賣,成屋,仲介業,房屋漏水問題,未妥善處理，函告申訴人後續可行處理方式,
2551,1130813,友誠房屋有限公司,租賃,成屋,仲介業,定金返還,未妥善處理，函告申訴人後續可行處理方式,
2552,1130814,安勝房屋仲介經紀有限公司,買賣,成屋,仲介業,契約審閱權,未妥善處理，函告申訴人後續可行處理方式,
2553,1130726,住商資產管理股份有限公司,買賣,成屋,仲介業,終止委售或買賣契約,妥善處理，達成和解,
2554,1130729,昌亞不動產股份有限公司,租賃,成屋,仲介業,租約存續爭議,未妥善處理，函告申訴人後續可行處理方式,
2555,1130821,沈羿妏,租賃,成屋,房東,租金調整爭議,撤案,
2556,1130810,睿泰建設股份有限公司,買賣,預售屋,建商,驗屋爭議,未妥善處理，函告申訴人後續可行處理方式,
2557,1130815,黃玟雁,租賃,成屋,房東,租金補貼爭議,撤案,
2558,1130730,張滿,租賃,成屋,房東,修繕、改裝問題,未妥善處理，函告申訴人後續可行處理方式,
2559,1130822,積麗不動產經紀有限公司,買賣,成屋,仲介業,交屋遲延,妥善處理，達成和解,
2560,1130822,兆豐不動產經紀股份有限公司,買賣,成屋,仲介業,隱瞞重要資訊,未妥善處理，函告申訴人後續可行處理方式,
2561,1130822,謙澄不動產股份有限公司,買賣,成屋,仲介業,房屋漏水問題,未妥善處理，函告申訴人後續可行處理方式,
2562,1130815,宏廷建設股份有限公司,買賣,預售屋,建商,價金給付爭議,妥善處理，達成和解,
2563,1130802,吳柏慧,租賃,成屋,房東,水電、瓦斯及管理費負擔爭議,其他,
2564,1130806,兆基管理顧問股份有限公司,租賃,成屋,包租業,修繕、改裝問題,未妥善處理，函告申訴人後續可行處理方式,
2565,1130805,謝佩琳,租賃,成屋,房東,水電、瓦斯及管理費負擔爭議,函告申訴人後續可行處理方式,
2566,1130827,曹永來,租賃,成屋,房東,水電、瓦斯及管理費負擔爭議,撤案,
2567,1130806,大亮建築股份有限公司,買賣,預售屋,建商,價金給付爭議,其他,
2568,1130828,紘福不動產經紀有限公司,買賣,成屋,仲介業,「定金」返還(含斡旋金轉成定金返還),未妥善處理，函告申訴人後續可行處理方式,
2569,1130807,君岳開發建設股份有限公司,買賣,預售屋,建商,交屋遲延,未妥善處理，函告申訴人後續可行處理方式,
2570,1130904,豐馥資產管理有限公司,租賃,成屋,包租業,擔保金(押金)返還或抵充,撤案,
2571,1130809,信義房屋股份有限公司,買賣,成屋,仲介業,房屋漏水問題,妥善處理，達成和解,
2572,1130903,洪英傑,租賃,成屋,房東,擔保金(押金)返還或抵充,撤案,
2573,1130904,雷敬雯,租賃,成屋,房東,擔保金(押金)返還或抵充,妥善處理，達成和解,
2574,1130905,信義房屋股份有限公司,租賃,成屋,仲介業,其他,未妥善處理，函告申訴人後續可行處理方式,
2575,1130904,大順發不動產經紀有限公司,租賃,成屋,仲介業,終止租約爭議,妥善處理，達成和解,
2576,1130816,永慶房屋仲介股份有限公司,買賣,成屋,仲介業,氯離子檢測,未妥善處理，函告申訴人後續可行處理方式,
2577,1130910,好厝多不動產經紀股份有限公司、住商實業股份有限公司及昱冠地政士事務所,買賣,成屋,仲介業,終止委售或買賣契約,未妥善處理，與申訴人聯繫後移消保官,
2578,1130912,永慶房屋仲介股份有限公司,買賣,成屋,仲介業,服務報酬爭議,未妥善處理，與申訴人聯繫後移消保官,
2579,1130913,興富金不動產仲介有限公司,買賣,成屋,仲介業,隱瞞重要資訊,妥善處理，達成和解,
2580,1130916,貳捌房屋股份有限公司,租賃,成屋,仲介業,房屋漏水問題,撤案,
2581,1130914,王維理,租賃,成屋,房東,擔保金(押金)返還或抵充,函告申訴人後續可行處理方式,
2582,1130918,漫威不動產仲介經紀有限公司,買賣,成屋,仲介業,契約審閱權,函告申訴人後續可行處理方式,
2583,1130923,豐馥資產管理有限公司,租賃,成屋,包租業,擔保金(押金)返還或抵充,撤案,
2584,1130923,恆合建設股份有限公司,買賣,預售屋,建商,建材設備不符,未妥善處理，函告申訴人後續可行處理方式,
2585,1130926,潤隆建設股份有限公司,買賣,預售屋,建商,施工瑕疵,未妥善處理，函告申訴人後續可行處理方式,
2586,1130910,永慶房屋仲介股份有限公司,買賣,成屋,仲介業,房屋漏水問題,妥善處理，達成和解,
2587,1130927,以馬內利房屋仲介有限公司,買賣,成屋,仲介業,終止委售或買賣契約,其他,
2588,1130904,永慶房屋仲介股份有限公司,買賣,成屋,仲介業,標的物貸款問題,未妥善處理，函告申訴人後續可行處理方式,
2589,1130927,百分百不動產經紀股份有限公司,買賣,成屋,仲介業,隱瞞重要資訊,未妥善處理，函告申訴人後續可行處理方式,
2590,1131001,韋蜀娟,租賃,成屋,房東,水電、瓦斯及管理費負擔爭議,未妥善處理，函告申訴人後續可行處理方式,
2591,1130906,愛山林建設開發股份有限公司,買賣,預售屋,建商,廣告不實,妥善處理，達成和解,
2592,1130924,信義房屋股份有限公司,買賣,成屋,仲介業,房屋漏水問題,妥善處理，達成和解,
2593,1131007,李青霞,租賃,成屋,房東,擔保金(押金)返還或抵充,其他,
2594,1131008,永慶房屋仲介股份有限公司,買賣,成屋,仲介業,隱瞞重要資訊,妥善處理，達成和解,
2595,1131011,喬邦開發股份有限公司,買賣,預售屋,建商,施工瑕疵,函告申訴人後續可行處理方式,
2596,1131014,愛山林建設開發股份有限公司,買賣,預售屋,建商,建材設備不符,未妥善處理，函告申訴人後續可行處理方式,
2597,1131014,張燦煌,租賃,成屋,房東,修繕、改裝問題,未妥善處理，函告申訴人後續可行處理方式,
2598,1130920,陳劉棠,租賃,成屋,房東,提前終止租約,函告申訴人後續可行處理方式,
2599,1131007,鎏金不動產有限公司,買賣,成屋,仲介業,房屋漏水問題,未妥善處理，函告申訴人後續可行處理方式,
2600,1130927,皇翔建設股份有限公司,買賣,預售屋,建商,其他,未妥善處理，函告申訴人後續可行處理方式,
2601,1130930,太鼎不動產仲介經紀有限公司,買賣,成屋,仲介業,終止委售或買賣契約,未妥善處理，函告申訴人後續可行處理方式,
2602,1131022,台灣地產股份有限公司,租賃,成屋,仲介業,其他,妥善處理，達成和解,
2603,1131023,何家惠,租賃,成屋,房東,擔保金(押金)返還或抵充,函告申訴人後續可行處理方式,
2604,1131018,百分百不動產經紀股份有限公司,買賣,成屋,仲介業,終止委售或買賣契約,撤案,
2605,1131022,富喬物業管理顧問股份有限公司,租賃,成屋,包租業,修繕、改裝問題,撤案,
2606,1130930,田志宏,租賃,成屋,房東,提前終止租約,其他,
2607,1131101,興富金不動產仲介有限公司,買賣,成屋,仲介業,終止委售或買賣契約,未妥善處理，函告申訴人後續可行處理方式,
2608,1131029,永慶房屋仲介股份有限公司,買賣,成屋,仲介業,房屋漏水問題,未妥善處理，函告申訴人後續可行處理方式,
2609,1131014,格瑞資產管理顧問有限公司,租賃,成屋,仲介業,定金返還,未妥善處理，函告申訴人後續可行處理方式,
2610,1131008,張媛婷,租賃,成屋,房東,擔保金(押金)返還或抵充,函告申訴人後續可行處理方式,
2611,1131105,華海建設股份有限公司,租賃,成屋,房東,其他,函告申訴人後續可行處理方式,
2612,1131106,蔡進發,租賃,成屋,房東,修繕、改裝問題,未妥善處理，函告申訴人後續可行處理方式,
2613,1131106,信義房屋股份有限公司,買賣,成屋,仲介業,隱瞞重要資訊,未妥善處理，函告申訴人後續可行處理方式,
2614,1131009,同心不動產有限公司,租賃,成屋,仲介業,違約金爭議,妥善處理，達成和解,
2615,1131011,永慶房屋仲介股份有限公司,買賣,成屋,仲介業,隱瞞重要資訊,未妥善處理，函告申訴人後續可行處理方式,
2616,1131107,欣暘建設股份有限公司,買賣,預售屋,建商,交屋遲延,未妥善處理，函告申訴人後續可行處理方式,
2617,1131111,博思聯合興業股份有限公司,租賃,成屋,仲介業,服務報酬爭議,妥善處理，達成和解,
2618,1131105,郭金福,租賃,成屋,房東,稅費負擔爭議,撤案,
2619,1131016,金周不動產開發有限公司,買賣,成屋,仲介業,標的物貸款問題,妥善處理，達成和解,
2620,1131029,好厝多不動產經紀股份有限公司,租賃,成屋,仲介業,擔保金(押金)返還或抵充,未妥善處理，函告申訴人後續可行處理方式,
2621,1131017,好厝多不動產經紀股份有限公司,租賃,成屋,仲介業,擔保金(押金)返還或抵充,未妥善處理，函告申訴人後續可行處理方式,
2622,1131107,匯康資產管理有限公司,租賃,成屋,仲介業,擔保金(押金)返還或抵充,未妥善處理，函告申訴人後續可行處理方式,
2623,1131022,游立爾君,租賃,成屋,房東,提前終止租約,其他,
2624,1131114,向陽開發建設股份有限公司,買賣,預售屋,建商,施工瑕疵,妥善處理，達成和解,
2625,1131118,匯康資產管理有限公司,租賃,成屋,仲介業,擔保金(押金)返還或抵充,未妥善處理，與申訴人聯繫後移消保官,
2626,1131022,東鑫不動產經紀有限公司,買賣,成屋,仲介業,房屋漏水問題,未妥善處理，函告申訴人後續可行處理方式,
2627,1131018,喬信不動產仲介經紀有限公司,買賣,成屋,仲介業,房屋漏水問題,未妥善處理，與申訴人聯繫後移消保官,
2628,1131023,信義房屋股份有限公司,買賣,成屋,仲介業,房屋漏水問題,妥善處理，達成和解,
2629,1131118,新潤興業股份有限公司、華潤建設股份有限公司,買賣,預售屋,建商,施工瑕疵,撤案,
2630,1131119,永慶房屋仲介股份有限公司,買賣,成屋,仲介業,氯離子檢測,未妥善處理，函告申訴人後續可行處理方式,
2631,1131106,藍嘉瑜,租賃,成屋,房東,擔保金(押金)返還或抵充,未妥善處理，函告申訴人後續可行處理方式,
2632,1131119,昇禾不動產仲介經紀有限公司,買賣,成屋,仲介業,隱瞞重要資訊,未妥善處理，函告申訴人後續可行處理方式,
2633,1131120,邱顯益,租賃,成屋,房東,提前終止租約,未妥善處理，函告申訴人後續可行處理方式,
2634,1131120,兆基管理顧問股份有限公司,租賃,成屋,包租業,租金補貼爭議,其他,
2635,1131030,永慶房屋仲介股份有限公司,買賣,成屋,仲介業,房屋漏水問題,妥善處理，達成和解,
2636,1131106,弘峻建設股份有限公司,買賣,預售屋,建商,交屋遲延,撤案,
2637,1131125,裴文正,租賃,成屋,房東,擔保金(押金)返還或抵充,其他,
2638,1131101,統創建設開發股份有限公司,買賣,預售屋,建商,交屋遲延,妥善處理，達成和解,
2639,1131127,美亞鋼管廠股份有限公司,買賣,預售屋,建商,其他,未妥善處理，函告申訴人後續可行處理方式,
2640,1131105,鄧迺騰,租賃,成屋,房東,擔保金(押金)返還或抵充,未妥善處理，與申訴人聯繫後移消保官,
2641,1131107,傑升實業有限公司,租賃,成屋,包租業,定金返還,撤案,
2642,1131105,永慶房屋仲介股份有限公司,買賣,成屋,仲介業,終止委售或買賣契約,妥善處理，達成和解,
2643,1131128,皇嘉物業管理顧問股份有限公司,租賃,成屋,包租業,房屋漏水問題,妥善處理，達成和解,
2644,1131127,永慶房屋仲介股份有限公司,買賣,成屋,仲介業,隱瞞重要資訊,未妥善處理，函告申訴人後續可行處理方式,
2645,1131202,星鴻股份有限公司,租賃,成屋,仲介業,定金返還,其他,
2646,1131115,江麗玲,租賃,成屋,房東,擔保金(押金)返還或抵充,未妥善處理，函告申訴人後續可行處理方式,
2647,1131106,永慶房屋仲介股份有限公司,買賣,成屋,仲介業,隱瞞重要資訊,妥善處理，達成和解,
2648,1131204,新碩建設股份有限公司,買賣,預售屋,建商,其他,妥善處理，達成和解,
2649,1131206,永慶房屋仲介股份有限公司,買賣,成屋,仲介業,服務報酬爭議,未妥善處理，函告申訴人後續可行處理方式,
2650,1131112,安勝房屋仲介經紀有限公司,租賃,成屋,仲介業,斡旋金返還,妥善處理，達成和解,
2651,1131202,大佳地產股份有限公司,租賃,成屋,仲介業,隱瞞重要資訊,未妥善處理，函告申訴人後續可行處理方式,
2652,1131120,高政治,租賃,成屋,房東,擔保金(押金)返還或抵充,其他,
2653,1131210,鉑斯國際地產有限公司,租賃,成屋,仲介業,定金返還,未妥善處理，函告申訴人後續可行處理方式,
2654,1131115,喬鉅不動產仲介經紀有限公司,買賣,預售屋,仲介業,終止委售或買賣契約,未妥善處理，函告申訴人後續可行處理方式,
2655,1131119,江玉熙,租賃,成屋,房東,擔保金(押金)返還或抵充,未妥善處理，函告申訴人後續可行處理方式,
2656,1131119,中信房屋仲介股份有限公司,買賣,成屋,仲介業,其他,妥善處理，達成和解,
2657,1131213,藍文雅,租賃,成屋,房東,提前終止租約,其他,
2658,1131119,黃鳳英,租賃,成屋,房東,房屋漏水問題,妥善處理，達成和解,
2659,1131210,好享家不動產仲介經紀有限公司,買賣,成屋,仲介業,房屋漏水問題,未妥善處理，函告申訴人後續可行處理方式,
2660,1131212,永慶房屋仲介股份有限公司(總公司),買賣,成屋,仲介業,其他,未妥善處理，函告申訴人後續可行處理方式,
2661,1131218,黃睿智,租賃,成屋,房東,欠租,未妥善處理，與申訴人聯繫後移消保官,
2662,1131119,如方有限公司,租賃,成屋,包租業,服務報酬爭議,妥善處理，達成和解,
2663,1131128,信義房屋股份有限公司,買賣,成屋,仲介業,標的物貸款問題,其他,
2664,1131217,北吉房屋仲介有限公司,買賣,成屋,仲介業,終止委售或買賣契約,函告申訴人後續可行處理方式,
2665,1131122,仲城建設股份有限公司,買賣,成屋,建商,標的物貸款問題,未妥善處理，函告申訴人後續可行處理方式,
2666,1131122,鼎睿房屋仲介股份有限公司,買賣,成屋,仲介業,服務報酬爭議,未妥善處理，函告申訴人後續可行處理方式,
2667,1131129,信義房屋股份有限公司,買賣,成屋,仲介業,房屋漏水問題,其他,
2668,1131217,僑茂房屋仲介股份有限公司及好厝多不動產經紀股份有限公司,買賣,成屋,仲介業,終止委售或買賣契約,其他,
2669,1131127,蘇淑珍,租賃,成屋,房東,房屋漏水問題,其他,
2670,1131223,信義房屋仲介股份有限公司,買賣,預售屋,代銷業,隱瞞重要資訊,未妥善處理，函告申訴人後續可行處理方式,
2671,1131204,大三通不動產有限公司,租賃,成屋,仲介業,定金返還,妥善處理，達成和解,
2672,1131202,維春商業開發股份有限公司,租賃,成屋,包租業,擔保金(押金)返還或抵充,未妥善處理，函告申訴人後續可行處理方式,
2673,1131206,晟業國際地產有限公司,買賣,成屋,仲介業,終止委售或買賣契約,撤案,
2674,1131227,天時物業股份有限公司,租賃,成屋,房東,提前終止租約,未妥善處理，函告申訴人後續可行處理方式,
2675,1131226,總行營造興業股份有限公司、六峰建設開發股份有限公司,買賣,預售屋,建商,交屋遲延,未妥善處理，函告申訴人後續可行處理方式,
2676,1140106,榮騰建設有限公司,買賣,成屋,仲介業,終止委售或買賣契約,未妥善處理，函告申訴人後續可行處理方式,
2677,1140103,王心怡,租賃,成屋,房東,其他,其他,
2678,1131212,林維君,租賃,成屋,房東,提前終止租約,函告申訴人後續可行處理方式,
2679,1140106,永慶房屋仲介股份有限公司,買賣,成屋,仲介業,房屋漏水問題,未妥善處理，函告申訴人後續可行處理方式,
2680,1131212,永慶房屋仲介股份有限公司,買賣,成屋,仲介業,房屋漏水問題,妥善處理，達成和解,
2681,1131216,永慶房屋仲介股份有限公司,買賣,成屋,仲介業,隱瞞重要資訊,妥善處理，達成和解,
2682,1140102,炎洲股份有限公司,買賣,預售屋,建商,交屋遲延,其他,
2683,1140103,陳詩在,租賃,成屋,房東,修繕、改裝問題,未妥善處理，函告申訴人後續可行處理方式,
2684,1131213,鼎吉開發股份有限公司,買賣,預售屋,建商,終止委售或買賣契約,未妥善處理，函告申訴人後續可行處理方式,
2685,1131213,崧誠不動產仲介有限公司,買賣,成屋,仲介業,服務報酬爭議,其他,
2686,1131218,臺北巿政府捷運工程局,租賃,成屋,房東,租金調整爭議,未妥善處理，與申訴人聯繫後移消保官,
2687,1131218,臺北巿政府捷運工程局,租賃,成屋,房東,租金調整爭議,未妥善處理，與申訴人聯繫後移消保官,
2688,1131219,臺北巿政府捷運工程局,租賃,成屋,房東,租金調整爭議,未妥善處理，與申訴人聯繫後移消保官,
2689,1140108,鉑曜不動產有限公司,買賣,成屋,仲介業,服務報酬爭議,未妥善處理，函告申訴人後續可行處理方式,
2690,1140113,潤隆建設股份有限公司,買賣,預售屋,建商,其他,未妥善處理，函告申訴人後續可行處理方式,
2691,1140109,陳玉成,租賃,成屋,房東,提前終止租約,未妥善處理，函告申訴人後續可行處理方式,
2692,1140106,臺北巿政府捷運工程局,租賃,成屋,房東,租金調整爭議,未妥善處理，與申訴人聯繫後移消保官,
2693,1131226,臺北巿政府捷運工程局,租賃,成屋,房東,租金調整爭議,其他,
2694,1131226,臺北巿政府捷運工程局,租賃,成屋,房東,租金調整爭議,其他,
2695,1131212,臺北巿政府捷運工程局,租賃,成屋,房東,租金調整爭議,未妥善處理，函告申訴人後續可行處理方式,
2696,1131212,臺北巿政府捷運工程局,租賃,成屋,房東,租金調整爭議,未妥善處理，與申訴人聯繫後移消保官,
2697,1131212,臺北巿政府捷運工程局,租賃,成屋,房東,租金調整爭議,未妥善處理，與申訴人聯繫後移消保官,
2698,1131212,臺北巿政府捷運工程局,租賃,成屋,房東,租金調整爭議,未妥善處理，函告申訴人後續可行處理方式,
2699,1131212,臺北巿政府捷運工程局,租賃,成屋,房東,租金調整爭議,未妥善處理，函告申訴人後續可行處理方式,
2700,1131213,臺北巿政府捷運工程局,租賃,成屋,房東,租金調整爭議,未妥善處理，函告申訴人後續可行處理方式,
2701,1131213,臺北巿政府捷運工程局,租賃,成屋,房東,租金調整爭議,未妥善處理，函告申訴人後續可行處理方式,
2702,1131213,臺北巿政府捷運工程局,租賃,成屋,房東,租金調整爭議,未妥善處理，函告申訴人後續可行處理方式,
2703,1140109,積麗不動產經紀有限公司,買賣,成屋,仲介業,隱瞞重要資訊,撤案,
2704,1131216,臺北巿政府捷運工程局,租賃,成屋,房東,租金調整爭議,未妥善處理，函告申訴人後續可行處理方式,
2705,1131220,聯亞資產管理顧問有限公司,買賣,成屋,仲介業,仲介公司欺罔行為,未妥善處理，函告申訴人後續可行處理方式,
2706,1131217,天時資產管理有限公司,租賃,成屋,包租業,擔保金(押金)返還或抵充,函告申訴人後續可行處理方式,
2707,1140120,謙澄不動產股份有限公司,買賣,成屋,仲介業,服務報酬爭議,未妥善處理，函告申訴人後續可行處理方式,
2708,1140116,永慶房屋仲介股份有限公司,租賃,成屋,仲介業,其他,其他,
2709,1140103,林暐淳,租賃,成屋,房東,擔保金(押金)返還或抵充,妥善處理，達成和解,
2710,1140103,欣暘建設股份有限公司,買賣,預售屋,建商,交屋遲延,未妥善處理，函告申訴人後續可行處理方式,
2711,1131224,永慶房屋仲介股份有限公司,買賣,成屋,仲介業,驗屋爭議,未妥善處理，函告申訴人後續可行處理方式,
2712,1140118,永慶房屋仲介股份有限公司,買賣,成屋,仲介業,房屋漏水問題,其他,
2713,1140124,尚晟不動產企業社,買賣,成屋,仲介業,房屋漏水問題,未妥善處理，函告申訴人後續可行處理方式,
2714,1131231,喬信不動產仲介經紀有限公司,買賣,成屋,仲介業,房屋漏水問題,未妥善處理，函告申訴人後續可行處理方式,
2715,1140203,永兆豐管理顧問股份有限公司,買賣,成屋,仲介業,房屋漏水問題,未妥善處理，函告申訴人後續可行處理方式,
2716,1140109,圓冠不動產股份有限公司,買賣,成屋,仲介業,有關稅費爭議,未妥善處理，函告申訴人後續可行處理方式,
2717,1140106,皇翔建設股份有限公司,買賣,成屋,建商,交屋遲延,未妥善處理，函告申訴人後續可行處理方式,
2718,1140106,同豐永實業有限公司,買賣,預售屋,建商,「定金」返還(含斡旋金轉成定金返還),函告申訴人後續可行處理方式,
2719,1140205,張百齡,租賃,成屋,房東,修繕、改裝問題,其他,
2720,1140123,鼎立房屋有限公司,租賃,成屋,仲介業,服務報酬爭議,未妥善處理，函告申訴人後續可行處理方式,
2721,1140108,長頸鹿不動產經紀有限公司,租賃,成屋,仲介業,定金返還,未妥善處理，函告申訴人後續可行處理方式,
2722,1140207,信義房屋股份有限公司,買賣,成屋,仲介業,委託銷售金額爭議,其他,
2723,1140116,遠雄建設事業股份有限公司,買賣,成屋,建商,建材設備不符,未妥善處理，函告申訴人後續可行處理方式,
2724,1140114,冠德建設,買賣,預售屋,建商,交屋遲延,函告申訴人後續可行處理方式,
2725,1140123,家合不動產管理顧問股份有限公司,租賃,成屋,仲介業,服務報酬爭議,撤案,
2726,1140113,星鴻股份有限公司,租賃,成屋,代管業,租金調整爭議,其他,
2727,1140213,陳安鉉,租賃,成屋,房東,擔保金(押金)返還或抵充,其他,
2728,1140214,永兆豐管理顧問股份有限公司,買賣,成屋,仲介業,房屋漏水問題,未妥善處理，函告申訴人後續可行處理方式,
2729,1140124,林素雲,租賃,成屋,房東,提前終止租約,妥善處理，達成和解,
2730,1140217,凌群不動產有限公司,租賃,成屋,包租業,水電、瓦斯及管理費負擔爭議,未妥善處理，函告申訴人後續可行處理方式,
2731,1140217,潤隆建設股份有限公司,買賣,預售屋,建商,其他,未妥善處理，函告申訴人後續可行處理方式,
2732,1140218,興富發建設股份有限公司,買賣,預售屋,建商,其他,未妥善處理，函告申訴人後續可行處理方式,
2733,1140217,享寓國際有限公司,租賃,成屋,仲介業,服務報酬爭議,未妥善處理，函告申訴人後續可行處理方式,
2734,1140219,曹永清,租賃,成屋,房東,水電、瓦斯及管理費負擔爭議,未妥善處理，函告申訴人後續可行處理方式,
2735,1140122,康瑋芳,租賃,成屋,房東,擔保金(押金)返還或抵充,其他,
2736,1140219,漫威不動產仲介經紀有限公司,買賣,成屋,仲介業,終止委售或買賣契約,撤案,
2737,1140220,元馥建設股份有限公司,買賣,預售屋,建商,其他,妥善處理，達成和解,
2738,114,恒旺不動產有限公司,租賃,成屋,仲介業,定金返還,撤案,
2739,1140217,恒旺不動產有限公司,租賃,成屋,仲介業,定金返還,撤案,
2740,1140225,炎洲股份有限公司,買賣,預售屋,建商,交屋遲延,未妥善處理，函告申訴人後續可行處理方式,
2741,1140203,楊志勛,租賃,成屋,房東,租金補貼爭議,未妥善處理，函告申訴人後續可行處理方式,
2742,1140213,寄居蟹租屋股份有限公司,租賃,成屋,包租業,欠租,撤案,
2743,1140207,大華建設股份有限公司,買賣,預售屋,建商,其他,未妥善處理，函告申訴人後續可行處理方式,
2744,1140227,炎洲股份有限公司,買賣,預售屋,建商,交屋遲延,未妥善處理，函告申訴人後續可行處理方式,
2745,1140227,吳君薇,租賃,成屋,房東,其他,未妥善處理，函告申訴人後續可行處理方式,
2746,1140301,成家不動產仲介經紀有限公司,租賃,成屋,仲介業,其他,撤案,
2747,1140205,天時物業股份有限公司,租賃,成屋,房東,擔保金(押金)返還或抵充,函告申訴人後續可行處理方式,
2748,1140303,商喬企業有限公司,買賣,預售屋,建商,房屋漏水問題,未妥善處理，函告申訴人後續可行處理方式,
2749,1140305,昇宏昌建設股份有限公司、鴻亞建設股份有限公司,買賣,預售屋,建商,合約爭議,未妥善處理，與申訴人聯繫後移消保官,
2750,1140307,凌群不動產,租賃,成屋,仲介業,隱瞞重要資訊,妥善處理，達成和解,
2751,1140214,黃東閔,租賃,成屋,房東,提前終止租約,妥善處理，達成和解,
2752,1140211,德旺開發建設股份有限公司,買賣,預售屋,建商,交屋遲延,未妥善處理，函告申訴人後續可行處理方式,
2753,1140227,永慶房屋仲介股份有限公司(總公司),買賣,成屋,仲介業,公設保固,妥善處理，達成和解,
2754,1140213,租寓平台股份有限公司,租賃,成屋,包租業,擔保金(押金)返還或抵充,其他,
2755,1140217,何綵峰,租賃,成屋,房東,終止租約爭議,未妥善處理，函告申訴人後續可行處理方式,
2756,1140308,永慶房屋仲介股份有限公司,買賣,成屋,仲介業,隱瞞重要資訊,妥善處理，達成和解,
2757,1140312,怡華實業股份有限公司,買賣,成屋,建商,標的物貸款問題,妥善處理，達成和解,
2758,1140218,寄居蟹租屋股份有限公司,租賃,成屋,包租業,修繕、改裝問題,其他,
2759,1140217,睡覺盒子股份有限公司,租賃,成屋,房東,終止租約爭議,妥善處理，達成和解,
2760,1140314,永兆豐管理顧問股份有限公司,買賣,成屋,仲介業,服務報酬爭議,本局協商會，未達成協議,
2761,1140317,喬昱不動產仲介經紀有限公司,買賣,預售屋,仲介業,終止委售或買賣契約,撤案,
2762,1140318,大運通不動產經紀有限公司,買賣,成屋,仲介業,隱瞞重要資訊,未妥善處理，函告申訴人後續可行處理方式,
2763,1140224,上品國際不動產經紀有限公司,租賃,成屋,仲介業,服務報酬爭議,未妥善處理，函告申訴人後續可行處理方式,
2764,1140320,永慶房屋仲介股份有限公司,買賣,成屋,仲介業,終止委售或買賣契約,妥善處理，達成和解,
2765,1140327,永慶房屋仲介股份有限公司,買賣,成屋,仲介業,其他,其他,
2766,1140320,大管家房屋管理顧問有限公司,租賃,成屋,包租業,房屋漏水問題,其他,
2767,1140304,稻盛房屋有限公司,買賣,成屋,仲介業,房屋漏水問題,未妥善處理，函告申訴人後續可行處理方式,
2768,1140227,貳捌房屋股份有限公司,租賃,成屋,仲介業,服務報酬爭議,妥善處理，達成和解,
2769,1140314,鉑曜不動產有限公司,買賣,成屋,仲介業,服務報酬爭議,未妥善處理，函告申訴人後續可行處理方式,
2770,1140304,嘉興發股份有限公司,買賣,預售屋,建商,交屋遲延,未妥善處理，函告申訴人後續可行處理方式,
2771,1140327,格瑞資產管理顧問有限公司,租賃,成屋,仲介業,定金返還,未妥善處理，函告申訴人後續可行處理方式,
2772,1140307,寄居蟹租屋股份有限公司,租賃,成屋,包租業,修繕、改裝問題,妥善處理，達成和解,
2773,1140310,施亭君,租賃,成屋,房東,擔保金(押金)返還或抵充,妥善處理，達成和解,
2774,1140305,張美蓉,租賃,成屋,房東,擔保金(押金)返還或抵充,未妥善處理，函告申訴人後續可行處理方式,
2775,1140402,陳炳文,租賃,成屋,房東,擔保金(押金)返還或抵充,撤案,
2776,1140310,林騰詳,租賃,成屋,房東,擔保金(押金)返還或抵充,撤案,
2777,1140402,樂橙房屋仲介有限公司,租賃,成屋,仲介業,定金返還,未妥善處理，函告申訴人後續可行處理方式,
2778,1140408,游旭永,租賃,成屋,房東,擔保金(押金)返還或抵充,未妥善處理，函告申訴人後續可行處理方式,
2779,1140314,貴鳳不動產經紀有限公司,買賣,成屋,仲介業,終止委售或買賣契約,撤案,
2780,1140328,鼎曜開發不動產仲介經紀有限公司,買賣,成屋,仲介業,服務報酬爭議,撤案,
2781,1140318,曾秀鳳,租賃,成屋,房東,擔保金(押金)返還或抵充,未妥善處理，函告申訴人後續可行處理方式,
2782,1140317,喬群不動產仲介經紀有限公司,買賣,預售屋,仲介業,終止委售或買賣契約,撤案,
2783,1140317,喬崵不動產仲介經紀有限公司,買賣,預售屋,仲介業,終止委售或買賣契約,撤案,
2784,1140317,喬信不動產仲介經紀有限公司,買賣,預售屋,仲介業,終止委售或買賣契約,撤案,
2785,1140411,馥域建設開發股份有限公司、首敦建設股份有限公司、欣聯建設開發股份有限公司,買賣,預售屋,建商,交屋遲延,妥善處理，達成和解,
2786,1140320,榮騰建設有限公司,買賣,成屋,仲介業,房屋漏水問題,未妥善處理，函告申訴人後續可行處理方式,
2787,1140326,兆基管理顧問股份有限公司,租賃,成屋,包租業,其他,未妥善處理，函告申訴人後續可行處理方式,
2788,1140327,寄居蟹租屋股份有限公司,租賃,成屋,包租業,提前終止租約,妥善處理，達成和解,
2789,1140325,豐馥資產管理有限公司,租賃,成屋,包租業,修繕、改裝問題,撤案,
2790,1140411,高銘德,租賃,成屋,房東,提前終止租約,妥善處理，達成和解,
2791,1140318,好租一二三股份有限公司,租賃,成屋,包租業,擔保金(押金)返還或抵充,未妥善處理，函告申訴人後續可行處理方式,
2792,1140407,豐馥資產管理有限公司,租賃,成屋,仲介業,擔保金(押金)返還或抵充,撤案,
2793,1140416,蘇仁,租賃,成屋,房東,擔保金(押金)返還或抵充,未妥善處理，函告申訴人後續可行處理方式,
2794,1140414,徐麗君,租賃,成屋,房東,定金返還,妥善處理，達成和解,
2795,1140418,新濠建設事業股份有限公司,買賣,預售屋,建商,其他,妥善處理，達成和解,
2796,1140325,陳思語,租賃,成屋,房東,修繕、改裝問題,其他,
2797,1140422,松信不動產有限公司,租賃,成屋,代管業,其他,妥善處理，達成和解,
2798,1140411,新碩建設股份有限公司,買賣,預售屋,建商,施工瑕疵,未妥善處理，函告申訴人後續可行處理方式,
2799,1140423,聯勝開發有限公司,租賃,成屋,包租業,租賃住宅服務業欺罔行為,其他,
2800,1140423,富華不動產開發有限公司,買賣,成屋,仲介業,未提供要約書或斡旋契約選擇,未妥善處理，函告申訴人後續可行處理方式,
2801,1140416,嘉磐建設事業股份有限公司,買賣,預售屋,建商,其他,妥善處理，達成和解,
2802,1140401,兆基管理顧問股份有限公司,租賃,成屋,包租業,水電、瓦斯及管理費負擔爭議,未妥善處理，函告申訴人後續可行處理方式,
2803,1140421,海豚房屋仲介有限公司,買賣,成屋,仲介業,仲介「斡旋金」返還,未妥善處理，函告申訴人後續可行處理方式,
2804,1140401,永慶房屋仲介股份有限公司,買賣,成屋,仲介業,房屋漏水問題,未妥善處理，函告申訴人後續可行處理方式,
2805,1140411,將捷股份有限公司,買賣,預售屋,建商,房屋漏水問題,未妥善處理，函告申訴人後續可行處理方式,
2806,1140409,好厝多不動產經紀股份有限公司,買賣,成屋,仲介業,房屋漏水問題,未妥善處理，函告申訴人後續可行處理方式,
2807,1140505,元利建設企業股份有限公司,買賣,成屋,建商,其他,其他,
2808,1140408,厚德不動產有限公司,買賣,成屋,仲介業,其他,其他,
2809,1140408,天時資產管理有限公司,租賃,成屋,包租業,擔保金(押金)返還或抵充,其他,
2810,1140418,施木彬,租賃,成屋,房東,水電、瓦斯及管理費負擔爭議,妥善處理，達成和解,
2811,1140417,杜盈蒼,租賃,成屋,房東,租約存續爭議,妥善處理，達成和解,
2812,1140506,大師國際不動產股份有限公司,租賃,成屋,仲介業,其他,未妥善處理，函告申訴人後續可行處理方式,
2813,1140506,周曉如,租賃,成屋,房東,水電、瓦斯及管理費負擔爭議,其他,
2814,1140428,殷張淑芹,租賃,成屋,房東,水電、瓦斯及管理費負擔爭議,妥善處理，達成和解,
2815,1140508,好厝多不動產經紀股份有限公司,買賣,成屋,仲介業,終止委售或買賣契約,未妥善處理，與申訴人聯繫後移消保官,
2816,1140508,王譯勵,租賃,成屋,房東,擔保金(押金)返還或抵充,函告申訴人後續可行處理方式,
2817,1140513,家合不動產管理顧問股份有限公司,租賃,成屋,仲介業,擔保金(押金)返還或抵充,未妥善處理，函告申訴人後續可行處理方式,
2818,1140416,富星不動產經紀有限公司,買賣,成屋,仲介業,隱瞞重要資訊,未妥善處理，函告申訴人後續可行處理方式,
2819,1140515,元利建設企業股份有限公司,買賣,預售屋,建商,施工瑕疵,妥善處理，達成和解,
2820,1140514,唐昕空間設計有限公司,租賃,成屋,包租業,擔保金(押金)返還或抵充,妥善處理，達成和解,
2821,1140502,皇翔建設股份有限公司,買賣,預售屋,建商,標的物貸款問題,未妥善處理，函告申訴人後續可行處理方式,
2822,1140509,昌亞不動產股份有限公司,租賃,成屋,仲介業,擔保金(押金)返還或抵充,未妥善處理，函告申訴人後續可行處理方式,
2823,1140507,豐馥資產管理有限公司,租賃,成屋,包租業,修繕、改裝問題,妥善處理，達成和解,
2824,1140527,原禾建設股份有限公司,買賣,預售屋,建商,停車位面積,撤案,
2825,1140527,興洋建設股份有限公司,租賃,成屋,房東,擔保金(押金)返還或抵充,未妥善處理，函告申訴人後續可行處理方式,
2826,1140509,寄居蟹租屋股份有限公司,租賃,成屋,包租業,擔保金(押金)返還或抵充,未妥善處理，函告申訴人後續可行處理方式,
2827,1140529,永慶房屋仲介股份有限公司、兆翊地產經紀有限公司,買賣,成屋,仲介業,價金給付爭議,撤案,
2828,1140527,新越不動產仲介經紀有限公司,買賣,成屋,仲介業,「定金」返還(含斡旋金轉成定金返還),撤案,
2829,1140604,蓮華精舍有限公司,租賃,成屋,房東,隱瞞重要資訊,未妥善處理，函告申訴人後續可行處理方式,
2830,1140602,圓冠不動產股份有限公司,買賣,成屋,仲介業,隱瞞重要資訊,未妥善處理，函告申訴人後續可行處理方式,
2831,1140507,炎洲股份有限公司,買賣,預售屋,建商,交屋遲延,未妥善處理，函告申訴人後續可行處理方式,
2832,1140517,寓誠資產管理有限公司,租賃,成屋,仲介業,修繕、改裝問題,未妥善處理，函告申訴人後續可行處理方式,
2833,1140603,先昱有限公司,租賃,成屋,包租業,其他,妥善處理，達成和解,
2834,1140610,樂本家國際有限公司,租賃,成屋,房東,水電、瓦斯及管理費負擔爭議,妥善處理，達成和解,
2835,1140611,三發地產股份有限公司,買賣,預售屋,建商,施工瑕疵,撤案,
2836,1140613,大漢微風不動產經紀有限公司,買賣,成屋,仲介業,其他,未妥善處理，函告申訴人後續可行處理方式,
2837,1140604,復翔建設股份有限公司,買賣,預售屋,建商,交屋遲延,函告申訴人後續可行處理方式,
2838,1140519,永慶房屋仲介股份有限公司,買賣,成屋,仲介業,驗屋爭議,未妥善處理，函告申訴人後續可行處理方式,
2839,1140612,鉅興建設開發股份有限公司,買賣,預售屋,建商,建商倒閉,移消保官,
2840,1140613,陳東陽,租賃,成屋,房東,違約金爭議,函告申訴人後續可行處理方式,
2841,1140526,永慶房屋仲介股份有限公司,買賣,成屋,仲介業,產權不清楚,未妥善處理，函告申訴人後續可行處理方式,
2842,1140618,永慶房屋仲介股份有限公司,買賣,成屋,仲介業,「定金」返還(含斡旋金轉成定金返還),妥善處理，達成和解,
2843,1140624,長頸鹿不動產經紀有限公司,租賃,成屋,仲介業,定金返還,未妥善處理，函告申訴人後續可行處理方式,
2844,1140605,亞昕國際開發股份有限公司,買賣,成屋,建商,停車位面積,未妥善處理，函告申訴人後續可行處理方式,
2845,1140529,宸興不動產經紀有限公司,買賣,成屋,仲介業,驗屋爭議,妥善處理，達成和解,
2846,1140624,鉅興建設開發股份有限公司,買賣,預售屋,建商,建商倒閉,移消保官,
2847,1140528,林聖峰,租賃,成屋,房東,修繕、改裝問題,其他,
2848,1140625,永慶房屋仲介股份有限公司,買賣,成屋,仲介業,服務報酬爭議,未妥善處理，函告申訴人後續可行處理方式,
2849,1140618,王譯勵,租賃,成屋,房東,提前終止租約,撤案,
2850,1140627,合宏建設股份有限公司,買賣,預售屋,建商,合約爭議,未妥善處理，函告申訴人後續可行處理方式,
2851,1140623,王大松,租賃,成屋,房東,擔保金(押金)返還或抵充,妥善處理，達成和解,
2852,1140613,圓冠不動產股份有限公司,買賣,成屋,仲介業,交屋遲延,未妥善處理，函告申訴人後續可行處理方式,
2853,1140610,新潤興業股份有限公司,買賣,預售屋,建商,停車位面積,未妥善處理，函告申訴人後續可行處理方式,
2854,1140610,亞昕國際開發股份有限公司,買賣,成屋,建商,工程結構及公共工程安全問題,未妥善處理，函告申訴人後續可行處理方式,
2855,1140611,陳素珠,租賃,成屋,房東,擔保金(押金)返還或抵充,未妥善處理，函告申訴人後續可行處理方式,
2856,1140613,晶匯建設開發股份有限公司,買賣,預售屋,建商,其他,未妥善處理，函告申訴人後續可行處理方式,
2857,1140616,信義房屋股份有限公司,買賣,成屋,仲介業,其他,未妥善處理，函告申訴人後續可行處理方式,
2858,1140624,僕人不動產仲介經紀有限公司,買賣,成屋,仲介業,服務報酬爭議,未妥善處理，函告申訴人後續可行處理方式,
2859,1140613,賀誠房屋仲介有限公司,買賣,成屋,仲介業,服務報酬爭議,其他,
2860,1140625,圓品不動產股份有限公司,租賃,成屋,仲介業,隱瞞重要資訊,妥善處理，達成和解,
2861,1140616,姜美梅,租賃,成屋,房東,擔保金(押金)返還或抵充,未妥善處理，函告申訴人後續可行處理方式,
2862,1140625,許念樁,租賃,成屋,房東,擔保金(押金)返還或抵充,未妥善處理，函告申訴人後續可行處理方式,
2863,1140618,豐馥資產管理有限公司,租賃,成屋,包租業,其他,未妥善處理，函告申訴人後續可行處理方式,
2864,1140624,優客雅潤有限公司,租賃,成屋,房東,擔保金(押金)返還或抵充,妥善處理，達成和解,
2865,1140626,鑫治鼎建設股份有限公司,買賣,預售屋,建商,交屋遲延,妥善處理，達成和解,
2866,1140630,兆基管理顧問股份有限公司,租賃,成屋,代管業,修繕、改裝問題,未妥善處理，函告申訴人後續可行處理方式,
