縣市別代碼,統計期,基本分類,原始值[統計數值],年增率[%]
63000,92年 1月,總指數,56.4,--
63000,92年 1月,材料類,48.34,--
63000,92年 1月,水泥及其製品類,57.58,--
63000,92年 1月,砂石及級配類,66.86,--
63000,92年 1月,磚瓦瓷類,93.3,--
63000,92年 1月,金屬製品類,46.09,--
63000,92年 1月,木材及其製品類,57.35,--
63000,92年 1月,塑膠製品類,40.5,--
63000,92年 1月,油漆塗料類,69.81,--
63000,92年 1月,機電設備類,86.75,--
63000,92年 1月,瀝青及其製品類,41.3,--
63000,92年 1月,雜項材料類,71.13,--
63000,92年 1月,勞務類,77.03,--
63000,92年 1月,工資類,70.65,--
63000,92年 1月,機具設備租金類,84.76,--
63000,92年 2月,總指數,57.3,--
63000,92年 2月,材料類,49.57,--
63000,92年 2月,水泥及其製品類,58.5,--
63000,92年 2月,砂石及級配類,66.86,--
63000,92年 2月,磚瓦瓷類,93.3,--
63000,92年 2月,金屬製品類,48.95,--
63000,92年 2月,木材及其製品類,57.35,--
63000,92年 2月,塑膠製品類,41.23,--
63000,92年 2月,油漆塗料類,69.81,--
63000,92年 2月,機電設備類,86.75,--
63000,92年 2月,瀝青及其製品類,41.3,--
63000,92年 2月,雜項材料類,71.13,--
63000,92年 2月,勞務類,77.03,--
63000,92年 2月,工資類,70.65,--
63000,92年 2月,機具設備租金類,84.76,--
63000,92年 3月,總指數,57.71,--
63000,92年 3月,材料類,50.14,--
63000,92年 3月,水泥及其製品類,58.7,--
63000,92年 3月,砂石及級配類,66.86,--
63000,92年 3月,磚瓦瓷類,93.3,--
63000,92年 3月,金屬製品類,50.3,--
63000,92年 3月,木材及其製品類,57.35,--
63000,92年 3月,塑膠製品類,42.73,--
63000,92年 3月,油漆塗料類,69.81,--
63000,92年 3月,機電設備類,86.75,--
63000,92年 3月,瀝青及其製品類,41.47,--
63000,92年 3月,雜項材料類,71.13,--
63000,92年 3月,勞務類,77.03,--
63000,92年 3月,工資類,70.65,--
63000,92年 3月,機具設備租金類,84.76,--
63000,92年 4月,總指數,57.48,--
63000,92年 4月,材料類,49.82,--
63000,92年 4月,水泥及其製品類,59.09,--
63000,92年 4月,砂石及級配類,66.86,--
63000,92年 4月,磚瓦瓷類,94.36,--
63000,92年 4月,金屬製品類,49.01,--
63000,92年 4月,木材及其製品類,57.35,--
63000,92年 4月,塑膠製品類,42.75,--
63000,92年 4月,油漆塗料類,69.81,--
63000,92年 4月,機電設備類,86.75,--
63000,92年 4月,瀝青及其製品類,41.47,--
63000,92年 4月,雜項材料類,71.13,--
63000,92年 4月,勞務類,77.03,--
63000,92年 4月,工資類,70.65,--
63000,92年 4月,機具設備租金類,84.76,--
63000,92年 5月,總指數,56.71,--
63000,92年 5月,材料類,48.8,--
63000,92年 5月,水泥及其製品類,59.09,--
63000,92年 5月,砂石及級配類,66.86,--
63000,92年 5月,磚瓦瓷類,95,--
63000,92年 5月,金屬製品類,46.01,--
63000,92年 5月,木材及其製品類,57.35,--
63000,92年 5月,塑膠製品類,41.27,--
63000,92年 5月,油漆塗料類,69.81,--
63000,92年 5月,機電設備類,86.75,--
63000,92年 5月,瀝青及其製品類,41.47,--
63000,92年 5月,雜項材料類,71.13,--
63000,92年 5月,勞務類,76.96,--
63000,92年 5月,工資類,70.55,--
63000,92年 5月,機具設備租金類,84.76,--
63000,92年 6月,總指數,56.75,--
63000,92年 6月,材料類,48.94,--
63000,92年 6月,水泥及其製品類,59.32,--
63000,92年 6月,砂石及級配類,66.86,--
63000,92年 6月,磚瓦瓷類,95.14,--
63000,92年 6月,金屬製品類,46.27,--
63000,92年 6月,木材及其製品類,57.35,--
63000,92年 6月,塑膠製品類,40.54,--
63000,92年 6月,油漆塗料類,69.93,--
63000,92年 6月,機電設備類,86.75,--
63000,92年 6月,瀝青及其製品類,41.47,--
63000,92年 6月,雜項材料類,71.29,--
63000,92年 6月,勞務類,76.73,--
63000,92年 6月,工資類,70.55,--
63000,92年 6月,機具設備租金類,84.23,--
63000,92年 7月,總指數,57.35,--
63000,92年 7月,材料類,49.72,--
63000,92年 7月,水泥及其製品類,59.32,--
63000,92年 7月,砂石及級配類,66.86,--
63000,92年 7月,磚瓦瓷類,96.4,--
63000,92年 7月,金屬製品類,48.58,--
63000,92年 7月,木材及其製品類,57.35,--
63000,92年 7月,塑膠製品類,40.54,--
63000,92年 7月,油漆塗料類,69.93,--
63000,92年 7月,機電設備類,86.75,--
63000,92年 7月,瀝青及其製品類,41.47,--
63000,92年 7月,雜項材料類,71.59,--
63000,92年 7月,勞務類,76.83,--
63000,92年 7月,工資類,70.73,--
63000,92年 7月,機具設備租金類,84.23,--
63000,92年 8月,總指數,57.63,--
63000,92年 8月,材料類,50.14,--
63000,92年 8月,水泥及其製品類,59.44,--
63000,92年 8月,砂石及級配類,67.85,--
63000,92年 8月,磚瓦瓷類,96.52,--
63000,92年 8月,金屬製品類,49.62,--
63000,92年 8月,木材及其製品類,57.35,--
63000,92年 8月,塑膠製品類,40.54,--
63000,92年 8月,油漆塗料類,69.41,--
63000,92年 8月,機電設備類,86.75,--
63000,92年 8月,瀝青及其製品類,41.47,--
63000,92年 8月,雜項材料類,71.59,--
63000,92年 8月,勞務類,76.72,--
63000,92年 8月,工資類,70.73,--
63000,92年 8月,機具設備租金類,83.98,--
63000,92年 9月,總指數,57.75,--
63000,92年 9月,材料類,50.29,--
63000,92年 9月,水泥及其製品類,59.44,--
63000,92年 9月,砂石及級配類,68.35,--
63000,92年 9月,磚瓦瓷類,96.78,--
63000,92年 9月,金屬製品類,49.97,--
63000,92年 9月,木材及其製品類,57.35,--
63000,92年 9月,塑膠製品類,40.54,--
63000,92年 9月,油漆塗料類,69.54,--
63000,92年 9月,機電設備類,86.75,--
63000,92年 9月,瀝青及其製品類,41.51,--
63000,92年 9月,雜項材料類,71.59,--
63000,92年 9月,勞務類,76.72,--
63000,92年 9月,工資類,70.73,--
63000,92年 9月,機具設備租金類,83.98,--
63000,92年 10月,總指數,57.89,--
63000,92年 10月,材料類,50.52,--
63000,92年 10月,水泥及其製品類,60.01,--
63000,92年 10月,砂石及級配類,68.91,--
63000,92年 10月,磚瓦瓷類,96.78,--
63000,92年 10月,金屬製品類,50.04,--
63000,92年 10月,木材及其製品類,57.36,--
63000,92年 10月,塑膠製品類,40.54,--
63000,92年 10月,油漆塗料類,69.54,--
63000,92年 10月,機電設備類,86.75,--
63000,92年 10月,瀝青及其製品類,41.59,--
63000,92年 10月,雜項材料類,71.61,--
63000,92年 10月,勞務類,76.61,--
63000,92年 10月,工資類,70.73,--
63000,92年 10月,機具設備租金類,83.71,--
63000,92年 11月,總指數,58.08,--
63000,92年 11月,材料類,50.87,--
63000,92年 11月,水泥及其製品類,60.04,--
63000,92年 11月,砂石及級配類,70.45,--
63000,92年 11月,磚瓦瓷類,97.67,--
63000,92年 11月,金屬製品類,50.85,--
63000,92年 11月,木材及其製品類,57.35,--
63000,92年 11月,塑膠製品類,40.54,--
63000,92年 11月,油漆塗料類,69.54,--
63000,92年 11月,機電設備類,86.75,--
63000,92年 11月,瀝青及其製品類,41.59,--
63000,92年 11月,雜項材料類,71.62,--
63000,92年 11月,勞務類,76.39,--
63000,92年 11月,工資類,70.73,--
63000,92年 11月,機具設備租金類,83.22,--
63000,92年 12月,總指數,59.02,--
63000,92年 12月,材料類,52.15,--
63000,92年 12月,水泥及其製品類,60.15,--
63000,92年 12月,砂石及級配類,70.45,--
63000,92年 12月,磚瓦瓷類,97.67,--
63000,92年 12月,金屬製品類,54.6,--
63000,92年 12月,木材及其製品類,57.41,--
63000,92年 12月,塑膠製品類,40.54,--
63000,92年 12月,油漆塗料類,69.54,--
63000,92年 12月,機電設備類,86.75,--
63000,92年 12月,瀝青及其製品類,41.59,--
63000,92年 12月,雜項材料類,71.62,--
63000,92年 12月,勞務類,76.39,--
63000,92年 12月,工資類,70.73,--
63000,92年 12月,機具設備租金類,83.22,--
63000,93年 1月,總指數,61.6,9.23
63000,93年 1月,材料類,55.63,15.08
63000,93年 1月,水泥及其製品類,64.75,12.44
63000,93年 1月,砂石及級配類,75.6,13.07
63000,93年 1月,磚瓦瓷類,97.91,4.94
63000,93年 1月,金屬製品類,59.18,28.41
63000,93年 1月,木材及其製品類,57.72,0.64
63000,93年 1月,塑膠製品類,42.26,4.35
63000,93年 1月,油漆塗料類,69.54,-0.38
63000,93年 1月,機電設備類,86.75,0
63000,93年 1月,瀝青及其製品類,43.29,4.81
63000,93年 1月,雜項材料類,71.91,1.1
63000,93年 1月,勞務類,76.55,-0.62
63000,93年 1月,工資類,71.03,0.54
63000,93年 1月,機具設備租金類,83.17,-1.87
63000,93年 2月,總指數,63.96,11.63
63000,93年 2月,材料類,58.76,18.53
63000,93年 2月,水泥及其製品類,64.96,11.04
63000,93年 2月,砂石及級配類,76.16,13.91
63000,93年 2月,磚瓦瓷類,102.77,10.14
63000,93年 2月,金屬製品類,67.52,37.93
63000,93年 2月,木材及其製品類,59.84,4.34
63000,93年 2月,塑膠製品類,43.12,4.57
63000,93年 2月,油漆塗料類,69.54,-0.38
63000,93年 2月,機電設備類,87.51,0.87
63000,93年 2月,瀝青及其製品類,44.14,6.88
63000,93年 2月,雜項材料類,72.1,1.36
63000,93年 2月,勞務類,76.75,-0.36
63000,93年 2月,工資類,71.13,0.68
63000,93年 2月,機具設備租金類,83.53,-1.45
63000,93年 3月,總指數,65.13,12.85
63000,93年 3月,材料類,60.14,19.95
63000,93年 3月,水泥及其製品類,65.37,11.35
63000,93年 3月,砂石及級配類,76.16,13.91
63000,93年 3月,磚瓦瓷類,102.77,10.14
63000,93年 3月,金屬製品類,70.94,41.04
63000,93年 3月,木材及其製品類,62.55,9.06
63000,93年 3月,塑膠製品類,45.54,6.59
63000,93年 3月,油漆塗料類,69.54,-0.38
63000,93年 3月,機電設備類,87.96,1.39
63000,93年 3月,瀝青及其製品類,44.14,6.45
63000,93年 3月,雜項材料類,72.4,1.78
63000,93年 3月,勞務類,77.28,0.33
63000,93年 3月,工資類,71.2,0.78
63000,93年 3月,機具設備租金類,84.65,-0.12
63000,93年 4月,總指數,64.88,12.87
63000,93年 4月,材料類,59.82,20.07
63000,93年 4月,水泥及其製品類,65.37,10.62
63000,93年 4月,砂石及級配類,76.16,13.91
63000,93年 4月,磚瓦瓷類,102.77,8.91
63000,93年 4月,金屬製品類,69.78,42.38
63000,93年 4月,木材及其製品類,64.83,13.04
63000,93年 4月,塑膠製品類,45.61,6.67
63000,93年 4月,油漆塗料類,69.54,-0.38
63000,93年 4月,機電設備類,87.96,1.39
63000,93年 4月,瀝青及其製品類,44.14,6.45
63000,93年 4月,雜項材料類,72.71,2.22
63000,93年 4月,勞務類,77.25,0.29
63000,93年 4月,工資類,71.15,0.71
63000,93年 4月,機具設備租金類,84.6,-0.18
63000,93年 5月,總指數,64.25,13.3
63000,93年 5月,材料類,58.93,20.77
63000,93年 5月,水泥及其製品類,65.37,10.62
63000,93年 5月,砂石及級配類,76.16,13.91
63000,93年 5月,磚瓦瓷類,102.77,8.18
63000,93年 5月,金屬製品類,66.87,45.34
63000,93年 5月,木材及其製品類,68.06,18.68
63000,93年 5月,塑膠製品類,45.72,10.79
63000,93年 5月,油漆塗料類,69.54,-0.38
63000,93年 5月,機電設備類,87.96,1.39
63000,93年 5月,瀝青及其製品類,44.14,6.45
63000,93年 5月,雜項材料類,72.8,2.35
63000,93年 5月,勞務類,77.31,0.45
63000,93年 5月,工資類,71.12,0.8
63000,93年 5月,機具設備租金類,84.81,0.07
63000,93年 6月,總指數,63.92,12.63
63000,93年 6月,材料類,58.45,19.42
63000,93年 6月,水泥及其製品類,66.66,12.37
63000,93年 6月,砂石及級配類,76.7,14.72
63000,93年 6月,磚瓦瓷類,102.8,8.05
63000,93年 6月,金屬製品類,64.13,38.6
63000,93年 6月,木材及其製品類,68.96,20.24
63000,93年 6月,塑膠製品類,45.72,12.78
63000,93年 6月,油漆塗料類,69.54,-0.57
63000,93年 6月,機電設備類,87.96,1.39
63000,93年 6月,瀝青及其製品類,44.14,6.45
63000,93年 6月,雜項材料類,73.2,2.67
63000,93年 6月,勞務類,77.42,0.89
63000,93年 6月,工資類,71.19,0.91
63000,93年 6月,機具設備租金類,84.96,0.87
63000,93年 7月,總指數,65.4,14.03
63000,93年 7月,材料類,60.47,21.61
63000,93年 7月,水泥及其製品類,67.87,14.4
63000,93年 7月,砂石及級配類,77.37,15.72
63000,93年 7月,磚瓦瓷類,104.26,8.15
63000,93年 7月,金屬製品類,68.81,41.66
63000,93年 7月,木材及其製品類,68.96,20.24
63000,93年 7月,塑膠製品類,45.72,12.78
63000,93年 7月,油漆塗料類,69.54,-0.57
63000,93年 7月,機電設備類,87.96,1.39
63000,93年 7月,瀝青及其製品類,44.51,7.32
63000,93年 7月,雜項材料類,73.2,2.24
63000,93年 7月,勞務類,77.43,0.79
63000,93年 7月,工資類,71.28,0.79
63000,93年 7月,機具設備租金類,84.9,0.8
63000,93年 8月,總指數,65.76,14.11
63000,93年 8月,材料類,60.87,21.4
63000,93年 8月,水泥及其製品類,67.87,14.18
63000,93年 8月,砂石及級配類,77.37,14.03
63000,93年 8月,磚瓦瓷類,104.26,8.02
63000,93年 8月,金屬製品類,69.88,40.83
63000,93年 8月,木材及其製品類,68.96,20.24
63000,93年 8月,塑膠製品類,48.03,18.47
63000,93年 8月,油漆塗料類,70.02,0.89
63000,93年 8月,機電設備類,87.96,1.39
63000,93年 8月,瀝青及其製品類,44.51,7.32
63000,93年 8月,雜項材料類,73.2,2.24
63000,93年 8月,勞務類,77.68,1.25
63000,93年 8月,工資類,71.56,1.18
63000,93年 8月,機具設備租金類,85.08,1.31
63000,93年 9月,總指數,65.67,13.72
63000,93年 9月,材料類,60.7,20.7
63000,93年 9月,水泥及其製品類,67.87,14.18
63000,93年 9月,砂石及級配類,77.37,13.19
63000,93年 9月,磚瓦瓷類,104.26,7.73
63000,93年 9月,金屬製品類,68.98,38.03
63000,93年 9月,木材及其製品類,71.59,24.83
63000,93年 9月,塑膠製品類,52.31,29.03
63000,93年 9月,油漆塗料類,70.25,1.03
63000,93年 9月,機電設備類,87.96,1.39
63000,93年 9月,瀝青及其製品類,44.51,7.22
63000,93年 9月,雜項材料類,72.93,1.86
63000,93年 9月,勞務類,77.81,1.41
63000,93年 9月,工資類,71.52,1.12
63000,93年 9月,機具設備租金類,85.42,1.71
63000,93年 10月,總指數,66.13,14.24
63000,93年 10月,材料類,61.28,21.28
63000,93年 10月,水泥及其製品類,67.87,13.08
63000,93年 10月,砂石及級配類,77.37,12.27
63000,93年 10月,磚瓦瓷類,104.26,7.73
63000,93年 10月,金屬製品類,70.53,40.95
63000,93年 10月,木材及其製品類,73.23,27.66
63000,93年 10月,塑膠製品類,52.32,29.05
63000,93年 10月,油漆塗料類,70.25,1.03
63000,93年 10月,機電設備類,87.96,1.39
63000,93年 10月,瀝青及其製品類,44.51,7.02
63000,93年 10月,雜項材料類,73.36,2.44
63000,93年 10月,勞務類,77.92,1.72
63000,93年 10月,工資類,71.48,1.07
63000,93年 10月,機具設備租金類,85.72,2.41
63000,93年 11月,總指數,65.5,12.78
63000,93年 11月,材料類,60.42,18.78
63000,93年 11月,水泥及其製品類,67.87,13.04
63000,93年 11月,砂石及級配類,77.37,9.82
63000,93年 11月,磚瓦瓷類,105.84,8.37
63000,93年 11月,金屬製品類,67.94,33.61
63000,93年 11月,木材及其製品類,73.23,27.68
63000,93年 11月,塑膠製品類,52.32,29.05
63000,93年 11月,油漆塗料類,70.25,1.03
63000,93年 11月,機電設備類,87.96,1.39
63000,93年 11月,瀝青及其製品類,44.51,7.02
63000,93年 11月,雜項材料類,74.05,3.39
63000,93年 11月,勞務類,77.9,1.97
63000,93年 11月,工資類,71.43,1
63000,93年 11月,機具設備租金類,85.72,3.01
63000,93年 12月,總指數,65.24,10.53
63000,93年 12月,材料類,59.93,14.91
63000,93年 12月,水泥及其製品類,67.87,12.83
63000,93年 12月,砂石及級配類,77.37,9.82
63000,93年 12月,磚瓦瓷類,106.78,9.34
63000,93年 12月,金屬製品類,66.38,21.57
63000,93年 12月,木材及其製品類,73.23,27.55
63000,93年 12月,塑膠製品類,53.06,30.88
63000,93年 12月,油漆塗料類,70.25,1.03
63000,93年 12月,機電設備類,87.96,1.39
63000,93年 12月,瀝青及其製品類,44.51,7.02
63000,93年 12月,雜項材料類,74.3,3.74
63000,93年 12月,勞務類,78.25,2.43
63000,93年 12月,工資類,71.47,1.05
63000,93年 12月,機具設備租金類,86.51,3.95
63000,94年 1月,總指數,64.88,5.32
63000,94年 1月,材料類,59.34,6.67
63000,94年 1月,水泥及其製品類,67.87,4.82
63000,94年 1月,砂石及級配類,77.37,2.34
63000,94年 1月,磚瓦瓷類,107.08,9.36
63000,94年 1月,金屬製品類,64.68,9.28
63000,94年 1月,木材及其製品類,73.23,26.87
63000,94年 1月,塑膠製品類,50.89,20.43
63000,94年 1月,油漆塗料類,72.17,3.79
63000,94年 1月,機電設備類,87.96,1.39
63000,94年 1月,瀝青及其製品類,44.51,2.8
63000,94年 1月,雜項材料類,74.36,3.4
63000,94年 1月,勞務類,78.57,2.65
63000,94年 1月,工資類,71.5,0.66
63000,94年 1月,機具設備租金類,87.16,4.8
63000,94年 2月,總指數,65.44,2.31
63000,94年 2月,材料類,59.94,2.02
63000,94年 2月,水泥及其製品類,67.92,4.56
63000,94年 2月,砂石及級配類,77.37,1.59
63000,94年 2月,磚瓦瓷類,107.08,4.19
63000,94年 2月,金屬製品類,66.25,-1.88
63000,94年 2月,木材及其製品類,75.48,26.13
63000,94年 2月,塑膠製品類,50.89,18.03
63000,94年 2月,油漆塗料類,72.17,3.79
63000,94年 2月,機電設備類,88.18,0.76
63000,94年 2月,瀝青及其製品類,44.51,0.82
63000,94年 2月,雜項材料類,74.49,3.31
63000,94年 2月,勞務類,78.96,2.87
63000,94年 2月,工資類,71.59,0.64
63000,94年 2月,機具設備租金類,87.93,5.27
63000,94年 3月,總指數,65.65,0.79
63000,94年 3月,材料類,60.17,0.05
63000,94年 3月,水泥及其製品類,68.03,4.07
63000,94年 3月,砂石及級配類,77.37,1.59
63000,94年 3月,磚瓦瓷類,106.36,3.49
63000,94年 3月,金屬製品類,66.77,-5.88
63000,94年 3月,木材及其製品類,75.48,20.67
63000,94年 3月,塑膠製品類,53.08,16.56
63000,94年 3月,油漆塗料類,72.17,3.79
63000,94年 3月,機電設備類,88.44,0.55
63000,94年 3月,瀝青及其製品類,44.51,0.82
63000,94年 3月,雜項材料類,74.31,2.65
63000,94年 3月,勞務類,79.1,2.35
63000,94年 3月,工資類,71.75,0.77
63000,94年 3月,機具設備租金類,88.04,4
63000,94年 4月,總指數,65.56,1.05
63000,94年 4月,材料類,60.02,0.33
63000,94年 4月,水泥及其製品類,68.03,4.07
63000,94年 4月,砂石及級配類,77.37,1.59
63000,94年 4月,磚瓦瓷類,107.08,4.19
63000,94年 4月,金屬製品類,66.28,-5.01
63000,94年 4月,木材及其製品類,75.57,16.56
63000,94年 4月,塑膠製品類,53.08,16.39
63000,94年 4月,油漆塗料類,72.17,3.79
63000,94年 4月,機電設備類,88.54,0.65
63000,94年 4月,瀝青及其製品類,44.51,0.82
63000,94年 4月,雜項材料類,74.31,2.21
63000,94年 4月,勞務類,79.23,2.57
63000,94年 4月,工資類,71.93,1.1
63000,94年 4月,機具設備租金類,88.12,4.16
63000,94年 5月,總指數,65.13,1.36
63000,94年 5月,材料類,59.38,0.76
63000,94年 5月,水泥及其製品類,68.03,4.07
63000,94年 5月,砂石及級配類,77.37,1.59
63000,94年 5月,磚瓦瓷類,106.36,3.49
63000,94年 5月,金屬製品類,64.4,-3.68
63000,94年 5月,木材及其製品類,75.57,11.03
63000,94年 5月,塑膠製品類,53.08,16.09
63000,94年 5月,油漆塗料類,72.17,3.79
63000,94年 5月,機電設備類,88.54,0.65
63000,94年 5月,瀝青及其製品類,44.51,0.82
63000,94年 5月,雜項材料類,74.31,2.07
63000,94年 5月,勞務類,79.35,2.63
63000,94年 5月,工資類,72.1,1.38
63000,94年 5月,機具設備租金類,88.2,3.99
63000,94年 6月,總指數,64.37,0.7
63000,94年 6月,材料類,58.27,-0.3
63000,94年 6月,水泥及其製品類,68.03,2.05
63000,94年 6月,砂石及級配類,77.37,0.87
63000,94年 6月,磚瓦瓷類,106.48,3.58
63000,94年 6月,金屬製品類,61.24,-4.51
63000,94年 6月,木材及其製品類,75.57,9.58
63000,94年 6月,塑膠製品類,48.75,6.61
63000,94年 6月,油漆塗料類,72.17,3.79
63000,94年 6月,機電設備類,88.54,0.65
63000,94年 6月,瀝青及其製品類,44.51,0.82
63000,94年 6月,雜項材料類,74.31,1.52
63000,94年 6月,勞務類,79.56,2.77
63000,94年 6月,工資類,72.42,1.72
63000,94年 6月,機具設備租金類,88.28,3.91
63000,94年 7月,總指數,64.43,-1.49
63000,94年 7月,材料類,58.36,-3.49
63000,94年 7月,水泥及其製品類,68.03,0.24
63000,94年 7月,砂石及級配類,77.37,0
63000,94年 7月,磚瓦瓷類,106.36,2.01
63000,94年 7月,金屬製品類,61.51,-10.61
63000,94年 7月,木材及其製品類,75.57,9.58
63000,94年 7月,塑膠製品類,48.81,6.75
63000,94年 7月,油漆塗料類,72.17,3.79
63000,94年 7月,機電設備類,88.48,0.58
63000,94年 7月,瀝青及其製品類,44.51,0
63000,94年 7月,雜項材料類,74.31,1.52
63000,94年 7月,勞務類,79.54,2.72
63000,94年 7月,工資類,72.27,1.38
63000,94年 7月,機具設備租金類,88.4,4.13
63000,94年 8月,總指數,64.78,-1.5
63000,94年 8月,材料類,58.97,-3.12
63000,94年 8月,水泥及其製品類,68.03,0.24
63000,94年 8月,砂石及級配類,77.65,0.37
63000,94年 8月,磚瓦瓷類,107.08,2.7
63000,94年 8月,金屬製品類,61.54,-11.93
63000,94年 8月,木材及其製品類,75.57,9.58
63000,94年 8月,塑膠製品類,48.77,1.55
63000,94年 8月,油漆塗料類,72.17,3.06
63000,94年 8月,機電設備類,88.61,0.74
63000,94年 8月,瀝青及其製品類,47.24,6.14
63000,94年 8月,雜項材料類,74.83,2.22
63000,94年 8月,勞務類,79.2,1.95
63000,94年 8月,工資類,72.31,1.05
63000,94年 8月,機具設備租金類,87.57,2.92
63000,94年 9月,總指數,65.24,-0.66
63000,94年 9月,材料類,59.55,-1.9
63000,94年 9月,水泥及其製品類,68.03,0.24
63000,94年 9月,砂石及級配類,78.68,1.7
63000,94年 9月,磚瓦瓷類,107.08,2.7
63000,94年 9月,金屬製品類,63.14,-8.46
63000,94年 9月,木材及其製品類,75.57,5.56
63000,94年 9月,塑膠製品類,48.77,-6.76
63000,94年 9月,油漆塗料類,72.17,2.73
63000,94年 9月,機電設備類,88.61,0.74
63000,94年 9月,瀝青及其製品類,47.24,6.14
63000,94年 9月,雜項材料類,74.65,2.36
63000,94年 9月,勞務類,79.29,1.91
63000,94年 9月,工資類,72.39,1.22
63000,94年 9月,機具設備租金類,87.7,2.67
63000,94年 10月,總指數,65.4,-1.11
63000,94年 10月,材料類,59.69,-2.59
63000,94年 10月,水泥及其製品類,68.3,0.64
63000,94年 10月,砂石及級配類,81.47,5.31
63000,94年 10月,磚瓦瓷類,107.08,2.7
63000,94年 10月,金屬製品類,62.81,-10.95
63000,94年 10月,木材及其製品類,75.57,3.2
63000,94年 10月,塑膠製品類,53.16,1.6
63000,94年 10月,油漆塗料類,72.17,2.73
63000,94年 10月,機電設備類,88.79,0.95
63000,94年 10月,瀝青及其製品類,47.24,6.14
63000,94年 10月,雜項材料類,74.29,1.27
63000,94年 10月,勞務類,79.49,2.01
63000,94年 10月,工資類,72.73,1.75
63000,94年 10月,機具設備租金類,87.7,2.31
63000,94年 11月,總指數,65.29,-0.33
63000,94年 11月,材料類,59.46,-1.59
63000,94年 11月,水泥及其製品類,68.55,1.01
63000,94年 11月,砂石及級配類,81.7,5.61
63000,94年 11月,磚瓦瓷類,107.08,1.17
63000,94年 11月,金屬製品類,61.51,-9.45
63000,94年 11月,木材及其製品類,76.36,4.27
63000,94年 11月,塑膠製品類,53.17,1.63
63000,94年 11月,油漆塗料類,72.17,2.73
63000,94年 11月,機電設備類,88.79,0.95
63000,94年 11月,瀝青及其製品類,47.69,7.15
63000,94年 11月,雜項材料類,74.29,0.33
63000,94年 11月,勞務類,79.72,2.34
63000,94年 11月,工資類,72.84,1.97
63000,94年 11月,機具設備租金類,88.08,2.74
63000,94年 12月,總指數,65.24,0
63000,94年 12月,材料類,59.37,-0.92
63000,94年 12月,水泥及其製品類,68.89,1.5
63000,94年 12月,砂石及級配類,81.29,5.07
63000,94年 12月,磚瓦瓷類,107.08,0.27
63000,94年 12月,金屬製品類,60.99,-8.12
63000,94年 12月,木材及其製品類,76.36,4.27
63000,94年 12月,塑膠製品類,53.17,0.21
63000,94年 12月,油漆塗料類,72.12,2.66
63000,94年 12月,機電設備類,88.79,0.95
63000,94年 12月,瀝青及其製品類,47.69,7.15
63000,94年 12月,雜項材料類,74.82,0.69
63000,94年 12月,勞務類,79.74,1.9
63000,94年 12月,工資類,72.86,1.94
63000,94年 12月,機具設備租金類,88.08,1.81
63000,95年 1月,總指數,65.13,0.39
63000,95年 1月,材料類,59.17,-0.28
63000,95年 1月,水泥及其製品類,68.89,1.5
63000,95年 1月,砂石及級配類,81.29,5.07
63000,95年 1月,磚瓦瓷類,108.28,1.12
63000,95年 1月,金屬製品類,60.35,-6.69
63000,95年 1月,木材及其製品類,76.36,4.27
63000,95年 1月,塑膠製品類,53.17,4.48
63000,95年 1月,油漆塗料類,72.12,-0.07
63000,95年 1月,機電設備類,89.43,1.67
63000,95年 1月,瀝青及其製品類,47.69,7.15
63000,95年 1月,雜項材料類,75.2,1.13
63000,95年 1月,勞務類,79.92,1.71
63000,95年 1月,工資類,72.98,2.07
63000,95年 1月,機具設備租金類,88.37,1.39
63000,95年 2月,總指數,65.36,-0.11
63000,95年 2月,材料類,59.45,-0.83
63000,95年 2月,水泥及其製品類,68.89,1.42
63000,95年 2月,砂石及級配類,81.51,5.35
63000,95年 2月,磚瓦瓷類,108.28,1.12
63000,95年 2月,金屬製品類,61.11,-7.76
63000,95年 2月,木材及其製品類,76.36,1.17
63000,95年 2月,塑膠製品類,53.17,4.48
63000,95年 2月,油漆塗料類,72.12,-0.07
63000,95年 2月,機電設備類,89.43,1.42
63000,95年 2月,瀝青及其製品類,47.69,7.15
63000,95年 2月,雜項材料類,75.25,1.03
63000,95年 2月,勞務類,80.02,1.35
63000,95年 2月,工資類,72.99,1.95
63000,95年 2月,機具設備租金類,88.63,0.8
63000,95年 3月,總指數,65.97,0.5
63000,95年 3月,材料類,60.32,0.24
63000,95年 3月,水泥及其製品類,68.89,1.26
63000,95年 3月,砂石及級配類,81.51,5.35
63000,95年 3月,磚瓦瓷類,108.28,1.8
63000,95年 3月,金屬製品類,63.1,-5.49
63000,95年 3月,木材及其製品類,76.46,1.31
63000,95年 3月,塑膠製品類,53.17,0.16
63000,95年 3月,油漆塗料類,72.12,-0.07
63000,95年 3月,機電設備類,89.88,1.63
63000,95年 3月,瀝青及其製品類,48.67,9.35
63000,95年 3月,雜項材料類,75.25,1.26
63000,95年 3月,勞務類,79.93,1.06
63000,95年 3月,工資類,72.99,1.73
63000,95年 3月,機具設備租金類,88.41,0.43
63000,95年 4月,總指數,67.1,2.34
63000,95年 4月,材料類,61.82,3
63000,95年 4月,水泥及其製品類,69.25,1.8
63000,95年 4月,砂石及級配類,82.48,6.61
63000,95年 4月,磚瓦瓷類,109.89,2.63
63000,95年 4月,金屬製品類,66.82,0.81
63000,95年 4月,木材及其製品類,76.46,1.19
63000,95年 4月,塑膠製品類,53.17,0.16
63000,95年 4月,油漆塗料類,72.12,-0.07
63000,95年 4月,機電設備類,90.64,2.37
63000,95年 4月,瀝青及其製品類,49.2,10.54
63000,95年 4月,雜項材料類,75.31,1.34
63000,95年 4月,勞務類,80,0.98
63000,95年 4月,工資類,73.03,1.53
63000,95年 4月,機具設備租金類,88.49,0.41
63000,95年 5月,總指數,70.05,7.55
63000,95年 5月,材料類,65.77,10.77
63000,95年 5月,水泥及其製品類,76.16,11.95
63000,95年 5月,砂石及級配類,86.8,12.19
63000,95年 5月,磚瓦瓷類,111.75,5.07
63000,95年 5月,金屬製品類,69.82,8.4
63000,95年 5月,木材及其製品類,77.24,2.22
63000,95年 5月,塑膠製品類,53.17,0.16
63000,95年 5月,油漆塗料類,72.06,-0.15
63000,95年 5月,機電設備類,91.22,3.03
63000,95年 5月,瀝青及其製品類,52.77,18.57
63000,95年 5月,雜項材料類,75.44,1.52
63000,95年 5月,勞務類,80.18,1.05
63000,95年 5月,工資類,73.06,1.33
63000,95年 5月,機具設備租金類,88.87,0.76
63000,95年 6月,總指數,70.1,8.91
63000,95年 6月,材料類,65.84,12.99
63000,95年 6月,水泥及其製品類,77.27,13.58
63000,95年 6月,砂石及級配類,86.8,12.19
63000,95年 6月,磚瓦瓷類,111.75,4.95
63000,95年 6月,金屬製品類,68.98,12.63
63000,95年 6月,木材及其製品類,78.02,3.25
63000,95年 6月,塑膠製品類,53.17,9.08
63000,95年 6月,油漆塗料類,72.06,-0.15
63000,95年 6月,機電設備類,91.22,3.03
63000,95年 6月,瀝青及其製品類,52.77,18.57
63000,95年 6月,雜項材料類,75.58,1.71
63000,95年 6月,勞務類,80.23,0.84
63000,95年 6月,工資類,73.06,0.88
63000,95年 6月,機具設備租金類,88.97,0.78
63000,95年 7月,總指數,70.08,8.77
63000,95年 7月,材料類,65.82,12.79
63000,95年 7月,水泥及其製品類,77.27,13.58
63000,95年 7月,砂石及級配類,86.8,12.19
63000,95年 7月,磚瓦瓷類,111.75,5.07
63000,95年 7月,金屬製品類,68.93,12.06
63000,95年 7月,木材及其製品類,78.06,3.3
63000,95年 7月,塑膠製品類,53.17,8.93
63000,95年 7月,油漆塗料類,72.06,-0.15
63000,95年 7月,機電設備類,91.22,3.1
63000,95年 7月,瀝青及其製品類,52.77,18.57
63000,95年 7月,雜項材料類,75.65,1.8
63000,95年 7月,勞務類,80.2,0.83
63000,95年 7月,工資類,73.01,1.02
63000,95年 7月,機具設備租金類,88.97,0.64
63000,95年 8月,總指數,69.75,7.67
63000,95年 8月,材料類,65.33,10.77
63000,95年 8月,水泥及其製品類,77.27,13.58
63000,95年 8月,砂石及級配類,87.06,12.12
63000,95年 8月,磚瓦瓷類,111.75,4.37
63000,95年 8月,金屬製品類,67.4,9.53
63000,95年 8月,木材及其製品類,78.13,3.4
63000,95年 8月,塑膠製品類,53.19,9.06
63000,95年 8月,油漆塗料類,72.06,-0.15
63000,95年 8月,機電設備類,91.22,2.94
63000,95年 8月,瀝青及其製品類,52.77,11.71
63000,95年 8月,雜項材料類,75.81,1.32
63000,95年 8月,勞務類,80.29,1.38
63000,95年 8月,工資類,73.17,1.2
63000,95年 8月,機具設備租金類,88.97,1.6
63000,95年 9月,總指數,69.95,7.22
63000,95年 9月,材料類,65.62,10.2
63000,95年 9月,水泥及其製品類,77.27,13.58
63000,95年 9月,砂石及級配類,87.18,10.8
63000,95年 9月,磚瓦瓷類,111.75,4.37
63000,95年 9月,金屬製品類,68.04,7.76
63000,95年 9月,木材及其製品類,78.22,3.52
63000,95年 9月,塑膠製品類,57.6,18.1
63000,95年 9月,油漆塗料類,72.06,-0.15
63000,95年 9月,機電設備類,91.22,2.94
63000,95年 9月,瀝青及其製品類,52.77,11.71
63000,95年 9月,雜項材料類,75.81,1.55
63000,95年 9月,勞務類,80.24,1.2
63000,95年 9月,工資類,73.09,0.97
63000,95年 9月,機具設備租金類,88.97,1.44
63000,95年 10月,總指數,70.5,7.81
63000,95年 10月,材料類,66.29,11.06
63000,95年 10月,水泥及其製品類,77.27,13.12
63000,95年 10月,砂石及級配類,86.77,6.5
63000,95年 10月,磚瓦瓷類,112.62,5.17
63000,95年 10月,金屬製品類,68.86,9.63
63000,95年 10月,木材及其製品類,79.01,4.56
63000,95年 10月,塑膠製品類,57.65,8.46
63000,95年 10月,油漆塗料類,72.06,-0.15
63000,95年 10月,機電設備類,91.22,2.73
63000,95年 10月,瀝青及其製品類,54.64,15.67
63000,95年 10月,雜項材料類,75.81,2.04
63000,95年 10月,勞務類,80.45,1.21
63000,95年 10月,工資類,73.55,1.12
63000,95年 10月,機具設備租金類,88.84,1.3
63000,95年 11月,總指數,70.6,8.14
63000,95年 11月,材料類,66.33,11.54
63000,95年 11月,水泥及其製品類,77.27,12.72
63000,95年 11月,砂石及級配類,86.77,6.2
63000,95年 11月,磚瓦瓷類,112.62,5.17
63000,95年 11月,金屬製品類,69.1,12.33
63000,95年 11月,木材及其製品類,79.1,3.6
63000,95年 11月,塑膠製品類,55.76,4.87
63000,95年 11月,油漆塗料類,72.06,-0.15
63000,95年 11月,機電設備類,91.22,2.73
63000,95年 11月,瀝青及其製品類,54.56,14.41
63000,95年 11月,雜項材料類,75.81,2.04
63000,95年 11月,勞務類,80.73,1.26
63000,95年 11月,工資類,74.11,1.75
63000,95年 11月,機具設備租金類,88.76,0.77
63000,95年 12月,總指數,70.54,8.12
63000,95年 12月,材料類,66.26,11.6
63000,95年 12月,水泥及其製品類,77.27,12.17
63000,95年 12月,砂石及級配類,86.77,6.74
63000,95年 12月,磚瓦瓷類,112.62,5.17
63000,95年 12月,金屬製品類,68.9,12.98
63000,95年 12月,木材及其製品類,79.11,3.61
63000,95年 12月,塑膠製品類,55.76,4.87
63000,95年 12月,油漆塗料類,72.06,-0.08
63000,95年 12月,機電設備類,91.22,2.73
63000,95年 12月,瀝青及其製品類,54.56,14.41
63000,95年 12月,雜項材料類,75.81,1.33
63000,95年 12月,勞務類,80.65,1.15
63000,95年 12月,工資類,74.08,1.68
63000,95年 12月,機具設備租金類,88.63,0.63
63000,96年 1月,總指數,70.82,8.74
63000,96年 1月,材料類,66.67,12.67
63000,96年 1月,水泥及其製品類,77.27,12.17
63000,96年 1月,砂石及級配類,86.77,6.74
63000,96年 1月,磚瓦瓷類,112.62,4.01
63000,96年 1月,金屬製品類,70.23,16.37
63000,96年 1月,木材及其製品類,78.07,2.24
63000,96年 1月,塑膠製品類,55.47,4.33
63000,96年 1月,油漆塗料類,72.09,-0.04
63000,96年 1月,機電設備類,90.63,1.34
63000,96年 1月,瀝青及其製品類,54.56,14.41
63000,96年 1月,雜項材料類,76.09,1.18
63000,96年 1月,勞務類,80.59,0.85
63000,96年 1月,工資類,74.08,1.5
63000,96年 1月,機具設備租金類,88.5,0.14
63000,96年 2月,總指數,71.55,9.47
63000,96年 2月,材料類,67.68,13.85
63000,96年 2月,水泥及其製品類,77.27,12.17
63000,96年 2月,砂石及級配類,86.77,6.45
63000,96年 2月,磚瓦瓷類,112.62,4.01
63000,96年 2月,金屬製品類,73.33,20
63000,96年 2月,木材及其製品類,78.07,2.24
63000,96年 2月,塑膠製品類,55.48,4.34
63000,96年 2月,油漆塗料類,72.24,0.17
63000,96年 2月,機電設備類,90.63,1.34
63000,96年 2月,瀝青及其製品類,54.38,14.02
63000,96年 2月,雜項材料類,76.09,1.12
63000,96年 2月,勞務類,80.59,0.71
63000,96年 2月,工資類,74.08,1.49
63000,96年 2月,機具設備租金類,88.5,-0.15
63000,96年 3月,總指數,72.52,9.93
63000,96年 3月,材料類,68.95,14.31
63000,96年 3月,水泥及其製品類,77.27,12.17
63000,96年 3月,砂石及級配類,86.77,6.45
63000,96年 3月,磚瓦瓷類,112.62,4.01
63000,96年 3月,金屬製品類,77.21,22.36
63000,96年 3月,木材及其製品類,78.07,2.11
63000,96年 3月,塑膠製品類,55.48,4.34
63000,96年 3月,油漆塗料類,72.24,0.17
63000,96年 3月,機電設備類,90.63,0.83
63000,96年 3月,瀝青及其製品類,54.27,11.51
63000,96年 3月,雜項材料類,76.09,1.12
63000,96年 3月,勞務類,80.71,0.97
63000,96年 3月,工資類,74.3,1.79
63000,96年 3月,機具設備租金類,88.49,0.09
63000,96年 4月,總指數,72.63,8.25
63000,96年 4月,材料類,69.09,11.76
63000,96年 4月,水泥及其製品類,77.27,11.57
63000,96年 4月,砂石及級配類,89.86,8.95
63000,96年 4月,磚瓦瓷類,114.84,4.5
63000,96年 4月,金屬製品類,77.23,15.59
63000,96年 4月,木材及其製品類,78.07,2.11
63000,96年 4月,塑膠製品類,55.48,4.34
63000,96年 4月,油漆塗料類,72.24,0.17
63000,96年 4月,機電設備類,91.47,0.92
63000,96年 4月,瀝青及其製品類,54.27,10.31
63000,96年 4月,雜項材料類,76.09,1.04
63000,96年 4月,勞務類,80.71,0.88
63000,96年 4月,工資類,74.3,1.73
63000,96年 4月,機具設備租金類,88.49,0
63000,96年 5月,總指數,73.78,5.33
63000,96年 5月,材料類,70.65,7.41
63000,96年 5月,水泥及其製品類,81.19,6.62
63000,96年 5月,砂石及級配類,92.97,7.11
63000,96年 5月,磚瓦瓷類,114.84,2.76
63000,96年 5月,金屬製品類,78.11,11.88
63000,96年 5月,木材及其製品類,78.07,1.07
63000,96年 5月,塑膠製品類,55.48,4.34
63000,96年 5月,油漆塗料類,72.24,0.25
63000,96年 5月,機電設備類,91.47,0.27
63000,96年 5月,瀝青及其製品類,54.27,2.84
63000,96年 5月,雜項材料類,75.83,0.51
63000,96年 5月,勞務類,80.75,0.71
63000,96年 5月,工資類,74.38,1.81
63000,96年 5月,機具設備租金類,88.49,-0.43
63000,96年 6月,總指數,74.58,6.38
63000,96年 6月,材料類,71.61,8.77
63000,96年 6月,水泥及其製品類,81.19,5.08
63000,96年 6月,砂石及級配類,92.97,7.11
63000,96年 6月,磚瓦瓷類,114.84,2.76
63000,96年 6月,金屬製品類,79.74,15.59
63000,96年 6月,木材及其製品類,78.07,0.06
63000,96年 6月,塑膠製品類,57.3,7.76
63000,96年 6月,油漆塗料類,72.24,0.25
63000,96年 6月,機電設備類,91.65,0.47
63000,96年 6月,瀝青及其製品類,56.16,6.42
63000,96年 6月,雜項材料類,75.95,0.49
63000,96年 6月,勞務類,81.07,1.05
63000,96年 6月,工資類,74.82,2.41
63000,96年 6月,機具設備租金類,88.63,-0.38
63000,96年 7月,總指數,74.45,6.24
63000,96年 7月,材料類,71.44,8.53
63000,96年 7月,水泥及其製品類,81.19,5.08
63000,96年 7月,砂石及級配類,94.1,8.41
63000,96年 7月,磚瓦瓷類,115.3,3.17
63000,96年 7月,金屬製品類,79.06,14.7
63000,96年 7月,木材及其製品類,78.07,0.02
63000,96年 7月,塑膠製品類,55.49,4.37
63000,96年 7月,油漆塗料類,72.24,0.25
63000,96年 7月,機電設備類,91.47,0.27
63000,96年 7月,瀝青及其製品類,56.16,6.42
63000,96年 7月,雜項材料類,76.95,1.73
63000,96年 7月,勞務類,81.11,1.13
63000,96年 7月,工資類,74.87,2.55
63000,96年 7月,機具設備租金類,88.63,-0.38
63000,96年 8月,總指數,74.38,6.64
63000,96年 8月,材料類,71.3,9.15
63000,96年 8月,水泥及其製品類,81.19,5.08
63000,96年 8月,砂石及級配類,94.1,8.09
63000,96年 8月,磚瓦瓷類,115.3,3.17
63000,96年 8月,金屬製品類,78.68,16.73
63000,96年 8月,木材及其製品類,78.08,-0.06
63000,96年 8月,塑膠製品類,53.33,0.26
63000,96年 8月,油漆塗料類,72.4,0.47
63000,96年 8月,機電設備類,91.47,0.27
63000,96年 8月,瀝青及其製品類,56.16,6.42
63000,96年 8月,雜項材料類,78.14,3.07
63000,96年 8月,勞務類,81.16,1.09
63000,96年 8月,工資類,74.87,2.32
63000,96年 8月,機具設備租金類,88.76,-0.24
63000,96年 9月,總指數,75.22,7.54
63000,96年 9月,材料類,72.4,10.33
63000,96年 9月,水泥及其製品類,81.19,5.08
63000,96年 9月,砂石及級配類,93.73,7.51
63000,96年 9月,磚瓦瓷類,115.3,3.17
63000,96年 9月,金屬製品類,81.49,19.77
63000,96年 9月,木材及其製品類,77.74,-0.62
63000,96年 9月,塑膠製品類,53.33,-7.42
63000,96年 9月,油漆塗料類,72.4,0.47
63000,96年 9月,機電設備類,91.47,0.27
63000,96年 9月,瀝青及其製品類,57.03,8.07
63000,96年 9月,雜項材料類,78.14,3.07
63000,96年 9月,勞務類,81.31,1.33
63000,96年 9月,工資類,74.87,2.44
63000,96年 9月,機具設備租金類,89.12,0.17
63000,96年 10月,總指數,76.07,7.9
63000,96年 10月,材料類,73.47,10.83
63000,96年 10月,水泥及其製品類,81.19,5.08
63000,96年 10月,砂石及級配類,93.14,7.34
63000,96年 10月,磚瓦瓷類,115.3,2.38
63000,96年 10月,金屬製品類,84.77,23.11
63000,96年 10月,木材及其製品類,77.74,-1.61
63000,96年 10月,塑膠製品類,53.58,-7.07
63000,96年 10月,油漆塗料類,72.4,0.47
63000,96年 10月,機電設備類,91.47,0.27
63000,96年 10月,瀝青及其製品類,57.03,4.37
63000,96年 10月,雜項材料類,78.14,3.07
63000,96年 10月,勞務類,81.55,1.37
63000,96年 10月,工資類,75.28,2.35
63000,96年 10月,機具設備租金類,89.12,0.31
63000,96年 11月,總指數,76.08,7.75
63000,96年 11月,材料類,73.47,10.77
63000,96年 11月,水泥及其製品類,81.19,5.08
63000,96年 11月,砂石及級配類,95.29,9.82
63000,96年 11月,磚瓦瓷類,116.24,3.22
63000,96年 11月,金屬製品類,84.42,22.17
63000,96年 11月,木材及其製品類,77.74,-1.72
63000,96年 11月,塑膠製品類,53.58,-3.92
63000,96年 11月,油漆塗料類,73.07,1.41
63000,96年 11月,機電設備類,91.54,0.35
63000,96年 11月,瀝青及其製品類,57.03,4.52
63000,96年 11月,雜項材料類,78.71,3.83
63000,96年 11月,勞務類,81.57,1.05
63000,96年 11月,工資類,75.28,1.57
63000,96年 11月,機具設備租金類,89.16,0.45
63000,96年 12月,總指數,77.39,9.71
63000,96年 12月,材料類,75.25,13.57
63000,96年 12月,水泥及其製品類,81.19,5.08
63000,96年 12月,砂石及級配類,99.62,14.81
63000,96年 12月,磚瓦瓷類,116.24,3.22
63000,96年 12月,金屬製品類,88.92,29.05
63000,96年 12月,木材及其製品類,77.74,-1.73
63000,96年 12月,塑膠製品類,53.58,-3.92
63000,96年 12月,油漆塗料類,73.07,1.41
63000,96年 12月,機電設備類,91.65,0.47
63000,96年 12月,瀝青及其製品類,57.38,5.17
63000,96年 12月,雜項材料類,79.16,4.41
63000,96年 12月,勞務類,81.61,1.19
63000,96年 12月,工資類,75.29,1.64
63000,96年 12月,機具設備租金類,89.25,0.69
63000,97年 1月,總指數,79.31,11.99
63000,97年 1月,材料類,78.21,17.32
63000,97年 1月,水泥及其製品類,81.75,5.8
63000,97年 1月,砂石及級配類,106.11,22.29
63000,97年 1月,磚瓦瓷類,0,0
63000,97年 1月,金屬製品類,96.74,37.75
63000,97年 1月,木材及其製品類,77.74,-0.41
63000,97年 1月,塑膠製品類,55.88,0.73
63000,97年 1月,油漆塗料類,73.07,1.36
63000,97年 1月,機電設備類,91.43,0.89
63000,97年 1月,瀝青及其製品類,57.53,5.44
63000,97年 1月,雜項材料類,79.16,4.03
63000,97年 1月,勞務類,81.61,1.26
63000,97年 1月,工資類,75.35,1.72
63000,97年 1月,機具設備租金類,89.16,0.75
63000,97年 2月,總指數,80.52,12.53
63000,97年 2月,材料類,80.06,18.3
63000,97年 2月,水泥及其製品類,81.75,5.8
63000,97年 2月,砂石及級配類,106.11,22.29
63000,97年 2月,磚瓦瓷類,0,0
63000,97年 2月,金屬製品類,102.53,39.81
63000,97年 2月,木材及其製品類,77.74,-0.41
63000,97年 2月,塑膠製品類,55.88,0.72
63000,97年 2月,油漆塗料類,73.07,1.15
63000,97年 2月,機電設備類,91.63,1.11
63000,97年 2月,瀝青及其製品類,57.53,5.8
63000,97年 2月,雜項材料類,79.33,4.26
63000,97年 2月,勞務類,81.61,1.26
63000,97年 2月,工資類,75.35,1.72
63000,97年 2月,機具設備租金類,89.17,0.76
63000,97年 3月,總指數,83.81,15.57
63000,97年 3月,材料類,85.02,23.31
63000,97年 3月,水泥及其製品類,84.63,9.53
63000,97年 3月,砂石及級配類,105.97,22.14
63000,97年 3月,磚瓦瓷類,0,0
63000,97年 3月,金屬製品類,110.96,43.7
63000,97年 3月,木材及其製品類,77.74,-0.43
63000,97年 3月,塑膠製品類,55.88,0.72
63000,97年 3月,油漆塗料類,73.07,1.15
63000,97年 3月,機電設備類,92.09,1.62
63000,97年 3月,瀝青及其製品類,63.9,17.74
63000,97年 3月,雜項材料類,79.81,4.88
63000,97年 3月,勞務類,81.77,1.31
63000,97年 3月,工資類,75.58,1.72
63000,97年 3月,機具設備租金類,89.26,0.87
63000,97年 4月,總指數,87.71,20.77
63000,97年 4月,材料類,90.77,31.37
63000,97年 4月,水泥及其製品類,87.38,13.08
63000,97年 4月,砂石及級配類,105.4,17.29
63000,97年 4月,磚瓦瓷類,0,0
63000,97年 4月,金屬製品類,118.56,53.51
63000,97年 4月,木材及其製品類,77.74,-0.43
63000,97年 4月,塑膠製品類,55.88,0.72
63000,97年 4月,油漆塗料類,73.07,1.15
63000,97年 4月,機電設備類,92.59,1.23
63000,97年 4月,瀝青及其製品類,75.12,38.42
63000,97年 4月,雜項材料類,81,6.44
63000,97年 4月,勞務類,82.24,1.9
63000,97年 4月,工資類,76.34,2.75
63000,97年 4月,機具設備租金類,89.38,1.01
63000,97年 5月,總指數,89.01,20.65
63000,97年 5月,材料類,92.67,31.18
63000,97年 5月,水泥及其製品類,87.39,7.63
63000,97年 5月,砂石及級配類,104.41,12.31
63000,97年 5月,磚瓦瓷類,0,0
63000,97年 5月,金屬製品類,124.4,59.26
63000,97年 5月,木材及其製品類,79.1,1.32
63000,97年 5月,塑膠製品類,56.1,1.12
63000,97年 5月,油漆塗料類,80.63,11.62
63000,97年 5月,機電設備類,92.64,1.28
63000,97年 5月,瀝青及其製品類,75.12,38.42
63000,97年 5月,雜項材料類,81,6.81
63000,97年 5月,勞務類,82.41,2.05
63000,97年 5月,工資類,76.62,3.02
63000,97年 5月,機具設備租金類,89.43,1.06
63000,97年 6月,總指數,91.73,22.99
63000,97年 6月,材料類,95.87,33.87
63000,97年 6月,水泥及其製品類,87.4,7.64
63000,97年 6月,砂石及級配類,103.87,11.72
63000,97年 6月,磚瓦瓷類,0,0
63000,97年 6月,金屬製品類,131.96,65.5
63000,97年 6月,木材及其製品類,82.53,5.71
63000,97年 6月,塑膠製品類,56.1,-2.1
63000,97年 6月,油漆塗料類,81.01,12.14
63000,97年 6月,機電設備類,92.67,1.11
63000,97年 6月,瀝青及其製品類,78.1,39.08
63000,97年 6月,雜項材料類,82.98,9.26
63000,97年 6月,勞務類,84.21,3.87
63000,97年 6月,工資類,78.14,4.44
63000,97年 6月,機具設備租金類,91.57,3.31
63000,97年 7月,總指數,92.08,23.67
63000,97年 7月,材料類,95.75,34.04
63000,97年 7月,水泥及其製品類,87.4,7.64
63000,97年 7月,砂石及級配類,103.87,10.37
63000,97年 7月,磚瓦瓷類,0,0
63000,97年 7月,金屬製品類,130.21,64.69
63000,97年 7月,木材及其製品類,84.87,8.7
63000,97年 7月,塑膠製品類,57.6,3.8
63000,97年 7月,油漆塗料類,81.01,12.14
63000,97年 7月,機電設備類,92.86,1.52
63000,97年 7月,瀝青及其製品類,79.59,41.73
63000,97年 7月,雜項材料類,83.82,8.92
63000,97年 7月,勞務類,85.45,5.35
63000,97年 7月,工資類,78.14,4.37
63000,97年 7月,機具設備租金類,94.25,6.33
63000,97年 8月,總指數,90.46,21.62
63000,97年 8月,材料類,93.16,30.66
63000,97年 8月,水泥及其製品類,87.73,8.05
63000,97年 8月,砂石及級配類,103.87,10.37
63000,97年 8月,磚瓦瓷類,0,0
63000,97年 8月,金屬製品類,119.07,51.34
63000,97年 8月,木材及其製品類,84.87,8.69
63000,97年 8月,塑膠製品類,61.16,14.67
63000,97年 8月,油漆塗料類,81.72,12.88
63000,97年 8月,機電設備類,93,1.68
63000,97年 8月,瀝青及其製品類,83.1,47.97
63000,97年 8月,雜項材料類,84.55,8.19
63000,97年 8月,勞務類,85.66,5.54
63000,97年 8月,工資類,78.32,4.61
63000,97年 8月,機具設備租金類,94.49,6.46
63000,97年 9月,總指數,89.34,18.78
63000,97年 9月,材料類,91.39,26.23
63000,97年 9月,水泥及其製品類,87.28,7.49
63000,97年 9月,砂石及級配類,103.87,10.81
63000,97年 9月,磚瓦瓷類,0,0
63000,97年 9月,金屬製品類,107.65,32.1
63000,97年 9月,木材及其製品類,84.87,9.16
63000,97年 9月,塑膠製品類,61.16,14.67
63000,97年 9月,油漆塗料類,82.08,13.38
63000,97年 9月,機電設備類,92.87,1.54
63000,97年 9月,瀝青及其製品類,92.14,61.56
63000,97年 9月,雜項材料類,83.99,7.49
63000,97年 9月,勞務類,85.76,5.47
63000,97年 9月,工資類,78.5,4.86
63000,97年 9月,機具設備租金類,94.49,6.03
63000,97年 10月,總指數,86.67,13.93
63000,97年 10月,材料類,87.3,18.83
63000,97年 10月,水泥及其製品類,87.28,7.49
63000,97年 10月,砂石及級配類,103.87,11.52
63000,97年 10月,磚瓦瓷類,0,0
63000,97年 10月,金屬製品類,95.27,12.39
63000,97年 10月,木材及其製品類,82.97,6.72
63000,97年 10月,塑膠製品類,56.55,5.54
63000,97年 10月,油漆塗料類,82.82,14.39
63000,97年 10月,機電設備類,92.66,1.3
63000,97年 10月,瀝青及其製品類,91.93,61.2
63000,97年 10月,雜項材料類,83.99,7.49
63000,97年 10月,勞務類,85.74,5.14
63000,97年 10月,工資類,78.49,4.27
63000,97年 10月,機具設備租金類,94.47,6
63000,97年 11月,總指數,84.11,10.56
63000,97年 11月,材料類,83.49,13.63
63000,97年 11月,水泥及其製品類,86.85,6.97
63000,97年 11月,砂石及級配類,103.16,8.26
63000,97年 11月,磚瓦瓷類,0,0
63000,97年 11月,金屬製品類,83.82,-0.71
63000,97年 11月,木材及其製品類,82.22,5.76
63000,97年 11月,塑膠製品類,56.24,4.97
63000,97年 11月,油漆塗料類,82.82,13.33
63000,97年 11月,機電設備類,91.85,0.34
63000,97年 11月,瀝青及其製品類,91.93,61.2
63000,97年 11月,雜項材料類,83.99,6.71
63000,97年 11月,勞務類,85.51,4.83
63000,97年 11月,工資類,78.26,3.97
63000,97年 11月,機具設備租金類,94.23,5.68
63000,97年 12月,總指數,83.19,7.49
63000,97年 12月,材料類,82.27,9.32
63000,97年 12月,水泥及其製品類,86.85,6.97
63000,97年 12月,砂石及級配類,102.45,2.84
63000,97年 12月,磚瓦瓷類,0,0
63000,97年 12月,金屬製品類,81.33,-8.53
63000,97年 12月,木材及其製品類,77.24,-0.64
63000,97年 12月,塑膠製品類,54.52,1.77
63000,97年 12月,油漆塗料類,82.82,13.33
63000,97年 12月,機電設備類,91.24,-0.45
63000,97年 12月,瀝青及其製品類,90.71,58.07
63000,97年 12月,雜項材料類,83.99,6.11
63000,97年 12月,勞務類,85.14,4.33
63000,97年 12月,工資類,78.08,3.7
63000,97年 12月,機具設備租金類,93.67,4.96
63000,98年 1月,總指數,83,4.65
63000,98年 1月,材料類,81.98,4.82
63000,98年 1月,水泥及其製品類,85.9,5.08
63000,98年 1月,砂石及級配類,101.76,-4.1
63000,98年 1月,磚瓦瓷類,0,0
63000,98年 1月,金屬製品類,81.47,-15.78
63000,98年 1月,木材及其製品類,77.24,-0.64
63000,98年 1月,塑膠製品類,53.99,-3.37
63000,98年 1月,油漆塗料類,82.82,13.33
63000,98年 1月,機電設備類,90.83,-0.67
63000,98年 1月,瀝青及其製品類,90.5,57.31
63000,98年 1月,雜項材料類,84.71,7.01
63000,98年 1月,勞務類,85.13,4.32
63000,98年 1月,工資類,78.05,3.58
63000,98年 1月,機具設備租金類,93.67,5.06
63000,98年 2月,總指數,82.7,2.71
63000,98年 2月,材料類,81.78,2.14
63000,98年 2月,水泥及其製品類,86.03,5.23
63000,98年 2月,砂石及級配類,101.76,-4.1
63000,98年 2月,磚瓦瓷類,0,0
63000,98年 2月,金屬製品類,80.7,-21.29
63000,98年 2月,木材及其製品類,77.24,-0.64
63000,98年 2月,塑膠製品類,53.99,-3.37
63000,98年 2月,油漆塗料類,82.82,13.33
63000,98年 2月,機電設備類,90.88,-0.82
63000,98年 2月,瀝青及其製品類,90.5,57.31
63000,98年 2月,雜項材料類,84.58,6.61
63000,98年 2月,勞務類,84.68,3.77
63000,98年 2月,工資類,77.62,3.01
63000,98年 2月,機具設備租金類,93.2,4.52
63000,98年 3月,總指數,81.74,-2.47
63000,98年 3月,材料類,80.33,-5.52
63000,98年 3月,水泥及其製品類,85.24,0.72
63000,98年 3月,砂石及級配類,101.76,-3.98
63000,98年 3月,磚瓦瓷類,0,0
63000,98年 3月,金屬製品類,76.81,-30.77
63000,98年 3月,木材及其製品類,77.24,-0.64
63000,98年 3月,塑膠製品類,56.48,1.08
63000,98年 3月,油漆塗料類,82.82,13.33
63000,98年 3月,機電設備類,90.83,-1.38
63000,98年 3月,瀝青及其製品類,90.5,41.64
63000,98年 3月,雜項材料類,84.58,5.98
63000,98年 3月,勞務類,84.64,3.51
63000,98年 3月,工資類,77.53,2.59
63000,98年 3月,機具設備租金類,93.2,4.42
63000,98年 4月,總指數,81.29,-7.32
63000,98年 4月,材料類,79.69,-12.2
63000,98年 4月,水泥及其製品類,85.19,-2.5
63000,98年 4月,砂石及級配類,101.76,-3.46
63000,98年 4月,磚瓦瓷類,0,0
63000,98年 4月,金屬製品類,74.78,-36.93
63000,98年 4月,木材及其製品類,77.24,-0.64
63000,98年 4月,塑膠製品類,56.48,1.08
63000,98年 4月,油漆塗料類,82.45,12.83
63000,98年 4月,機電設備類,90.99,-1.73
63000,98年 4月,瀝青及其製品類,90.5,20.48
63000,98年 4月,雜項材料類,85.05,5
63000,98年 4月,勞務類,84.5,2.76
63000,98年 4月,工資類,77.36,1.34
63000,98年 4月,機具設備租金類,93.09,4.15
63000,98年 5月,總指數,80.75,-9.28
63000,98年 5月,材料類,79.05,-14.7
63000,98年 5月,水泥及其製品類,84.84,-2.92
63000,98年 5月,砂石及級配類,101.76,-2.55
63000,98年 5月,磚瓦瓷類,0,0
63000,98年 5月,金屬製品類,73.08,-41.26
63000,98年 5月,木材及其製品類,77.24,-2.35
63000,98年 5月,塑膠製品類,56.34,0.43
63000,98年 5月,油漆塗料類,82.45,2.25
63000,98年 5月,機電設備類,91.24,-1.52
63000,98年 5月,瀝青及其製品類,90.5,20.48
63000,98年 5月,雜項材料類,85.05,5
63000,98年 5月,勞務類,84.18,2.15
63000,98年 5月,工資類,77.31,0.9
63000,98年 5月,機具設備租金類,92.45,3.38
63000,98年 6月,總指數,80.48,-12.26
63000,98年 6月,材料類,78.66,-17.95
63000,98年 6月,水泥及其製品類,83.4,-4.57
63000,98年 6月,砂石及級配類,96.79,-6.81
63000,98年 6月,磚瓦瓷類,0,0
63000,98年 6月,金屬製品類,73.53,-44.28
63000,98年 6月,木材及其製品類,77.24,-6.41
63000,98年 6月,塑膠製品類,56.34,0.43
63000,98年 6月,油漆塗料類,82.45,1.78
63000,98年 6月,機電設備類,91.28,-1.5
63000,98年 6月,瀝青及其製品類,90.86,16.34
63000,98年 6月,雜項材料類,85.05,2.49
63000,98年 6月,勞務類,84.12,-0.11
63000,98年 6月,工資類,77.2,-1.2
63000,98年 6月,機具設備租金類,92.45,0.96
63000,98年 7月,總指數,80.46,-12.62
63000,98年 7月,材料類,78.61,-17.9
63000,98年 7月,水泥及其製品類,81.93,-6.26
63000,98年 7月,砂石及級配類,94.36,-9.16
63000,98年 7月,磚瓦瓷類,0,0
63000,98年 7月,金屬製品類,74.92,-42.46
63000,98年 7月,木材及其製品類,77.58,-8.59
63000,98年 7月,塑膠製品類,58.65,1.82
63000,98年 7月,油漆塗料類,82.45,1.78
63000,98年 7月,機電設備類,91.5,-1.46
63000,98年 7月,瀝青及其製品類,90.86,14.16
63000,98年 7月,雜項材料類,84.96,1.36
63000,98年 7月,勞務類,84.14,-1.53
63000,98年 7月,工資類,77.17,-1.23
63000,98年 7月,機具設備租金類,92.55,-1.8
63000,98年 8月,總指數,80.96,-10.5
63000,98年 8月,材料類,79.36,-14.81
63000,98年 8月,水泥及其製品類,81.77,-6.79
63000,98年 8月,砂石及級配類,94.36,-9.16
63000,98年 8月,磚瓦瓷類,0,0
63000,98年 8月,金屬製品類,77.38,-35.01
63000,98年 8月,木材及其製品類,77.75,-8.38
63000,98年 8月,塑膠製品類,58.65,-4.09
63000,98年 8月,油漆塗料類,82.45,0.89
63000,98年 8月,機電設備類,91.56,-1.55
63000,98年 8月,瀝青及其製品類,90.86,9.34
63000,98年 8月,雜項材料類,84.96,0.49
63000,98年 8月,勞務類,84.17,-1.74
63000,98年 8月,工資類,77.18,-1.45
63000,98年 8月,機具設備租金類,92.59,-2.01
63000,98年 9月,總指數,81.09,-9.24
63000,98年 9月,材料類,79.55,-12.96
63000,98年 9月,水泥及其製品類,80.34,-7.94
63000,98年 9月,砂石及級配類,96.44,-7.15
63000,98年 9月,磚瓦瓷類,0,0
63000,98年 9月,金屬製品類,78.96,-26.65
63000,98年 9月,木材及其製品類,78.26,-7.79
63000,98年 9月,塑膠製品類,58.65,-4.09
63000,98年 9月,油漆塗料類,82.45,0.45
63000,98年 9月,機電設備類,91.88,-1.07
63000,98年 9月,瀝青及其製品類,90.86,-1.38
63000,98年 9月,雜項材料類,85.13,1.35
63000,98年 9月,勞務類,84.18,-1.84
63000,98年 9月,工資類,77.18,-1.68
63000,98年 9月,機具設備租金類,92.62,-1.98
63000,98年 10月,總指數,80.64,-6.96
63000,98年 10月,材料類,78.88,-9.65
63000,98年 10月,水泥及其製品類,80.03,-8.3
63000,98年 10月,砂石及級配類,95.72,-7.85
63000,98年 10月,磚瓦瓷類,0,0
63000,98年 10月,金屬製品類,77.21,-18.96
63000,98年 10月,木材及其製品類,78.26,-5.67
63000,98年 10月,塑膠製品類,58.65,3.72
63000,98年 10月,油漆塗料類,82.45,-0.44
63000,98年 10月,機電設備類,91.88,-0.84
63000,98年 10月,瀝青及其製品類,90.86,-1.16
63000,98年 10月,雜項材料類,85.13,1.35
63000,98年 10月,勞務類,84.14,-1.87
63000,98年 10月,工資類,77.11,-1.75
63000,98年 10月,機具設備租金類,92.62,-1.95
63000,98年 11月,總指數,80.82,-3.91
63000,98年 11月,材料類,79.17,-5.17
63000,98年 11月,水泥及其製品類,79.62,-8.33
63000,98年 11月,砂石及級配類,95.72,-7.22
63000,98年 11月,磚瓦瓷類,0,0
63000,98年 11月,金屬製品類,76.5,-8.73
63000,98年 11月,木材及其製品類,78.67,-4.31
63000,98年 11月,塑膠製品類,58.65,4.28
63000,98年 11月,油漆塗料類,82.45,-0.44
63000,98年 11月,機電設備類,91.9,0.06
63000,98年 11月,瀝青及其製品類,93.72,1.95
63000,98年 11月,雜項材料類,85.13,1.35
63000,98年 11月,勞務類,84.12,-1.62
63000,98年 11月,工資類,77.01,-1.6
63000,98年 11月,機具設備租金類,92.68,-1.64
63000,98年 12月,總指數,81.66,-1.83
63000,98年 12月,材料類,80.48,-2.18
63000,98年 12月,水泥及其製品類,78.51,-9.61
63000,98年 12月,砂石及級配類,95.72,-6.57
63000,98年 12月,磚瓦瓷類,0,0
63000,98年 12月,金屬製品類,76.59,-5.83
63000,98年 12月,木材及其製品類,79.63,3.09
63000,98年 12月,塑膠製品類,58.65,7.57
63000,98年 12月,油漆塗料類,82.45,-0.44
63000,98年 12月,機電設備類,92.09,0.93
63000,98年 12月,瀝青及其製品類,100.76,11.09
63000,98年 12月,雜項材料類,85.13,1.35
63000,98年 12月,勞務類,84.12,-1.2
63000,98年 12月,工資類,77.01,-1.37
63000,98年 12月,機具設備租金類,92.68,-1.06
63000,99年 1月,總指數,82.24,-0.92
63000,99年 1月,材料類,81.35,-0.77
63000,99年 1月,水泥及其製品類,77.98,-9.22
63000,99年 1月,砂石及級配類,95.72,-5.94
63000,99年 1月,磚瓦瓷類,0,0
63000,99年 1月,金屬製品類,79.62,-2.28
63000,99年 1月,木材及其製品類,81.46,5.46
63000,99年 1月,塑膠製品類,60.97,12.91
63000,99年 1月,油漆塗料類,82.45,-0.44
63000,99年 1月,機電設備類,92.21,1.53
63000,99年 1月,瀝青及其製品類,100.76,11.34
63000,99年 1月,雜項材料類,85.13,0.49
63000,99年 1月,勞務類,84.12,-1.18
63000,99年 1月,工資類,77.01,-1.33
63000,99年 1月,機具設備租金類,92.68,-1.06
63000,99年 2月,總指數,82.48,-0.27
63000,99年 2月,材料類,81.74,-0.04
63000,99年 2月,水泥及其製品類,77.36,-10.07
63000,99年 2月,砂石及級配類,95.72,-5.94
63000,99年 2月,磚瓦瓷類,0,0
63000,99年 2月,金屬製品類,80.54,-0.2
63000,99年 2月,木材及其製品類,83.31,7.85
63000,99年 2月,塑膠製品類,63.27,17.19
63000,99年 2月,油漆塗料類,82.45,-0.44
63000,99年 2月,機電設備類,92.39,1.66
63000,99年 2月,瀝青及其製品類,101.72,12.4
63000,99年 2月,雜項材料類,84.95,0.45
63000,99年 2月,勞務類,84.12,-0.66
63000,99年 2月,工資類,77.01,-0.79
63000,99年 2月,機具設備租金類,92.68,-0.56
63000,99年 3月,總指數,83.68,2.36
63000,99年 3月,材料類,83.58,4.04
63000,99年 3月,水泥及其製品類,77.21,-9.42
63000,99年 3月,砂石及級配類,95.72,-5.94
63000,99年 3月,磚瓦瓷類,0,0
63000,99年 3月,金屬製品類,83.9,9.23
63000,99年 3月,木材及其製品類,84.23,9.04
63000,99年 3月,塑膠製品類,63.27,12.02
63000,99年 3月,油漆塗料類,83.04,0.26
63000,99年 3月,機電設備類,92.09,1.39
63000,99年 3月,瀝青及其製品類,105.25,16.3
63000,99年 3月,雜項材料類,84.95,0.45
63000,99年 3月,勞務類,84.12,-0.61
63000,99年 3月,工資類,77.01,-0.68
63000,99年 3月,機具設備租金類,92.68,-0.56
63000,99年 4月,總指數,85.04,4.61
63000,99年 4月,材料類,85.69,7.52
63000,99年 4月,水泥及其製品類,76.69,-9.98
63000,99年 4月,砂石及級配類,96.41,-5.26
63000,99年 4月,磚瓦瓷類,0,0
63000,99年 4月,金屬製品類,90.81,21.44
63000,99年 4月,木材及其製品類,86.06,11.42
63000,99年 4月,塑膠製品類,63.27,12.02
63000,99年 4月,油漆塗料類,83.04,0.71
63000,99年 4月,機電設備類,92.33,1.47
63000,99年 4月,瀝青及其製品類,105.25,16.3
63000,99年 4月,雜項材料類,85.06,0.01
63000,99年 4月,勞務類,84.03,-0.56
63000,99年 4月,工資類,77.01,-0.46
63000,99年 4月,機具設備租金類,92.5,-0.64
63000,99年 5月,總指數,84.8,5.01
63000,99年 5月,材料類,85.34,7.96
63000,99年 5月,水泥及其製品類,76.42,-9.92
63000,99年 5月,砂石及級配類,96.41,-5.26
63000,99年 5月,磚瓦瓷類,0,0
63000,99年 5月,金屬製品類,89.8,22.89
63000,99年 5月,木材及其製品類,88.01,13.93
63000,99年 5月,塑膠製品類,63.27,12.31
63000,99年 5月,油漆塗料類,84.02,1.9
63000,99年 5月,機電設備類,92.41,1.29
63000,99年 5月,瀝青及其製品類,105.25,16.3
63000,99年 5月,雜項材料類,85.06,0.01
63000,99年 5月,勞務類,84.03,-0.17
63000,99年 5月,工資類,77.01,-0.4
63000,99年 5月,機具設備租金類,92.5,0.05
63000,99年 6月,總指數,83.99,4.37
63000,99年 6月,材料類,84.09,6.9
63000,99年 6月,水泥及其製品類,76.42,-8.37
63000,99年 6月,砂石及級配類,96.41,-0.4
63000,99年 6月,磚瓦瓷類,0,0
63000,99年 6月,金屬製品類,85.94,16.88
63000,99年 6月,木材及其製品類,88.52,14.6
63000,99年 6月,塑膠製品類,60.97,8.22
63000,99年 6月,油漆塗料類,84.51,2.49
63000,99年 6月,機電設備類,92.02,0.81
63000,99年 6月,瀝青及其製品類,105.25,15.83
63000,99年 6月,雜項材料類,85.03,-0.02
63000,99年 6月,勞務類,84.06,-0.07
63000,99年 6月,工資類,77.01,-0.25
63000,99年 6月,機具設備租金類,92.55,0.1
63000,99年 7月,總指數,83.88,4.25
63000,99年 7月,材料類,83.9,6.72
63000,99年 7月,水泥及其製品類,76.43,-6.71
63000,99年 7月,砂石及級配類,96.41,2.18
63000,99年 7月,磚瓦瓷類,0,0
63000,99年 7月,金屬製品類,85.39,13.98
63000,99年 7月,木材及其製品類,89.43,15.28
63000,99年 7月,塑膠製品類,58.65,0
63000,99年 7月,油漆塗料類,84.51,2.49
63000,99年 7月,機電設備類,92.03,0.58
63000,99年 7月,瀝青及其製品類,105.25,15.83
63000,99年 7月,雜項材料類,85.14,0.2
63000,99年 7月,勞務類,84.06,-0.1
63000,99年 7月,工資類,77.01,-0.22
63000,99年 7月,機具設備租金類,92.57,0.02
63000,99年 8月,總指數,83.94,3.67
63000,99年 8月,材料類,83.94,5.78
63000,99年 8月,水泥及其製品類,75.9,-7.18
63000,99年 8月,砂石及級配類,96.41,2.18
63000,99年 8月,磚瓦瓷類,0,0
63000,99年 8月,金屬製品類,85.91,11.02
63000,99年 8月,木材及其製品類,90.26,16.08
63000,99年 8月,塑膠製品類,58.65,0
63000,99年 8月,油漆塗料類,84.51,2.49
63000,99年 8月,機電設備類,92.12,0.61
63000,99年 8月,瀝青及其製品類,105.25,15.83
63000,99年 8月,雜項材料類,85.21,0.3
63000,99年 8月,勞務類,84.16,-0.01
63000,99年 8月,工資類,76.99,-0.25
63000,99年 8月,機具設備租金類,92.79,0.21
63000,99年 9月,總指數,83.66,3.18
63000,99年 9月,材料類,83.48,4.94
63000,99年 9月,水泥及其製品類,74.04,-7.85
63000,99年 9月,砂石及級配類,96.41,-0.03
63000,99年 9月,磚瓦瓷類,0,0
63000,99年 9月,金屬製品類,86.06,8.99
63000,99年 9月,木材及其製品類,90.26,15.33
63000,99年 9月,塑膠製品類,61.3,4.52
63000,99年 9月,油漆塗料類,84.51,2.49
63000,99年 9月,機電設備類,92.33,0.49
63000,99年 9月,瀝青及其製品類,105.25,15.83
63000,99年 9月,雜項材料類,85.21,0.1
63000,99年 9月,勞務類,84.21,0.03
63000,99年 9月,工資類,77.01,-0.22
63000,99年 9月,機具設備租金類,92.87,0.27
63000,99年 10月,總指數,83.56,3.63
63000,99年 10月,材料類,83.02,5.24
63000,99年 10月,水泥及其製品類,74.04,-7.48
63000,99年 10月,砂石及級配類,96.41,0.72
63000,99年 10月,磚瓦瓷類,0,0
63000,99年 10月,金屬製品類,84.45,9.39
63000,99年 10月,木材及其製品類,91.07,16.37
63000,99年 10月,塑膠製品類,62.83,7.12
63000,99年 10月,油漆塗料類,84.51,2.49
63000,99年 10月,機電設備類,92.72,0.91
63000,99年 10月,瀝青及其製品類,105.25,15.83
63000,99年 10月,雜項材料類,85.21,0.1
63000,99年 10月,勞務類,84.82,0.81
63000,99年 10月,工資類,77.82,0.92
63000,99年 10月,機具設備租金類,93.26,0.68
63000,99年 11月,總指數,83.8,3.69
63000,99年 11月,材料類,83.29,5.19
63000,99年 11月,水泥及其製品類,74.04,-7.01
63000,99年 11月,砂石及級配類,97.23,1.58
63000,99年 11月,磚瓦瓷類,0,0
63000,99年 11月,金屬製品類,85.04,11.16
63000,99年 11月,木材及其製品類,91.07,15.76
63000,99年 11月,塑膠製品類,63.59,8.43
63000,99年 11月,油漆塗料類,87.42,6.02
63000,99年 11月,機電設備類,92.87,1.05
63000,99年 11月,瀝青及其製品類,105.25,12.3
63000,99年 11月,雜項材料類,86,1.02
63000,99年 11月,勞務類,84.99,1.04
63000,99年 11月,工資類,77.82,1.06
63000,99年 11月,機具設備租金類,93.63,1.02
63000,99年 12月,總指數,84.14,3.04
63000,99年 12月,材料類,83.74,4.05
63000,99年 12月,水泥及其製品類,74.04,-5.69
63000,99年 12月,砂石及級配類,97.23,1.58
63000,99年 12月,磚瓦瓷類,0,0
63000,99年 12月,金屬製品類,86.42,12.83
63000,99年 12月,木材及其製品類,91.07,14.37
63000,99年 12月,塑膠製品類,63.59,8.43
63000,99年 12月,油漆塗料類,87.91,6.63
63000,99年 12月,機電設備類,92.91,0.89
63000,99年 12月,瀝青及其製品類,105.25,4.45
63000,99年 12月,雜項材料類,86,1.02
63000,99年 12月,勞務類,85.15,1.23
63000,99年 12月,工資類,77.86,1.11
63000,99年 12月,機具設備租金類,93.91,1.33
63000,100年 1月,總指數,84.97,3.32
63000,100年 1月,材料類,84.98,4.46
63000,100年 1月,水泥及其製品類,74.11,-4.97
63000,100年 1月,砂石及級配類,96.41,0.72
63000,100年 1月,磚瓦瓷類,0,0
63000,100年 1月,金屬製品類,90.31,13.43
63000,100年 1月,木材及其製品類,91.07,11.79
63000,100年 1月,塑膠製品類,63.59,4.31
63000,100年 1月,油漆塗料類,89.41,8.44
63000,100年 1月,機電設備類,93.12,0.99
63000,100年 1月,瀝青及其製品類,105.25,4.45
63000,100年 1月,雜項材料類,86,1.02
63000,100年 1月,勞務類,85.2,1.28
63000,100年 1月,工資類,77.95,1.23
63000,100年 1月,機具設備租金類,93.91,1.33
63000,100年 2月,總指數,85.37,3.51
63000,100年 2月,材料類,85.48,4.57
63000,100年 2月,水泥及其製品類,74.15,-4.15
63000,100年 2月,砂石及級配類,96.41,0.72
63000,100年 2月,磚瓦瓷類,0,0
63000,100年 2月,金屬製品類,91.83,14.02
63000,100年 2月,木材及其製品類,91.41,9.73
63000,100年 2月,塑膠製品類,64.33,1.67
63000,100年 2月,油漆塗料類,89.41,8.44
63000,100年 2月,機電設備類,93.17,0.85
63000,100年 2月,瀝青及其製品類,105.25,3.47
63000,100年 2月,雜項材料類,86.02,1.25
63000,100年 2月,勞務類,85.4,1.52
63000,100年 2月,工資類,77.95,1.23
63000,100年 2月,機具設備租金類,94.35,1.8
63000,100年 3月,總指數,85.91,2.67
63000,100年 3月,材料類,86.31,3.27
63000,100年 3月,水泥及其製品類,74.68,-3.28
63000,100年 3月,砂石及級配類,96.41,0.72
63000,100年 3月,磚瓦瓷類,0,0
63000,100年 3月,金屬製品類,93.78,11.78
63000,100年 3月,木材及其製品類,92.1,9.35
63000,100年 3月,塑膠製品類,66.96,5.83
63000,100年 3月,油漆塗料類,90.27,8.71
63000,100年 3月,機電設備類,93.52,1.55
63000,100年 3月,瀝青及其製品類,105.25,0
63000,100年 3月,雜項材料類,86.07,1.32
63000,100年 3月,勞務類,85.41,1.53
63000,100年 3月,工資類,77.95,1.23
63000,100年 3月,機具設備租金類,94.38,1.83
63000,100年 4月,總指數,85.77,0.86
63000,100年 4月,材料類,86.08,0.46
63000,100年 4月,水泥及其製品類,74.94,-2.27
63000,100年 4月,砂石及級配類,96.41,0
63000,100年 4月,磚瓦瓷類,0,0
63000,100年 4月,金屬製品類,92.5,1.86
63000,100年 4月,木材及其製品類,94.88,10.25
63000,100年 4月,塑膠製品類,70.28,11.08
63000,100年 4月,油漆塗料類,90.7,9.23
63000,100年 4月,機電設備類,93.61,1.39
63000,100年 4月,瀝青及其製品類,105.25,0
63000,100年 4月,雜項材料類,86.09,1.22
63000,100年 4月,勞務類,85.41,1.64
63000,100年 4月,工資類,77.96,1.24
63000,100年 4月,機具設備租金類,94.38,2.03
63000,100年 5月,總指數,85.69,1.05
63000,100年 5月,材料類,86.02,0.8
63000,100年 5月,水泥及其製品類,74.94,-1.94
63000,100年 5月,砂石及級配類,96.41,0
63000,100年 5月,磚瓦瓷類,0,0
63000,100年 5月,金屬製品類,91.17,1.52
63000,100年 5月,木材及其製品類,94.88,7.81
63000,100年 5月,塑膠製品類,70.67,11.69
63000,100年 5月,油漆塗料類,90.94,8.24
63000,100年 5月,機電設備類,93.65,1.35
63000,100年 5月,瀝青及其製品類,106.82,1.49
63000,100年 5月,雜項材料類,86.05,1.17
63000,100年 5月,勞務類,85.34,1.56
63000,100年 5月,工資類,77.96,1.24
63000,100年 5月,機具設備租金類,94.22,1.86
63000,100年 6月,總指數,85.9,2.27
63000,100年 6月,材料類,86.35,2.69
63000,100年 6月,水泥及其製品類,74.94,-1.94
63000,100年 6月,砂石及級配類,96.41,0
63000,100年 6月,磚瓦瓷類,0,0
63000,100年 6月,金屬製品類,90.91,5.79
63000,100年 6月,木材及其製品類,94.91,7.21
63000,100年 6月,塑膠製品類,70.67,15.91
63000,100年 6月,油漆塗料類,91.44,8.2
63000,100年 6月,機電設備類,93.45,1.56
63000,100年 6月,瀝青及其製品類,108.67,3.25
63000,100年 6月,雜項材料類,86.14,1.31
63000,100年 6月,勞務類,85.29,1.46
63000,100年 6月,工資類,77.96,1.24
63000,100年 6月,機具設備租金類,94.12,1.7
63000,100年 7月,總指數,85.83,2.32
63000,100年 7月,材料類,86.23,2.78
63000,100年 7月,水泥及其製品類,74.94,-1.95
63000,100年 7月,砂石及級配類,95.87,-0.56
63000,100年 7月,磚瓦瓷類,0,0
63000,100年 7月,金屬製品類,90.64,6.16
63000,100年 7月,木材及其製品類,94.92,6.14
63000,100年 7月,塑膠製品類,69.12,17.85
63000,100年 7月,油漆塗料類,91.44,8.2
63000,100年 7月,機電設備類,93.48,1.57
63000,100年 7月,瀝青及其製品類,108.67,3.25
63000,100年 7月,雜項材料類,86.34,1.41
63000,100年 7月,勞務類,85.29,1.46
63000,100年 7月,工資類,77.96,1.24
63000,100年 7月,機具設備租金類,94.12,1.68
63000,100年 8月,總指數,85.96,2.41
63000,100年 8月,材料類,86.45,2.98
63000,100年 8月,水泥及其製品類,74.92,-1.28
63000,100年 8月,砂石及級配類,95.61,-0.83
63000,100年 8月,磚瓦瓷類,0,0
63000,100年 8月,金屬製品類,91.38,6.36
63000,100年 8月,木材及其製品類,93.43,3.51
63000,100年 8月,塑膠製品類,69.71,18.86
63000,100年 8月,油漆塗料類,91.44,8.2
63000,100年 8月,機電設備類,93.68,1.69
63000,100年 8月,瀝青及其製品類,108.67,3.25
63000,100年 8月,雜項材料類,86.62,1.65
63000,100年 8月,勞務類,85.29,1.34
63000,100年 8月,工資類,77.96,1.26
63000,100年 8月,機具設備租金類,94.12,1.44
63000,100年 9月,總指數,85.99,2.78
63000,100年 9月,材料類,86.6,3.74
63000,100年 9月,水泥及其製品類,74.91,1.17
63000,100年 9月,砂石及級配類,95.26,-1.2
63000,100年 9月,磚瓦瓷類,0,0
63000,100年 9月,金屬製品類,92.01,6.91
63000,100年 9月,木材及其製品類,91.34,1.21
63000,100年 9月,塑膠製品類,70.03,14.24
63000,100年 9月,油漆塗料類,91.44,8.2
63000,100年 9月,機電設備類,95.67,3.61
63000,100年 9月,瀝青及其製品類,108.67,3.25
63000,100年 9月,雜項材料類,86.62,1.65
63000,100年 9月,勞務類,85.06,1.01
63000,100年 9月,工資類,78.05,1.34
63000,100年 9月,機具設備租金類,93.53,0.7
63000,100年 10月,總指數,86.33,3.31
63000,100年 10月,材料類,86.42,4.11
63000,100年 10月,水泥及其製品類,75.27,1.67
63000,100年 10月,砂石及級配類,94.9,-1.56
63000,100年 10月,磚瓦瓷類,0,0
63000,100年 10月,金屬製品類,91.21,8.01
63000,100年 10月,木材及其製品類,91.34,0.3
63000,100年 10月,塑膠製品類,68.56,9.13
63000,100年 10月,油漆塗料類,91.44,8.2
63000,100年 10月,機電設備類,95.38,2.87
63000,100年 10月,瀝青及其製品類,108.67,3.25
63000,100年 10月,雜項材料類,86.62,1.65
63000,100年 10月,勞務類,86.39,1.85
63000,100年 10月,工資類,80.2,3.06
63000,100年 10月,機具設備租金類,93.89,0.68
63000,100年 11月,總指數,85.78,2.36
63000,100年 11月,材料類,85.58,2.76
63000,100年 11月,水泥及其製品類,75.37,1.79
63000,100年 11月,砂石及級配類,94.9,-2.39
63000,100年 11月,磚瓦瓷類,0,0
63000,100年 11月,金屬製品類,88.61,4.2
63000,100年 11月,木材及其製品類,91.34,0.3
63000,100年 11月,塑膠製品類,66.16,4.03
63000,100年 11月,油漆塗料類,91.44,4.6
63000,100年 11月,機電設備類,94.97,2.26
63000,100年 11月,瀝青及其製品類,108.67,3.25
63000,100年 11月,雜項材料類,86.62,0.72
63000,100年 11月,勞務類,86.39,1.64
63000,100年 11月,工資類,80.2,3.06
63000,100年 11月,機具設備租金類,93.89,0.28
63000,100年 12月,總指數,85.94,2.14
63000,100年 12月,材料類,85.67,2.31
63000,100年 12月,水泥及其製品類,75.37,1.79
63000,100年 12月,砂石及級配類,94.9,-2.39
63000,100年 12月,磚瓦瓷類,0,0
63000,100年 12月,金屬製品類,88.86,2.82
63000,100年 12月,木材及其製品類,91.34,0.3
63000,100年 12月,塑膠製品類,66.16,4.03
63000,100年 12月,油漆塗料類,91.44,4.01
63000,100年 12月,機電設備類,95.06,2.32
63000,100年 12月,瀝青及其製品類,108.67,3.25
63000,100年 12月,雜項材料類,86.62,0.72
63000,100年 12月,勞務類,86.7,1.82
63000,100年 12月,工資類,80.79,3.76
63000,100年 12月,機具設備租金類,93.89,-0.02
63000,101年 1月,總指數,86.14,1.37
63000,101年 1月,材料類,85.87,1.05
63000,101年 1月,水泥及其製品類,75.72,2.17
63000,101年 1月,砂石及級配類,94.9,-1.56
63000,101年 1月,磚瓦瓷類,0,0
63000,101年 1月,金屬製品類,89.15,-1.29
63000,101年 1月,木材及其製品類,91.34,0.3
63000,101年 1月,塑膠製品類,67.95,6.84
63000,101年 1月,油漆塗料類,91.44,2.27
63000,101年 1月,機電設備類,95.06,2.08
63000,101年 1月,瀝青及其製品類,108.67,3.25
63000,101年 1月,雜項材料類,86.28,0.33
63000,101年 1月,勞務類,86.87,1.96
63000,101年 1月,工資類,81.09,4.02
63000,101年 1月,機具設備租金類,93.89,-0.02
63000,101年 2月,總指數,86.21,0.99
63000,101年 2月,材料類,85.97,0.57
63000,101年 2月,水泥及其製品類,75.79,2.21
63000,101年 2月,砂石及級配類,94.9,-1.56
63000,101年 2月,磚瓦瓷類,0,0
63000,101年 2月,金屬製品類,89.3,-2.75
63000,101年 2月,木材及其製品類,91.38,-0.03
63000,101年 2月,塑膠製品類,69.12,7.45
63000,101年 2月,油漆塗料類,93.35,4.4
63000,101年 2月,機電設備類,95.25,2.23
63000,101年 2月,瀝青及其製品類,108.67,3.25
63000,101年 2月,雜項材料類,86.29,0.31
63000,101年 2月,勞務類,86.9,1.75
63000,101年 2月,工資類,81.15,4.1
63000,101年 2月,機具設備租金類,93.89,-0.49
63000,101年 3月,總指數,86.39,0.55
63000,101年 3月,材料類,86.14,-0.19
63000,101年 3月,水泥及其製品類,75.79,1.49
63000,101年 3月,砂石及級配類,94.9,-1.56
63000,101年 3月,磚瓦瓷類,0,0
63000,101年 3月,金屬製品類,90,-4.03
63000,101年 3月,木材及其製品類,88.01,-4.44
63000,101年 3月,塑膠製品類,70.22,4.87
63000,101年 3月,油漆塗料類,93.35,3.41
63000,101年 3月,機電設備類,95.42,2.04
63000,101年 3月,瀝青及其製品類,108.67,3.25
63000,101年 3月,雜項材料類,86.46,0.45
63000,101年 3月,勞務類,87.07,1.95
63000,101年 3月,工資類,81.44,4.47
63000,101年 3月,機具設備租金類,93.95,-0.46
63000,101年 4月,總指數,87.2,1.67
63000,101年 4月,材料類,87.38,1.52
63000,101年 4月,水泥及其製品類,76.28,1.78
63000,101年 4月,砂石及級配類,94.9,-1.56
63000,101年 4月,磚瓦瓷類,0,0
63000,101年 4月,金屬製品類,90.94,-1.69
63000,101年 4月,木材及其製品類,89.56,-5.61
63000,101年 4月,塑膠製品類,71.3,1.45
63000,101年 4月,油漆塗料類,93.35,2.91
63000,101年 4月,機電設備類,95.43,1.94
63000,101年 4月,瀝青及其製品類,111.84,6.26
63000,101年 4月,雜項材料類,87.66,1.82
63000,101年 4月,勞務類,87.11,1.99
63000,101年 4月,工資類,81.44,4.46
63000,101年 4月,機具設備租金類,94.02,-0.38
63000,101年 5月,總指數,87.74,2.39
63000,101年 5月,材料類,88.01,2.32
63000,101年 5月,水泥及其製品類,77.16,2.96
63000,101年 5月,砂石及級配類,96.43,0.02
63000,101年 5月,磚瓦瓷類,0,0
63000,101年 5月,金屬製品類,90.29,-0.96
63000,101年 5月,木材及其製品類,89.56,-5.61
63000,101年 5月,塑膠製品類,71.99,1.87
63000,101年 5月,油漆塗料類,93.35,2.64
63000,101年 5月,機電設備類,95.4,1.87
63000,101年 5月,瀝青及其製品類,114,6.73
63000,101年 5月,雜項材料類,88.33,2.64
63000,101年 5月,勞務類,87.47,2.49
63000,101年 5月,工資類,81.45,4.47
63000,101年 5月,機具設備租金類,94.77,0.59
63000,101年 6月,總指數,87.21,1.52
63000,101年 6月,材料類,87.13,0.9
63000,101年 6月,水泥及其製品類,77.16,2.96
63000,101年 6月,砂石及級配類,99.52,3.22
63000,101年 6月,磚瓦瓷類,0,0
63000,101年 6月,金屬製品類,87.74,-3.49
63000,101年 6月,木材及其製品類,87.71,-7.58
63000,101年 6月,塑膠製品類,69.87,-1.13
63000,101年 6月,油漆塗料類,93.35,2.09
63000,101年 6月,機電設備類,95.37,2.06
63000,101年 6月,瀝青及其製品類,113.42,4.37
63000,101年 6月,雜項材料類,88.36,2.57
63000,101年 6月,勞務類,87.6,2.71
63000,101年 6月,工資類,81.45,4.47
63000,101年 6月,機具設備租金類,95.09,1.03
63000,101年 7月,總指數,86.87,1.21
63000,101年 7月,材料類,86.62,0.45
63000,101年 7月,水泥及其製品類,77.27,3.1
63000,101年 7月,砂石及級配類,99.52,3.8
63000,101年 7月,磚瓦瓷類,0,0
63000,101年 7月,金屬製品類,86.18,-4.92
63000,101年 7月,木材及其製品類,86.79,-8.56
63000,101年 7月,塑膠製品類,68.45,-0.97
63000,101年 7月,油漆塗料類,93.35,2.09
63000,101年 7月,機電設備類,95.19,1.83
63000,101年 7月,瀝青及其製品類,113.42,4.37
63000,101年 7月,雜項材料類,88.36,2.34
63000,101年 7月,勞務類,87.57,2.68
63000,101年 7月,工資類,81.45,4.47
63000,101年 7月,機具設備租金類,94.99,0.93
63000,101年 8月,總指數,86.77,0.94
63000,101年 8月,材料類,86.48,0.04
63000,101年 8月,水泥及其製品類,77.4,3.31
63000,101年 8月,砂石及級配類,99.52,4.09
63000,101年 8月,磚瓦瓷類,0,0
63000,101年 8月,金屬製品類,85.54,-6.39
63000,101年 8月,木材及其製品類,86.79,-7.1
63000,101年 8月,塑膠製品類,69.29,-0.61
63000,101年 8月,油漆塗料類,94.63,3.49
63000,101年 8月,機電設備類,95.27,1.7
63000,101年 8月,瀝青及其製品類,113.42,4.37
63000,101年 8月,雜項材料類,88.36,2.01
63000,101年 8月,勞務類,87.55,2.66
63000,101年 8月,工資類,81.45,4.47
63000,101年 8月,機具設備租金類,94.95,0.88
63000,101年 9月,總指數,86.04,0.07
63000,101年 9月,材料類,85.38,-1.41
63000,101年 9月,水泥及其製品類,77.38,3.3
63000,101年 9月,砂石及級配類,99.52,4.47
63000,101年 9月,磚瓦瓷類,0,0
63000,101年 9月,金屬製品類,82.03,-10.85
63000,101年 9月,木材及其製品類,86.79,-4.98
63000,101年 9月,塑膠製品類,71.56,2.19
63000,101年 9月,油漆塗料類,95.26,4.18
63000,101年 9月,機電設備類,95.22,-0.47
63000,101年 9月,瀝青及其製品類,113.42,4.37
63000,101年 9月,雜項材料類,88.36,2.01
63000,101年 9月,勞務類,87.53,2.9
63000,101年 9月,工資類,81.45,4.36
63000,101年 9月,機具設備租金類,94.92,1.49
63000,101年 10月,總指數,85.41,-1.06
63000,101年 10月,材料類,84.41,-2.33
63000,101年 10月,水泥及其製品類,77.38,2.79
63000,101年 10月,砂石及級配類,99.52,4.86
63000,101年 10月,磚瓦瓷類,0,0
63000,101年 10月,金屬製品類,78.86,-13.55
63000,101年 10月,木材及其製品類,86.83,-4.94
63000,101年 10月,塑膠製品類,72.36,5.54
63000,101年 10月,油漆塗料類,98.44,7.66
63000,101年 10月,機電設備類,95.43,0.05
63000,101年 10月,瀝青及其製品類,113.42,4.37
63000,101年 10月,雜項材料類,88.36,2.01
63000,101年 10月,勞務類,87.55,1.35
63000,101年 10月,工資類,81.51,1.63
63000,101年 10月,機具設備租金類,94.9,1.07
63000,101年 11月,總指數,85.55,-0.26
63000,101年 11月,材料類,84.61,-1.14
63000,101年 11月,水泥及其製品類,77.61,2.97
63000,101年 11月,砂石及級配類,99.52,4.86
63000,101年 11月,磚瓦瓷類,0,0
63000,101年 11月,金屬製品類,79.33,-10.48
63000,101年 11月,木材及其製品類,86.83,-4.94
63000,101年 11月,塑膠製品類,70.57,6.68
63000,101年 11月,油漆塗料類,98.44,7.66
63000,101年 11月,機電設備類,95.4,0.45
63000,101年 11月,瀝青及其製品類,113.42,4.37
63000,101年 11月,雜項材料類,88.36,2.01
63000,101年 11月,勞務類,87.57,1.37
63000,101年 11月,工資類,81.53,1.66
63000,101年 11月,機具設備租金類,94.9,1.07
63000,101年 12月,總指數,85.69,-0.29
63000,101年 12月,材料類,84.82,-0.99
63000,101年 12月,水泥及其製品類,77.61,2.97
63000,101年 12月,砂石及級配類,99.52,4.86
63000,101年 12月,磚瓦瓷類,0,0
63000,101年 12月,金屬製品類,80.03,-9.93
63000,101年 12月,木材及其製品類,87.13,-4.61
63000,101年 12月,塑膠製品類,70.32,6.29
63000,101年 12月,油漆塗料類,98.44,7.66
63000,101年 12月,機電設備類,95.2,0.14
63000,101年 12月,瀝青及其製品類,113.42,4.37
63000,101年 12月,雜項材料類,88.36,2.01
63000,101年 12月,勞務類,87.57,1.01
63000,101年 12月,工資類,81.53,0.92
63000,101年 12月,機具設備租金類,94.9,1.07
63000,102年 1月,總指數,86.06,-0.09
63000,102年 1月,材料類,85.38,-0.57
63000,102年 1月,水泥及其製品類,77.61,2.5
63000,102年 1月,砂石及級配類,99.52,4.86
63000,102年 1月,磚瓦瓷類,115.97,0
63000,102年 1月,金屬製品類,81.6,-8.47
63000,102年 1月,木材及其製品類,87.89,-3.78
63000,102年 1月,塑膠製品類,71.63,5.42
63000,102年 1月,油漆塗料類,98.44,7.66
63000,102年 1月,機電設備類,96.48,1.49
63000,102年 1月,瀝青及其製品類,113.42,4.37
63000,102年 1月,雜項材料類,87.07,0.92
63000,102年 1月,勞務類,87.65,0.9
63000,102年 1月,工資類,81.61,0.64
63000,102年 1月,機具設備租金類,95,1.19
63000,102年 2月,總指數,86.19,-0.02
63000,102年 2月,材料類,85.48,-0.57
63000,102年 2月,水泥及其製品類,77.64,2.44
63000,102年 2月,砂石及級配類,99.52,4.86
63000,102年 2月,磚瓦瓷類,115.97,0
63000,102年 2月,金屬製品類,81.76,-8.44
63000,102年 2月,木材及其製品類,88.29,-3.39
63000,102年 2月,塑膠製品類,72.23,4.5
63000,102年 2月,油漆塗料類,99.04,6.1
63000,102年 2月,機電設備類,96.48,1.29
63000,102年 2月,瀝青及其製品類,113.42,4.37
63000,102年 2月,雜項材料類,87.08,0.92
63000,102年 2月,勞務類,87.83,1.07
63000,102年 2月,工資類,81.65,0.62
63000,102年 2月,機具設備租金類,95.34,1.54
63000,102年 3月,總指數,86.29,-0.12
63000,102年 3月,材料類,85.61,-0.62
63000,102年 3月,水泥及其製品類,77.64,2.44
63000,102年 3月,砂石及級配類,99.52,4.86
63000,102年 3月,磚瓦瓷類,115.97,0
63000,102年 3月,金屬製品類,81.58,-9.35
63000,102年 3月,木材及其製品類,88.45,0.49
63000,102年 3月,塑膠製品類,73.88,5.2
63000,102年 3月,油漆塗料類,99.32,6.41
63000,102年 3月,機電設備類,97.04,1.7
63000,102年 3月,瀝青及其製品類,113.42,4.37
63000,102年 3月,雜項材料類,87.11,0.75
63000,102年 3月,勞務類,87.87,0.91
63000,102年 3月,工資類,81.63,0.23
63000,102年 3月,機具設備租金類,95.43,1.57
63000,102年 4月,總指數,85.95,-1.43
63000,102年 4月,材料類,85.04,-2.68
63000,102年 4月,水泥及其製品類,77.61,1.74
63000,102年 4月,砂石及級配類,99.52,4.86
63000,102年 4月,磚瓦瓷類,115.97,0
63000,102年 4月,金屬製品類,80.46,-11.52
63000,102年 4月,木材及其製品類,88.39,-1.31
63000,102年 4月,塑膠製品類,72.79,2.09
63000,102年 4月,油漆塗料類,99.32,6.41
63000,102年 4月,機電設備類,95.25,-0.19
63000,102年 4月,瀝青及其製品類,113.42,1.41
63000,102年 4月,雜項材料類,87.12,-0.62
63000,102年 4月,勞務類,87.89,0.9
63000,102年 4月,工資類,81.63,0.23
63000,102年 4月,機具設備租金類,95.48,1.55
63000,102年 5月,總指數,85.61,-2.43
63000,102年 5月,材料類,84.46,-4.04
63000,102年 5月,水泥及其製品類,77.61,0.58
63000,102年 5月,砂石及級配類,99.52,3.2
63000,102年 5月,磚瓦瓷類,115.97,0
63000,102年 5月,金屬製品類,79.46,-12
63000,102年 5月,木材及其製品類,88.19,-1.53
63000,102年 5月,塑膠製品類,71.56,-0.61
63000,102年 5月,油漆塗料類,99.32,6.41
63000,102年 5月,機電設備類,93.15,-2.36
63000,102年 5月,瀝青及其製品類,113.42,-0.52
63000,102年 5月,雜項材料類,87.1,-1.39
63000,102年 5月,勞務類,87.92,0.52
63000,102年 5月,工資類,81.63,0.22
63000,102年 5月,機具設備租金類,95.54,0.81
63000,102年 6月,總指數,85.59,-1.85
63000,102年 6月,材料類,84.4,-3.13
63000,102年 6月,水泥及其製品類,77.61,0.58
63000,102年 6月,砂石及級配類,99.52,0
63000,102年 6月,磚瓦瓷類,115.97,0
63000,102年 6月,金屬製品類,78.24,-10.84
63000,102年 6月,木材及其製品類,88.4,0.79
63000,102年 6月,塑膠製品類,72.23,3.39
63000,102年 6月,油漆塗料類,99.32,6.41
63000,102年 6月,機電設備類,93.15,-2.33
63000,102年 6月,瀝青及其製品類,113.42,0
63000,102年 6月,雜項材料類,90.31,2.21
63000,102年 6月,勞務類,87.96,0.42
63000,102年 6月,工資類,81.63,0.22
63000,102年 6月,機具設備租金類,95.61,0.54
63000,102年 7月,總指數,85.58,-1.49
63000,102年 7月,材料類,84.38,-2.6
63000,102年 7月,水泥及其製品類,77.58,0.41
63000,102年 7月,砂石及級配類,99.52,0
63000,102年 7月,磚瓦瓷類,115.97,0
63000,102年 7月,金屬製品類,78.27,-9.18
63000,102年 7月,木材及其製品類,87.96,1.35
63000,102年 7月,塑膠製品類,73.01,6.67
63000,102年 7月,油漆塗料類,99.32,6.41
63000,102年 7月,機電設備類,92.66,-2.66
63000,102年 7月,瀝青及其製品類,113.42,0
63000,102年 7月,雜項材料類,90.31,2.21
63000,102年 7月,勞務類,87.96,0.45
63000,102年 7月,工資類,81.63,0.22
63000,102年 7月,機具設備租金類,95.61,0.65
63000,102年 8月,總指數,85.72,-1.21
63000,102年 8月,材料類,84.57,-2.21
63000,102年 8月,水泥及其製品類,77.57,0.23
63000,102年 8月,砂石及級配類,101.67,2.16
63000,102年 8月,磚瓦瓷類,115.97,0
63000,102年 8月,金屬製品類,78.99,-7.66
63000,102年 8月,木材及其製品類,88.05,1.44
63000,102年 8月,塑膠製品類,73.01,5.37
63000,102年 8月,油漆塗料類,99.32,4.96
63000,102年 8月,機電設備類,92.18,-3.25
63000,102年 8月,瀝青及其製品類,113.42,0
63000,102年 8月,雜項材料類,90.31,2.21
63000,102年 8月,勞務類,88.03,0.55
63000,102年 8月,工資類,81.63,0.22
63000,102年 8月,機具設備租金類,95.77,0.87
63000,102年 9月,總指數,86.04,0
63000,102年 9月,材料類,85.03,-0.4
63000,102年 9月,水泥及其製品類,77.57,0.25
63000,102年 9月,砂石及級配類,103.35,3.85
63000,102年 9月,磚瓦瓷類,115.97,0
63000,102年 9月,金屬製品類,79.84,-2.67
63000,102年 9月,木材及其製品類,88.05,1.44
63000,102年 9月,塑膠製品類,73.87,3.22
63000,102年 9月,油漆塗料類,99.32,4.26
63000,102年 9月,機電設備類,93.43,-1.88
63000,102年 9月,瀝青及其製品類,113.42,0
63000,102年 9月,雜項材料類,90.31,2.21
63000,102年 9月,勞務類,88.14,0.7
63000,102年 9月,工資類,81.63,0.22
63000,102年 9月,機具設備租金類,96,1.14
63000,102年 10月,總指數,86.04,0.73
63000,102年 10月,材料類,85.02,0.72
63000,102年 10月,水泥及其製品類,77.67,0.38
63000,102年 10月,砂石及級配類,103.35,3.85
63000,102年 10月,磚瓦瓷類,115.97,0
63000,102年 10月,金屬製品類,79.71,1.08
63000,102年 10月,木材及其製品類,87.99,1.33
63000,102年 10月,塑膠製品類,73.97,2.22
63000,102年 10月,油漆塗料類,99.32,0.9
63000,102年 10月,機電設備類,93.28,-2.26
63000,102年 10月,瀝青及其製品類,113.42,0
63000,102年 10月,雜項材料類,90.18,2.06
63000,102年 10月,勞務類,88.14,0.67
63000,102年 10月,工資類,81.63,0.15
63000,102年 10月,機具設備租金類,96,1.16
63000,102年 11月,總指數,86.04,0.57
63000,102年 11月,材料類,85.04,0.51
63000,102年 11月,水泥及其製品類,77.67,0.08
63000,102年 11月,砂石及級配類,103.35,3.85
63000,102年 11月,磚瓦瓷類,115.97,0
63000,102年 11月,金屬製品類,79.91,0.74
63000,102年 11月,木材及其製品類,88.12,1.48
63000,102年 11月,塑膠製品類,73.56,4.23
63000,102年 11月,油漆塗料類,99.32,0.9
63000,102年 11月,機電設備類,93.22,-2.28
63000,102年 11月,瀝青及其製品類,113.42,0
63000,102年 11月,雜項材料類,90.18,2.06
63000,102年 11月,勞務類,88.14,0.65
63000,102年 11月,工資類,81.63,0.12
63000,102年 11月,機具設備租金類,96,1.16
63000,102年 12月,總指數,86.12,0.5
63000,102年 12月,材料類,85.16,0.4
63000,102年 12月,水泥及其製品類,77.94,0.43
63000,102年 12月,砂石及級配類,103.35,3.85
63000,102年 12月,磚瓦瓷類,115.97,0
63000,102年 12月,金屬製品類,80.09,0.07
63000,102年 12月,木材及其製品類,88.33,1.37
63000,102年 12月,塑膠製品類,73.56,4.61
63000,102年 12月,油漆塗料類,99.32,0.9
63000,102年 12月,機電設備類,92.99,-2.32
63000,102年 12月,瀝青及其製品類,113.42,0
63000,102年 12月,雜項材料類,90.18,2.06
63000,102年 12月,勞務類,88.12,0.63
63000,102年 12月,工資類,81.63,0.12
63000,102年 12月,機具設備租金類,95.97,1.13
63000,103年 1月,總指數,86.45,0.46
63000,103年 1月,材料類,85.69,0.36
63000,103年 1月,水泥及其製品類,78.91,1.67
63000,103年 1月,砂石及級配類,107.28,7.8
63000,103年 1月,磚瓦瓷類,115.97,0
63000,103年 1月,金屬製品類,79.74,-2.27
63000,103年 1月,木材及其製品類,89.57,1.91
63000,103年 1月,塑膠製品類,74.16,3.54
63000,103年 1月,油漆塗料類,99.32,0.9
63000,103年 1月,機電設備類,93.38,-3.21
63000,103年 1月,瀝青及其製品類,113.42,0
63000,103年 1月,雜項材料類,90.18,3.57
63000,103年 1月,勞務類,88.16,0.58
63000,103年 1月,工資類,81.63,0.03
63000,103年 1月,機具設備租金類,96.03,1.08
63000,103年 2月,總指數,86.5,0.36
63000,103年 2月,材料類,85.65,0.2
63000,103年 2月,水泥及其製品類,78.91,1.64
63000,103年 2月,砂石及級配類,108.71,9.24
63000,103年 2月,磚瓦瓷類,115.97,0
63000,103年 2月,金屬製品類,78.9,-3.5
63000,103年 2月,木材及其製品類,90.07,2.02
63000,103年 2月,塑膠製品類,75.01,3.86
63000,103年 2月,油漆塗料類,99.32,0.29
63000,103年 2月,機電設備類,93.76,-2.82
63000,103年 2月,瀝青及其製品類,113.42,0
63000,103年 2月,雜項材料類,90.18,3.55
63000,103年 2月,勞務類,88.35,0.59
63000,103年 2月,工資類,81.99,0.42
63000,103年 2月,機具設備租金類,96.04,0.73
63000,103年 3月,總指數,86.71,0.49
63000,103年 3月,材料類,85.99,0.45
63000,103年 3月,水泥及其製品類,79.73,2.7
63000,103年 3月,砂石及級配類,108.71,9.24
63000,103年 3月,磚瓦瓷類,115.97,0
63000,103年 3月,金屬製品類,78.73,-3.49
63000,103年 3月,木材及其製品類,90.65,2.5
63000,103年 3月,塑膠製品類,75.82,2.63
63000,103年 3月,油漆塗料類,99.32,0
63000,103年 3月,機電設備類,93.7,-3.45
63000,103年 3月,瀝青及其製品類,113.22,-0.17
63000,103年 3月,雜項材料類,90.98,4.44
63000,103年 3月,勞務類,88.35,0.56
63000,103年 3月,工資類,81.99,0.44
63000,103年 3月,機具設備租金類,96.07,0.67
63000,103年 4月,總指數,87.54,1.84
63000,103年 4月,材料類,87.38,2.75
63000,103年 4月,水泥及其製品類,83.81,7.99
63000,103年 4月,砂石及級配類,108.99,9.52
63000,103年 4月,磚瓦瓷類,115.97,0
63000,103年 4月,金屬製品類,79.3,-1.45
63000,103年 4月,木材及其製品類,91.29,3.28
63000,103年 4月,塑膠製品類,74.43,2.25
63000,103年 4月,油漆塗料類,99.32,0
63000,103年 4月,機電設備類,92.21,-3.19
63000,103年 4月,瀝青及其製品類,113.22,-0.17
63000,103年 4月,雜項材料類,90.96,4.41
63000,103年 4月,勞務類,88.35,0.53
63000,103年 4月,工資類,81.97,0.42
63000,103年 4月,機具設備租金類,96.07,0.61
63000,103年 5月,總指數,87.6,2.33
63000,103年 5月,材料類,87.46,3.55
63000,103年 5月,水泥及其製品類,84.19,8.49
63000,103年 5月,砂石及級配類,109.57,10.1
63000,103年 5月,磚瓦瓷類,115.97,0
63000,103年 5月,金屬製品類,78.95,-0.63
63000,103年 5月,木材及其製品類,91.29,3.52
63000,103年 5月,塑膠製品類,74.43,4.02
63000,103年 5月,油漆塗料類,99.32,0
63000,103年 5月,機電設備類,92.22,-0.99
63000,103年 5月,瀝青及其製品類,113.22,-0.17
63000,103年 5月,雜項材料類,91.04,4.52
63000,103年 5月,勞務類,88.37,0.52
63000,103年 5月,工資類,81.96,0.41
63000,103年 5月,機具設備租金類,96.12,0.6
63000,103年 6月,總指數,87.84,2.62
63000,103年 6月,材料類,87.86,4.1
63000,103年 6月,水泥及其製品類,84.19,8.49
63000,103年 6月,砂石及級配類,111.42,11.96
63000,103年 6月,磚瓦瓷類,115.97,0
63000,103年 6月,金屬製品類,79.18,1.21
63000,103年 6月,木材及其製品類,91.29,3.27
63000,103年 6月,塑膠製品類,75.07,3.93
63000,103年 6月,油漆塗料類,99.32,0
63000,103年 6月,機電設備類,92.48,-0.72
63000,103年 6月,瀝青及其製品類,113.22,-0.17
63000,103年 6月,雜項材料類,94.6,4.74
63000,103年 6月,勞務類,88.37,0.47
63000,103年 6月,工資類,81.96,0.41
63000,103年 6月,機具設備租金類,96.12,0.53
63000,103年 7月,總指數,87.92,2.74
63000,103年 7月,材料類,87.9,4.18
63000,103年 7月,水泥及其製品類,84.16,8.48
63000,103年 7月,砂石及級配類,112.13,12.68
63000,103年 7月,磚瓦瓷類,115.97,0
63000,103年 7月,金屬製品類,79.44,1.49
63000,103年 7月,木材及其製品類,91.16,3.63
63000,103年 7月,塑膠製品類,75.07,2.82
63000,103年 7月,油漆塗料類,99.32,0
63000,103年 7月,機電設備類,92.23,-0.46
63000,103年 7月,瀝青及其製品類,113.22,-0.17
63000,103年 7月,雜項材料類,94.61,4.76
63000,103年 7月,勞務類,88.5,0.61
63000,103年 7月,工資類,81.96,0.41
63000,103年 7月,機具設備租金類,96.38,0.81
63000,103年 8月,總指數,88.08,2.75
63000,103年 8月,材料類,88.14,4.22
63000,103年 8月,水泥及其製品類,84.16,8.49
63000,103年 8月,砂石及級配類,112.13,10.29
63000,103年 8月,磚瓦瓷類,115.97,0
63000,103年 8月,金屬製品類,79.73,0.93
63000,103年 8月,木材及其製品類,91.16,3.54
63000,103年 8月,塑膠製品類,75.07,2.82
63000,103年 8月,油漆塗料類,99.32,0
63000,103年 8月,機電設備類,93.53,1.47
63000,103年 8月,瀝青及其製品類,113.22,-0.17
63000,103年 8月,雜項材料類,94.61,4.76
63000,103年 8月,勞務類,88.56,0.6
63000,103年 8月,工資類,81.96,0.41
63000,103年 8月,機具設備租金類,96.52,0.78
63000,103年 9月,總指數,88.13,2.42
63000,103年 9月,材料類,88.12,3.63
63000,103年 9月,水泥及其製品類,84.32,8.71
63000,103年 9月,砂石及級配類,112.13,8.5
63000,103年 9月,磚瓦瓷類,115.97,0
63000,103年 9月,金屬製品類,79.54,-0.37
63000,103年 9月,木材及其製品類,90.99,3.35
63000,103年 9月,塑膠製品類,75.07,1.63
63000,103年 9月,油漆塗料類,99.32,0
63000,103年 9月,機電設備類,93.35,-0.08
63000,103年 9月,瀝青及其製品類,113.22,-0.17
63000,103年 9月,雜項材料類,94.61,4.76
63000,103年 9月,勞務類,88.7,0.64
63000,103年 9月,工資類,82.15,0.63
63000,103年 9月,機具設備租金類,96.6,0.62
63000,103年 10月,總指數,87.67,1.9
63000,103年 10月,材料類,87.37,2.77
63000,103年 10月,水泥及其製品類,84.32,8.57
63000,103年 10月,砂石及級配類,112.13,8.5
63000,103年 10月,磚瓦瓷類,115.97,0
63000,103年 10月,金屬製品類,77.68,-2.55
63000,103年 10月,木材及其製品類,90.82,3.22
63000,103年 10月,塑膠製品類,74.43,0.62
63000,103年 10月,油漆塗料類,99.32,0
63000,103年 10月,機電設備類,93.16,-0.13
63000,103年 10月,瀝青及其製品類,112.86,-0.49
63000,103年 10月,雜項材料類,91.05,0.97
63000,103年 10月,勞務類,88.7,0.64
63000,103年 10月,工資類,82.15,0.63
63000,103年 10月,機具設備租金類,96.6,0.62
63000,103年 11月,總指數,87.25,1.4
63000,103年 11月,材料類,86.68,1.93
63000,103年 11月,水泥及其製品類,83.44,7.43
63000,103年 11月,砂石及級配類,112.13,8.5
63000,103年 11月,磚瓦瓷類,115.97,0
63000,103年 11月,金屬製品類,76.96,-3.69
63000,103年 11月,木材及其製品類,90.76,3
63000,103年 11月,塑膠製品類,73.8,0.33
63000,103年 11月,油漆塗料類,99.32,0
63000,103年 11月,機電設備類,92.99,-0.24
63000,103年 11月,瀝青及其製品類,111.4,-1.78
63000,103年 11月,雜項材料類,91.05,0.97
63000,103年 11月,勞務類,88.7,0.64
63000,103年 11月,工資類,82.15,0.63
63000,103年 11月,機具設備租金類,96.6,0.62
63000,103年 12月,總指數,86.97,0.99
63000,103年 12月,材料類,86.21,1.23
63000,103年 12月,水泥及其製品類,83.44,7.05
63000,103年 12月,砂石及級配類,112.13,8.5
63000,103年 12月,磚瓦瓷類,115.97,0
63000,103年 12月,金屬製品類,75.97,-5.14
63000,103年 12月,木材及其製品類,90.75,2.74
63000,103年 12月,塑膠製品類,72.68,-1.19
63000,103年 12月,油漆塗料類,99.32,0
63000,103年 12月,機電設備類,93.06,0.08
63000,103年 12月,瀝青及其製品類,109.35,-3.58
63000,103年 12月,雜項材料類,91.05,0.97
63000,103年 12月,勞務類,88.7,0.66
63000,103年 12月,工資類,82.15,0.63
63000,103年 12月,機具設備租金類,96.6,0.65
63000,104年 1月,總指數,86.89,0.5
63000,104年 1月,材料類,86.07,0.45
63000,104年 1月,水泥及其製品類,83.32,5.59
63000,104年 1月,砂石及級配類,112.13,4.52
63000,104年 1月,磚瓦瓷類,115.97,0
63000,104年 1月,金屬製品類,75.32,-5.54
63000,104年 1月,木材及其製品類,91.54,2.21
63000,104年 1月,塑膠製品類,70.91,-4.39
63000,104年 1月,油漆塗料類,99.32,0
63000,104年 1月,機電設備類,92.79,-0.63
63000,104年 1月,瀝青及其製品類,109.35,-3.58
63000,104年 1月,雜項材料類,94.31,4.58
63000,104年 1月,勞務類,88.7,0.62
63000,104年 1月,工資類,82.15,0.63
63000,104年 1月,機具設備租金類,96.6,0.59
63000,104年 2月,總指數,86.38,-0.14
63000,104年 2月,材料類,85.23,-0.49
63000,104年 2月,水泥及其製品類,83.07,5.27
63000,104年 2月,砂石及級配類,112.13,3.15
63000,104年 2月,磚瓦瓷類,115.97,0
63000,104年 2月,金屬製品類,73.72,-6.56
63000,104年 2月,木材及其製品類,91.64,1.74
63000,104年 2月,塑膠製品類,70.23,-6.37
63000,104年 2月,油漆塗料類,99.32,0
63000,104年 2月,機電設備類,90.19,-3.8
63000,104年 2月,瀝青及其製品類,109.35,-3.58
63000,104年 2月,雜項材料類,94.31,4.58
63000,104年 2月,勞務類,88.7,0.4
63000,104年 2月,工資類,82.15,0.19
63000,104年 2月,機具設備租金類,96.6,0.58
63000,104年 3月,總指數,86.21,-0.58
63000,104年 3月,材料類,84.7,-1.5
63000,104年 3月,水泥及其製品類,82.84,3.9
63000,104年 3月,砂石及級配類,112.13,3.15
63000,104年 3月,磚瓦瓷類,115.97,0
63000,104年 3月,金屬製品類,72.03,-8.52
63000,104年 3月,木材及其製品類,91.69,1.14
63000,104年 3月,塑膠製品類,70.86,-6.55
63000,104年 3月,油漆塗料類,99.32,0
63000,104年 3月,機電設備類,89.92,-4.03
63000,104年 3月,瀝青及其製品類,108.93,-3.79
63000,104年 3月,雜項材料類,94.3,3.65
63000,104年 3月,勞務類,89.04,0.77
63000,104年 3月,工資類,83.06,1.31
63000,104年 3月,機具設備租金類,96.33,0.27
63000,104年 4月,總指數,85.9,-1.87
63000,104年 4月,材料類,84.2,-3.64
63000,104年 4月,水泥及其製品類,82.74,-1.27
63000,104年 4月,砂石及級配類,112.13,2.88
63000,104年 4月,磚瓦瓷類,115.97,0
63000,104年 4月,金屬製品類,71.41,-9.95
63000,104年 4月,木材及其製品類,91.69,0.45
63000,104年 4月,塑膠製品類,71.87,-3.44
63000,104年 4月,油漆塗料類,99.32,0
63000,104年 4月,機電設備類,91.05,-1.26
63000,104年 4月,瀝青及其製品類,103.07,-8.97
63000,104年 4月,雜項材料類,94.29,3.66
63000,104年 4月,勞務類,89.04,0.77
63000,104年 4月,工資類,83.06,1.33
63000,104年 4月,機具設備租金類,96.33,0.27
63000,104年 5月,總指數,85.51,-2.39
63000,104年 5月,材料類,83.56,-4.46
63000,104年 5月,水泥及其製品類,82.62,-1.87
63000,104年 5月,砂石及級配類,112.13,2.35
63000,104年 5月,磚瓦瓷類,115.97,0
63000,104年 5月,金屬製品類,69.63,-11.8
63000,104年 5月,木材及其製品類,91.43,0.15
63000,104年 5月,塑膠製品類,72.61,-2.44
63000,104年 5月,油漆塗料類,99.32,0
63000,104年 5月,機電設備類,91.09,-1.23
63000,104年 5月,瀝青及其製品類,100.71,-11.05
63000,104年 5月,雜項材料類,94.29,3.57
63000,104年 5月,勞務類,89.04,0.75
63000,104年 5月,工資類,83.06,1.34
63000,104年 5月,機具設備租金類,96.33,0.22
63000,104年 6月,總指數,85.54,-2.61
63000,104年 6月,材料類,83.61,-4.84
63000,104年 6月,水泥及其製品類,82.46,-2.06
63000,104年 6月,砂石及級配類,112.13,0.64
63000,104年 6月,磚瓦瓷類,115.97,0
63000,104年 6月,金屬製品類,69.25,-12.54
63000,104年 6月,木材及其製品類,91.33,0.04
63000,104年 6月,塑膠製品類,71.98,-4.12
63000,104年 6月,油漆塗料類,99.32,0
63000,104年 6月,機電設備類,91.28,-1.3
63000,104年 6月,瀝青及其製品類,100.71,-11.05
63000,104年 6月,雜項材料類,97.85,3.44
63000,104年 6月,勞務類,89.04,0.75
63000,104年 6月,工資類,83.06,1.34
63000,104年 6月,機具設備租金類,96.33,0.22
63000,104年 7月,總指數,85.07,-3.24
63000,104年 7月,材料類,82.82,-5.78
63000,104年 7月,水泥及其製品類,82.24,-2.28
63000,104年 7月,砂石及級配類,112.13,0
63000,104年 7月,磚瓦瓷類,115.97,0
63000,104年 7月,金屬製品類,67.11,-15.52
63000,104年 7月,木材及其製品類,90.21,-1.04
63000,104年 7月,塑膠製品類,71.98,-4.12
63000,104年 7月,油漆塗料類,99.32,0
63000,104年 7月,機電設備類,89.8,-2.63
63000,104年 7月,瀝青及其製品類,100.71,-11.05
63000,104年 7月,雜項材料類,98.25,3.85
63000,104年 7月,勞務類,89.04,0.61
63000,104年 7月,工資類,83.06,1.34
63000,104年 7月,機具設備租金類,96.32,-0.07
63000,104年 8月,總指數,84.62,-3.93
63000,104年 8月,材料類,82.09,-6.86
63000,104年 8月,水泥及其製品類,81.7,-2.92
63000,104年 8月,砂石及級配類,111.85,-0.25
63000,104年 8月,磚瓦瓷類,115.97,0
63000,104年 8月,金屬製品類,65.79,-17.48
63000,104年 8月,木材及其製品類,88.75,-2.64
63000,104年 8月,塑膠製品類,71.98,-4.12
63000,104年 8月,油漆塗料類,99.32,0
63000,104年 8月,機電設備類,88.42,-5.47
63000,104年 8月,瀝青及其製品類,100.71,-11.05
63000,104年 8月,雜項材料類,98.25,3.85
63000,104年 8月,勞務類,89.03,0.53
63000,104年 8月,工資類,83.06,1.34
63000,104年 8月,機具設備租金類,96.3,-0.23
63000,104年 9月,總指數,84.36,-4.27
63000,104年 9月,材料類,81.67,-7.32
63000,104年 9月,水泥及其製品類,80.91,-4.05
63000,104年 9月,砂石及級配類,111.71,-0.38
63000,104年 9月,磚瓦瓷類,115.97,0
63000,104年 9月,金屬製品類,65.93,-17.11
63000,104年 9月,木材及其製品類,87.85,-3.46
63000,104年 9月,塑膠製品類,71.98,-4.12
63000,104年 9月,油漆塗料類,99.32,0
63000,104年 9月,機電設備類,87.26,-6.53
63000,104年 9月,瀝青及其製品類,100.71,-11.05
63000,104年 9月,雜項材料類,98.25,3.85
63000,104年 9月,勞務類,89.03,0.37
63000,104年 9月,工資類,83.06,1.11
63000,104年 9月,機具設備租金類,96.3,-0.31
63000,104年 10月,總指數,83.71,-4.51
63000,104年 10月,材料類,80.56,-7.79
63000,104年 10月,水泥及其製品類,80.22,-4.87
63000,104年 10月,砂石及級配類,111.71,-0.38
63000,104年 10月,磚瓦瓷類,115.97,0
63000,104年 10月,金屬製品類,63.84,-17.81
63000,104年 10月,木材及其製品類,87.58,-3.57
63000,104年 10月,塑膠製品類,71.98,-3.3
63000,104年 10月,油漆塗料類,99.32,0
63000,104年 10月,機電設備類,87.58,-5.99
63000,104年 10月,瀝青及其製品類,98.81,-12.45
63000,104年 10月,雜項材料類,94.74,4.06
63000,104年 10月,勞務類,89.07,0.41
63000,104年 10月,工資類,83.12,1.18
63000,104年 10月,機具設備租金類,96.3,-0.31
63000,104年 11月,總指數,83.5,-4.3
63000,104年 11月,材料類,80.19,-7.49
63000,104年 11月,水泥及其製品類,79.53,-4.69
63000,104年 11月,砂石及級配類,109.47,-2.38
63000,104年 11月,磚瓦瓷類,115.97,0
63000,104年 11月,金屬製品類,63.78,-17.12
63000,104年 11月,木材及其製品類,86.52,-4.67
63000,104年 11月,塑膠製品類,71.98,-2.47
63000,104年 11月,油漆塗料類,99.32,0
63000,104年 11月,機電設備類,87.58,-5.82
63000,104年 11月,瀝青及其製品類,98.81,-11.3
63000,104年 11月,雜項材料類,94.76,4.08
63000,104年 11月,勞務類,89.08,0.43
63000,104年 11月,工資類,83.15,1.23
63000,104年 11月,機具設備租金類,96.3,-0.31
63000,104年 12月,總指數,83.16,-4.38
63000,104年 12月,材料類,79.64,-7.62
63000,104年 12月,水泥及其製品類,78.54,-5.87
63000,104年 12月,砂石及級配類,109.47,-2.38
63000,104年 12月,磚瓦瓷類,115.97,0
63000,104年 12月,金屬製品類,63.95,-15.83
63000,104年 12月,木材及其製品類,86.41,-4.78
63000,104年 12月,塑膠製品類,71.24,-1.99
63000,104年 12月,油漆塗料類,99.32,0
63000,104年 12月,機電設備類,86.11,-7.47
63000,104年 12月,瀝青及其製品類,98.81,-9.64
63000,104年 12月,雜項材料類,94.76,4.08
63000,104年 12月,勞務類,89.08,0.43
63000,104年 12月,工資類,83.15,1.23
63000,104年 12月,機具設備租金類,96.3,-0.31
63000,105年 1月,總指數,83.12,-4.33
63000,105年 1月,材料類,79.59,-7.53
63000,105年 1月,水泥及其製品類,78.46,-5.83
63000,105年 1月,砂石及級配類,109.47,-2.38
63000,105年 1月,磚瓦瓷類,115.97,0
63000,105年 1月,金屬製品類,64.2,-14.77
63000,105年 1月,木材及其製品類,86.37,-5.65
63000,105年 1月,塑膠製品類,70.54,-0.51
63000,105年 1月,油漆塗料類,99.32,0
63000,105年 1月,機電設備類,85.77,-7.57
63000,105年 1月,瀝青及其製品類,98.81,-9.64
63000,105年 1月,雜項材料類,94.76,0.48
63000,105年 1月,勞務類,89.04,0.38
63000,105年 1月,工資類,83.16,1.24
63000,105年 1月,機具設備租金類,96.21,-0.4
63000,105年 2月,總指數,83.03,-3.88
63000,105年 2月,材料類,79.43,-6.81
63000,105年 2月,水泥及其製品類,78.2,-5.85
63000,105年 2月,砂石及級配類,109.47,-2.38
63000,105年 2月,磚瓦瓷類,115.97,0
63000,105年 2月,金屬製品類,63.73,-13.56
63000,105年 2月,木材及其製品類,85.83,-6.34
63000,105年 2月,塑膠製品類,70.54,0.45
63000,105年 2月,油漆塗料類,99.32,0
63000,105年 2月,機電設備類,85.56,-5.13
63000,105年 2月,瀝青及其製品類,98.81,-9.64
63000,105年 2月,雜項材料類,96.33,2.14
63000,105年 2月,勞務類,89.04,0.38
63000,105年 2月,工資類,83.16,1.24
63000,105年 2月,機具設備租金類,96.21,-0.4
63000,105年 3月,總指數,83.02,-3.7
63000,105年 3月,材料類,79.5,-6.14
63000,105年 3月,水泥及其製品類,77.6,-6.33
63000,105年 3月,砂石及級配類,109.88,-2.01
63000,105年 3月,磚瓦瓷類,115.97,0
63000,105年 3月,金屬製品類,64.57,-10.34
63000,105年 3月,木材及其製品類,85.83,-6.39
63000,105年 3月,塑膠製品類,71.41,0.78
63000,105年 3月,油漆塗料類,99.32,0
63000,105年 3月,機電設備類,85.68,-4.72
63000,105年 3月,瀝青及其製品類,98.81,-9.3
63000,105年 3月,雜項材料類,96.38,2.22
63000,105年 3月,勞務類,88.91,-0.14
63000,105年 3月,工資類,83.15,0.11
63000,105年 3月,機具設備租金類,95.95,-0.39
63000,105年 4月,總指數,83.82,-2.43
63000,105年 4月,材料類,80.84,-3.99
63000,105年 4月,水泥及其製品類,77.49,-6.35
63000,105年 4月,砂石及級配類,109.88,-2.01
63000,105年 4月,磚瓦瓷類,114.13,-1.59
63000,105年 4月,金屬製品類,69.78,-2.29
63000,105年 4月,木材及其製品類,84.48,-7.86
63000,105年 4月,塑膠製品類,72.52,0.91
63000,105年 4月,油漆塗料類,99.32,0
63000,105年 4月,機電設備類,86.8,-4.66
63000,105年 4月,瀝青及其製品類,98.81,-4.13
63000,105年 4月,雜項材料類,95.22,1
63000,105年 4月,勞務類,88.9,-0.16
63000,105年 4月,工資類,83.15,0.11
63000,105年 4月,機具設備租金類,95.92,-0.42
63000,105年 5月,總指數,83.97,-1.8
63000,105年 5月,材料類,81.1,-2.94
63000,105年 5月,水泥及其製品類,77.25,-6.5
63000,105年 5月,砂石及級配類,109.88,-2.01
63000,105年 5月,磚瓦瓷類,110.46,-4.75
63000,105年 5月,金屬製品類,71.47,2.64
63000,105年 5月,木材及其製品類,82.89,-9.34
63000,105年 5月,塑膠製品類,73.16,0.76
63000,105年 5月,油漆塗料類,99.32,0
63000,105年 5月,機電設備類,86.43,-5.12
63000,105年 5月,瀝青及其製品類,98.67,-2.02
63000,105年 5月,雜項材料類,95.23,1.01
63000,105年 5月,勞務類,88.89,-0.17
63000,105年 5月,工資類,83.15,0.11
63000,105年 5月,機具設備租金類,95.91,-0.44
63000,105年 6月,總指數,83.61,-2.26
63000,105年 6月,材料類,80.48,-3.74
63000,105年 6月,水泥及其製品類,76.88,-6.76
63000,105年 6月,砂石及級配類,109.88,-2.01
63000,105年 6月,磚瓦瓷類,110.46,-4.75
63000,105年 6月,金屬製品類,68.86,-0.57
63000,105年 6月,木材及其製品類,82.89,-9.24
63000,105年 6月,塑膠製品類,72.85,1.21
63000,105年 6月,油漆塗料類,99.32,0
63000,105年 6月,機電設備類,86.17,-5.6
63000,105年 6月,瀝青及其製品類,98.67,-2.02
63000,105年 6月,雜項材料類,98.49,0.66
63000,105年 6月,勞務類,88.92,-0.13
63000,105年 6月,工資類,83.23,0.2
63000,105年 6月,機具設備租金類,95.9,-0.45
63000,105年 7月,總指數,83.36,-2.01
63000,105年 7月,材料類,80.09,-3.3
63000,105年 7月,水泥及其製品類,76.44,-7.06
63000,105年 7月,砂石及級配類,109.88,-2.01
63000,105年 7月,磚瓦瓷類,110.46,-4.75
63000,105年 7月,金屬製品類,68.13,1.51
63000,105年 7月,木材及其製品類,82.89,-8.12
63000,105年 7月,塑膠製品類,72.38,0.56
63000,105年 7月,油漆塗料類,99.32,0
63000,105年 7月,機電設備類,86,-4.24
63000,105年 7月,瀝青及其製品類,98.67,-2.02
63000,105年 7月,雜項材料類,98.49,0.25
63000,105年 7月,勞務類,88.9,-0.16
63000,105年 7月,工資類,83.17,0.13
63000,105年 7月,機具設備租金類,95.9,-0.44
63000,105年 8月,總指數,83.33,-1.53
63000,105年 8月,材料類,80.02,-2.51
63000,105年 8月,水泥及其製品類,76.06,-6.91
63000,105年 8月,砂石及級配類,109.88,-1.76
63000,105年 8月,磚瓦瓷類,110.46,-4.75
63000,105年 8月,金屬製品類,68.58,4.24
63000,105年 8月,木材及其製品類,81.4,-8.28
63000,105年 8月,塑膠製品類,73.02,1.45
63000,105年 8月,油漆塗料類,99.32,0
63000,105年 8月,機電設備類,85.63,-3.15
63000,105年 8月,瀝青及其製品類,98.67,-2.02
63000,105年 8月,雜項材料類,98.61,0.36
63000,105年 8月,勞務類,88.91,-0.14
63000,105年 8月,工資類,83.2,0.16
63000,105年 8月,機具設備租金類,95.9,-0.42
63000,105年 9月,總指數,83.04,-1.56
63000,105年 9月,材料類,79.54,-2.61
63000,105年 9月,水泥及其製品類,75.89,-6.21
63000,105年 9月,砂石及級配類,109.88,-1.63
63000,105年 9月,磚瓦瓷類,110.46,-4.75
63000,105年 9月,金屬製品類,68.09,3.28
63000,105年 9月,木材及其製品類,80.87,-7.94
63000,105年 9月,塑膠製品類,73.02,1.45
63000,105年 9月,油漆塗料類,99.32,0
63000,105年 9月,機電設備類,84.55,-3.11
63000,105年 9月,瀝青及其製品類,96.58,-4.09
63000,105年 9月,雜項材料類,99.23,0.99
63000,105年 9月,勞務類,88.91,-0.14
63000,105年 9月,工資類,83.2,0.16
63000,105年 9月,機具設備租金類,95.9,-0.42
63000,105年 10月,總指數,82.8,-1.09
63000,105年 10月,材料類,79.15,-1.75
63000,105年 10月,水泥及其製品類,75.89,-5.4
63000,105年 10月,砂石及級配類,109.88,-1.63
63000,105年 10月,磚瓦瓷類,110.46,-4.75
63000,105年 10月,金屬製品類,67.19,5.25
63000,105年 10月,木材及其製品類,80.87,-7.66
63000,105年 10月,塑膠製品類,73.97,2.77
63000,105年 10月,油漆塗料類,99.32,0
63000,105年 10月,機電設備類,84.47,-3.54
63000,105年 10月,瀝青及其製品類,96.21,-2.63
63000,105年 10月,雜項材料類,95.97,1.3
63000,105年 10月,勞務類,88.91,-0.18
63000,105年 10月,工資類,83.2,0.09
63000,105年 10月,機具設備租金類,95.9,-0.42
63000,105年 11月,總指數,83.09,-0.49
63000,105年 11月,材料類,79.63,-0.7
63000,105年 11月,水泥及其製品類,75.03,-5.66
63000,105年 11月,砂石及級配類,109.88,0.38
63000,105年 11月,磚瓦瓷類,110.46,-4.75
63000,105年 11月,金屬製品類,70.31,10.24
63000,105年 11月,木材及其製品類,80.87,-6.53
63000,105年 11月,塑膠製品類,74.61,3.65
63000,105年 11月,油漆塗料類,99.32,0
63000,105年 11月,機電設備類,84.51,-3.51
63000,105年 11月,瀝青及其製品類,96.21,-2.63
63000,105年 11月,雜項材料類,95.98,1.29
63000,105年 11月,勞務類,88.91,-0.2
63000,105年 11月,工資類,83.2,0.05
63000,105年 11月,機具設備租金類,95.9,-0.42
63000,105年 12月,總指數,83.74,0.69
63000,105年 12月,材料類,80.71,1.35
63000,105年 12月,水泥及其製品類,75.03,-4.47
63000,105年 12月,砂石及級配類,109.88,0.38
63000,105年 12月,磚瓦瓷類,110.46,-4.75
63000,105年 12月,金屬製品類,73.08,14.28
63000,105年 12月,木材及其製品類,81.17,-6.06
63000,105年 12月,塑膠製品類,75.41,5.85
63000,105年 12月,油漆塗料類,99.32,0
63000,105年 12月,機電設備類,87.32,1.4
63000,105年 12月,瀝青及其製品類,96.21,-2.63
63000,105年 12月,雜項材料類,95.98,1.29
63000,105年 12月,勞務類,88.89,-0.22
63000,105年 12月,工資類,83.2,0.05
63000,105年 12月,機具設備租金類,95.87,-0.45
63000,106年 1月,總指數,83.86,0.89
63000,106年 1月,材料類,80.9,1.65
63000,106年 1月,水泥及其製品類,75.03,-4.38
63000,106年 1月,砂石及級配類,109.88,0.38
63000,106年 1月,磚瓦瓷類,110.46,-4.75
63000,106年 1月,金屬製品類,74.09,15.41
63000,106年 1月,木材及其製品類,81.38,-5.78
63000,106年 1月,塑膠製品類,74.9,6.17
63000,106年 1月,油漆塗料類,99.32,0
63000,106年 1月,機電設備類,88.55,3.25
63000,106年 1月,瀝青及其製品類,96.21,-2.63
63000,106年 1月,雜項材料類,93.03,-1.83
63000,106年 1月,勞務類,88.89,-0.17
63000,106年 1月,工資類,83.2,0.04
63000,106年 1月,機具設備租金類,95.87,-0.36
63000,106年 2月,總指數,83.91,1.06
63000,106年 2月,材料類,80.96,1.92
63000,106年 2月,水泥及其製品類,74.86,-4.28
63000,106年 2月,砂石及級配類,109.88,0.38
63000,106年 2月,磚瓦瓷類,110.46,-4.75
63000,106年 2月,金屬製品類,74.34,16.65
63000,106年 2月,木材及其製品類,81.46,-5.09
63000,106年 2月,塑膠製品類,75.25,6.67
63000,106年 2月,油漆塗料類,99.32,0
63000,106年 2月,機電設備類,88.76,3.74
63000,106年 2月,瀝青及其製品類,96.21,-2.63
63000,106年 2月,雜項材料類,93.03,-3.42
63000,106年 2月,勞務類,88.94,-0.11
63000,106年 2月,工資類,83.3,0.17
63000,106年 2月,機具設備租金類,95.87,-0.36
63000,106年 3月,總指數,84.25,1.49
63000,106年 3月,材料類,81.52,2.54
63000,106年 3月,水泥及其製品類,74.71,-3.73
63000,106年 3月,砂石及級配類,109.88,0
63000,106年 3月,磚瓦瓷類,110.46,-4.75
63000,106年 3月,金屬製品類,76.23,18.05
63000,106年 3月,木材及其製品類,81.46,-5.09
63000,106年 3月,塑膠製品類,77.61,8.68
63000,106年 3月,油漆塗料類,99.32,0
63000,106年 3月,機電設備類,88.91,3.77
63000,106年 3月,瀝青及其製品類,96.21,-2.63
63000,106年 3月,雜項材料類,93.03,-3.48
63000,106年 3月,勞務類,88.97,0.06
63000,106年 3月,工資類,83.35,0.24
63000,106年 3月,機具設備租金類,95.86,-0.1
63000,106年 4月,總指數,84.07,0.3
63000,106年 4月,材料類,81.21,0.46
63000,106年 4月,水泥及其製品類,74.77,-3.51
63000,106年 4月,砂石及級配類,109.88,0
63000,106年 4月,磚瓦瓷類,110.46,-3.21
63000,106年 4月,金屬製品類,74.92,7.37
63000,106年 4月,木材及其製品類,81.46,-3.58
63000,106年 4月,塑膠製品類,78.11,7.71
63000,106年 4月,油漆塗料類,99.32,0
63000,106年 4月,機電設備類,88.6,2.06
63000,106年 4月,瀝青及其製品類,96.21,-2.63
63000,106年 4月,雜項材料類,93.03,-2.31
63000,106年 4月,勞務類,88.97,0.08
63000,106年 4月,工資類,83.35,0.24
63000,106年 4月,機具設備租金類,95.85,-0.08
63000,106年 5月,總指數,83.68,-0.35
63000,106年 5月,材料類,80.56,-0.67
63000,106年 5月,水泥及其製品類,74.9,-3.05
63000,106年 5月,砂石及級配類,109.88,0
63000,106年 5月,磚瓦瓷類,110.46,0
63000,106年 5月,金屬製品類,72.39,1.28
63000,106年 5月,木材及其製品類,81.31,-1.9
63000,106年 5月,塑膠製品類,77.43,5.83
63000,106年 5月,油漆塗料類,99.32,0
63000,106年 5月,機電設備類,88.28,2.14
63000,106年 5月,瀝青及其製品類,96.21,-2.49
63000,106年 5月,雜項材料類,93.03,-2.32
63000,106年 5月,勞務類,88.97,0.09
63000,106年 5月,工資類,83.35,0.24
63000,106年 5月,機具設備租金類,95.85,-0.06
63000,106年 6月,總指數,83.84,0.28
63000,106年 6月,材料類,80.84,0.45
63000,106年 6月,水泥及其製品類,74.95,-2.51
63000,106年 6月,砂石及級配類,109.88,0
63000,106年 6月,磚瓦瓷類,108.62,-1.66
63000,106年 6月,金屬製品類,73.07,6.12
63000,106年 6月,木材及其製品類,80.17,-3.29
63000,106年 6月,塑膠製品類,76.93,5.59
63000,106年 6月,油漆塗料類,99.32,0
63000,106年 6月,機電設備類,87.89,2
63000,106年 6月,瀝青及其製品類,96.21,-2.49
63000,106年 6月,雜項材料類,96.29,-2.24
63000,106年 6月,勞務類,88.97,0.05
63000,106年 6月,工資類,83.35,0.15
63000,106年 6月,機具設備租金類,95.85,-0.05
63000,106年 7月,總指數,84.01,0.78
63000,106年 7月,材料類,81.13,1.3
63000,106年 7月,水泥及其製品類,75.17,-1.66
63000,106年 7月,砂石及級配類,109.88,0
63000,106年 7月,磚瓦瓷類,107.69,-2.51
63000,106年 7月,金屬製品類,74.07,8.73
63000,106年 7月,木材及其製品類,80.16,-3.3
63000,106年 7月,塑膠製品類,75.92,4.9
63000,106年 7月,油漆塗料類,99.32,0
63000,106年 7月,機電設備類,88.12,2.47
63000,106年 7月,瀝青及其製品類,96.21,-2.49
63000,106年 7月,雜項材料類,96.29,-2.24
63000,106年 7月,勞務類,88.96,0.07
63000,106年 7月,工資類,83.34,0.21
63000,106年 7月,機具設備租金類,95.85,-0.05
63000,106年 8月,總指數,84.67,1.61
63000,106年 8月,材料類,82.21,2.73
63000,106年 8月,水泥及其製品類,75.44,-0.81
63000,106年 8月,砂石及級配類,109.88,0
63000,106年 8月,磚瓦瓷類,107.69,-2.51
63000,106年 8月,金屬製品類,77.33,12.76
63000,106年 8月,木材及其製品類,80.05,-1.66
63000,106年 8月,塑膠製品類,76.25,4.43
63000,106年 8月,油漆塗料類,99.32,0
63000,106年 8月,機電設備類,89.51,4.54
63000,106年 8月,瀝青及其製品類,96.21,-2.49
63000,106年 8月,雜項材料類,96.29,-2.35
63000,106年 8月,勞務類,88.95,0.05
63000,106年 8月,工資類,83.34,0.17
63000,106年 8月,機具設備租金類,95.85,-0.05
63000,106年 9月,總指數,85.14,2.52
63000,106年 9月,材料類,83,4.35
63000,106年 9月,水泥及其製品類,75.54,-0.45
63000,106年 9月,砂石及級配類,110.1,0.2
63000,106年 9月,磚瓦瓷類,107.69,-2.51
63000,106年 9月,金屬製品類,79.41,16.63
63000,106年 9月,木材及其製品類,81.11,0.29
63000,106年 9月,塑膠製品類,76.57,4.86
63000,106年 9月,油漆塗料類,99.32,0
63000,106年 9月,機電設備類,91.11,7.76
63000,106年 9月,瀝青及其製品類,96.21,-0.39
63000,106年 9月,雜項材料類,96.3,-2.95
63000,106年 9月,勞務類,88.95,0.05
63000,106年 9月,工資類,83.34,0.17
63000,106年 9月,機具設備租金類,95.85,-0.05
63000,106年 10月,總指數,85.02,2.68
63000,106年 10月,材料類,82.8,4.61
63000,106年 10月,水泥及其製品類,75.6,-0.38
63000,106年 10月,砂石及級配類,110.1,0.2
63000,106年 10月,磚瓦瓷類,107.69,-2.51
63000,106年 10月,金屬製品類,79.05,17.65
63000,106年 10月,木材及其製品類,81.37,0.62
63000,106年 10月,塑膠製品類,77.36,4.58
63000,106年 10月,油漆塗料類,99.32,0
63000,106年 10月,機電設備類,91.16,7.92
63000,106年 10月,瀝青及其製品類,96.21,0
63000,106年 10月,雜項材料類,93.05,-3.04
63000,106年 10月,勞務類,88.95,0.05
63000,106年 10月,工資類,83.34,0.17
63000,106年 10月,機具設備租金類,95.85,-0.05
63000,106年 11月,總指數,85.26,2.61
63000,106年 11月,材料類,83.19,4.47
63000,106年 11月,水泥及其製品類,75.6,0.76
63000,106年 11月,砂石及級配類,110.1,0.2
63000,106年 11月,磚瓦瓷類,107.69,-2.51
63000,106年 11月,金屬製品類,79.92,13.66
63000,106年 11月,木材及其製品類,82.77,2.35
63000,106年 11月,塑膠製品類,76.99,3.2
63000,106年 11月,油漆塗料類,99.32,0
63000,106年 11月,機電設備類,92.57,9.54
63000,106年 11月,瀝青及其製品類,96.21,0
63000,106年 11月,雜項材料類,93.1,-3
63000,106年 11月,勞務類,88.95,0.05
63000,106年 11月,工資類,83.34,0.17
63000,106年 11月,機具設備租金類,95.85,-0.05
63000,106年 12月,總指數,85.39,1.97
63000,106年 12月,材料類,83.41,3.34
63000,106年 12月,水泥及其製品類,75.66,0.84
63000,106年 12月,砂石及級配類,110.1,0.2
63000,106年 12月,磚瓦瓷類,107.69,-2.51
63000,106年 12月,金屬製品類,81.08,10.95
63000,106年 12月,木材及其製品類,82.77,1.97
63000,106年 12月,塑膠製品類,75.29,-0.15
63000,106年 12月,油漆塗料類,99.32,0
63000,106年 12月,機電設備類,92.62,6.07
63000,106年 12月,瀝青及其製品類,96.21,0
63000,106年 12月,雜項材料類,93.1,-3
63000,106年 12月,勞務類,88.95,0.07
63000,106年 12月,工資類,83.34,0.17
63000,106年 12月,機具設備租金類,95.85,-0.02
63000,107年 1月,總指數,85.72,2.22
63000,107年 1月,材料類,83.92,3.73
63000,107年 1月,水泥及其製品類,75.66,0.84
63000,107年 1月,砂石及級配類,110.1,0.2
63000,107年 1月,磚瓦瓷類,104.83,-5.1
63000,107年 1月,金屬製品類,82.61,11.5
63000,107年 1月,木材及其製品類,82.77,1.71
63000,107年 1月,塑膠製品類,75.09,0.26
63000,107年 1月,油漆塗料類,99.32,0
63000,107年 1月,機電設備類,92.69,4.67
63000,107年 1月,瀝青及其製品類,96.21,0
63000,107年 1月,雜項材料類,93.1,0.07
63000,107年 1月,勞務類,88.96,0.08
63000,107年 1月,工資類,83.34,0.17
63000,107年 1月,機具設備租金類,95.85,-0.02
63000,107年 2月,總指數,85.53,1.93
63000,107年 2月,材料類,83.73,3.42
63000,107年 2月,水泥及其製品類,75.69,1.11
63000,107年 2月,砂石及級配類,110.9,0.93
63000,107年 2月,磚瓦瓷類,104.83,-5.1
63000,107年 2月,金屬製品類,81.89,10.15
63000,107年 2月,木材及其製品類,82.77,1.61
63000,107年 2月,塑膠製品類,75.73,0.64
63000,107年 2月,油漆塗料類,99.32,0
63000,107年 2月,機電設備類,92.69,4.42
63000,107年 2月,瀝青及其製品類,96.21,0
63000,107年 2月,雜項材料類,93.1,0.07
63000,107年 2月,勞務類,88.77,-0.19
63000,107年 2月,工資類,83.34,0.04
63000,107年 2月,機具設備租金類,95.44,-0.45
63000,107年 3月,總指數,86.04,2.12
63000,107年 3月,材料類,84.48,3.63
63000,107年 3月,水泥及其製品類,75.84,1.52
63000,107年 3月,砂石及級配類,110.9,0.93
63000,107年 3月,磚瓦瓷類,104.83,-5.1
63000,107年 3月,金屬製品類,83.53,9.57
63000,107年 3月,木材及其製品類,82.77,1.61
63000,107年 3月,塑膠製品類,78.22,0.78
63000,107年 3月,油漆塗料類,99.32,0
63000,107年 3月,機電設備類,93.29,4.92
63000,107年 3月,瀝青及其製品類,96.21,0
63000,107年 3月,雜項材料類,93.14,0.12
63000,107年 3月,勞務類,88.84,-0.14
63000,107年 3月,工資類,83.47,0.14
63000,107年 3月,機具設備租金類,95.44,-0.44
63000,107年 4月,總指數,86.04,2.34
63000,107年 4月,材料類,84.47,4.02
63000,107年 4月,水泥及其製品類,75.84,1.44
63000,107年 4月,砂石及級配類,110.9,0.93
63000,107年 4月,磚瓦瓷類,104.83,-5.1
63000,107年 4月,金屬製品類,83.45,11.39
63000,107年 4月,木材及其製品類,83.9,3
63000,107年 4月,塑膠製品類,78.22,0.13
63000,107年 4月,油漆塗料類,99.32,0
63000,107年 4月,機電設備類,92.99,4.95
63000,107年 4月,瀝青及其製品類,96.21,0
63000,107年 4月,雜項材料類,93.57,0.58
63000,107年 4月,勞務類,88.84,-0.14
63000,107年 4月,工資類,83.47,0.14
63000,107年 4月,機具設備租金類,95.44,-0.43
63000,107年 5月,總指數,86.07,2.86
63000,107年 5月,材料類,84.52,4.92
63000,107年 5月,水泥及其製品類,75.96,1.42
63000,107年 5月,砂石及級配類,110.9,0.93
63000,107年 5月,磚瓦瓷類,104.83,-5.1
63000,107年 5月,金屬製品類,83.55,15.43
63000,107年 5月,木材及其製品類,83.9,3.19
63000,107年 5月,塑膠製品類,77.17,-0.34
63000,107年 5月,油漆塗料類,99.32,0
63000,107年 5月,機電設備類,93.08,5.44
63000,107年 5月,瀝青及其製品類,96.21,0
63000,107年 5月,雜項材料類,93.59,0.6
63000,107年 5月,勞務類,88.84,-0.14
63000,107年 5月,工資類,83.47,0.14
63000,107年 5月,機具設備租金類,95.44,-0.43
63000,107年 6月,總指數,86.54,3.22
63000,107年 6月,材料類,85.26,5.47
63000,107年 6月,水泥及其製品類,77.48,3.37
63000,107年 6月,砂石及級配類,110.9,0.93
63000,107年 6月,磚瓦瓷類,105.01,-3.32
63000,107年 6月,金屬製品類,83.63,14.45
63000,107年 6月,木材及其製品類,84.84,5.83
63000,107年 6月,塑膠製品類,75.66,-1.65
63000,107年 6月,油漆塗料類,99.32,0
63000,107年 6月,機電設備類,93.74,6.65
63000,107年 6月,瀝青及其製品類,96.21,0
63000,107年 6月,雜項材料類,96.57,0.29
63000,107年 6月,勞務類,88.84,-0.14
63000,107年 6月,工資類,83.47,0.14
63000,107年 6月,機具設備租金類,95.44,-0.43
63000,107年 7月,總指數,87.54,4.21
63000,107年 7月,材料類,86.73,6.9
63000,107年 7月,水泥及其製品類,80.34,6.87
63000,107年 7月,砂石及級配類,110.9,0.93
63000,107年 7月,磚瓦瓷類,105.01,-2.49
63000,107年 7月,金屬製品類,84.85,14.56
63000,107年 7月,木材及其製品類,84.84,5.84
63000,107年 7月,塑膠製品類,75.66,-0.35
63000,107年 7月,油漆塗料類,99.32,0
63000,107年 7月,機電設備類,93.92,6.58
63000,107年 7月,瀝青及其製品類,97.5,1.34
63000,107年 7月,雜項材料類,96.57,0.29
63000,107年 7月,勞務類,89.01,0.06
63000,107年 7月,工資類,83.78,0.52
63000,107年 7月,機具設備租金類,95.44,-0.43
63000,107年 8月,總指數,87.78,3.67
63000,107年 8月,材料類,87.01,5.84
63000,107年 8月,水泥及其製品類,80.84,7.16
63000,107年 8月,砂石及級配類,109.29,-0.54
63000,107年 8月,磚瓦瓷類,105.01,-2.49
63000,107年 8月,金屬製品類,85.23,10.22
63000,107年 8月,木材及其製品類,84.85,6
63000,107年 8月,塑膠製品類,76.3,0.07
63000,107年 8月,油漆塗料類,99.32,0
63000,107年 8月,機電設備類,92.61,3.46
63000,107年 8月,瀝青及其製品類,99.82,3.76
63000,107年 8月,雜項材料類,96.57,0.29
63000,107年 8月,勞務類,89.16,0.23
63000,107年 8月,工資類,84.04,0.84
63000,107年 8月,機具設備租金類,95.44,-0.43
63000,107年 9月,總指數,88.49,3.93
63000,107年 9月,材料類,88.11,6.16
63000,107年 9月,水泥及其製品類,83.53,10.58
63000,107年 9月,砂石及級配類,108.49,-1.47
63000,107年 9月,磚瓦瓷類,105.01,-2.49
63000,107年 9月,金屬製品類,85.97,8.26
63000,107年 9月,木材及其製品類,84.83,4.6
63000,107年 9月,塑膠製品類,76.3,-0.35
63000,107年 9月,油漆塗料類,99.32,0
63000,107年 9月,機電設備類,92.33,1.34
63000,107年 9月,瀝青及其製品類,100.18,4.12
63000,107年 9月,雜項材料類,96.57,0.28
63000,107年 9月,勞務類,89.16,0.23
63000,107年 9月,工資類,84.04,0.84
63000,107年 9月,機具設備租金類,95.44,-0.43
63000,107年 10月,總指數,89.09,4.79
63000,107年 10月,材料類,89.06,7.56
63000,107年 10月,水泥及其製品類,85.93,13.67
63000,107年 10月,砂石及級配類,108.49,-1.47
63000,107年 10月,磚瓦瓷類,105.58,-1.96
63000,107年 10月,金屬製品類,87.06,10.13
63000,107年 10月,木材及其製品類,84.83,4.26
63000,107年 10月,塑膠製品類,75.88,-1.91
63000,107年 10月,油漆塗料類,99.32,0
63000,107年 10月,機電設備類,92.21,1.15
63000,107年 10月,瀝青及其製品類,100.18,4.12
63000,107年 10月,雜項材料類,93.63,0.62
63000,107年 10月,勞務類,89.16,0.23
63000,107年 10月,工資類,84.04,0.84
63000,107年 10月,機具設備租金類,95.44,-0.43
63000,107年 11月,總指數,89.02,4.41
63000,107年 11月,材料類,88.94,6.91
63000,107年 11月,水泥及其製品類,86.94,15
63000,107年 11月,砂石及級配類,108.49,-1.47
63000,107年 11月,磚瓦瓷類,105.58,-1.96
63000,107年 11月,金屬製品類,85.67,7.19
63000,107年 11月,木材及其製品類,84.83,2.49
63000,107年 11月,塑膠製品類,75.01,-2.58
63000,107年 11月,油漆塗料類,99.32,0
63000,107年 11月,機電設備類,92.78,0.23
63000,107年 11月,瀝青及其製品類,100.18,4.12
63000,107年 11月,雜項材料類,93.63,0.57
63000,107年 11月,勞務類,89.16,0.23
63000,107年 11月,工資類,84.04,0.84
63000,107年 11月,機具設備租金類,95.44,-0.43
63000,107年 12月,總指數,88.79,3.98
63000,107年 12月,材料類,88.58,6.2
63000,107年 12月,水泥及其製品類,87.24,15.32
63000,107年 12月,砂石及級配類,108.84,-1.15
63000,107年 12月,磚瓦瓷類,105.58,-1.96
63000,107年 12月,金屬製品類,84.17,3.8
63000,107年 12月,木材及其製品類,84.8,2.45
63000,107年 12月,塑膠製品類,75.88,0.78
63000,107年 12月,油漆塗料類,99.32,0
63000,107年 12月,機電設備類,92.73,0.12
63000,107年 12月,瀝青及其製品類,100.18,4.12
63000,107年 12月,雜項材料類,93.63,0.57
63000,107年 12月,勞務類,89.16,0.23
63000,107年 12月,工資類,84.04,0.84
63000,107年 12月,機具設備租金類,95.44,-0.43
63000,108年 1月,總指數,88.89,3.7
63000,108年 1月,材料類,88.68,5.67
63000,108年 1月,水泥及其製品類,88.45,16.91
63000,108年 1月,砂石及級配類,108.84,-1.15
63000,108年 1月,磚瓦瓷類,106.41,1.51
63000,108年 1月,金屬製品類,83.01,0.49
63000,108年 1月,木材及其製品類,84.8,2.45
63000,108年 1月,塑膠製品類,78.88,5.04
63000,108年 1月,油漆塗料類,99.32,0
63000,108年 1月,機電設備類,92.63,-0.06
63000,108年 1月,瀝青及其製品類,100.18,4.12
63000,108年 1月,雜項材料類,93.67,0.61
63000,108年 1月,勞務類,89.27,0.35
63000,108年 1月,工資類,84.04,0.84
63000,108年 1月,機具設備租金類,95.69,-0.16
63000,108年 2月,總指數,89.47,4.61
63000,108年 2月,材料類,89.51,6.91
63000,108年 2月,水泥及其製品類,88.91,17.47
63000,108年 2月,砂石及級配類,108.84,-1.86
63000,108年 2月,磚瓦瓷類,103.86,-0.93
63000,108年 2月,金屬製品類,84.79,3.55
63000,108年 2月,木材及其製品類,84.8,2.45
63000,108年 2月,塑膠製品類,80.99,6.95
63000,108年 2月,油漆塗料類,99.32,0
63000,108年 2月,機電設備類,92.45,-0.25
63000,108年 2月,瀝青及其製品類,100.67,4.63
63000,108年 2月,雜項材料類,93.67,0.61
63000,108年 2月,勞務類,89.4,0.7
63000,108年 2月,工資類,84.04,0.84
63000,108年 2月,機具設備租金類,95.96,0.55
63000,108年 3月,總指數,90.07,4.69
63000,108年 3月,材料類,90.45,7.07
63000,108年 3月,水泥及其製品類,90.72,19.62
63000,108年 3月,砂石及級配類,108.84,-1.86
63000,108年 3月,磚瓦瓷類,103.86,-0.93
63000,108年 3月,金屬製品類,85.13,1.93
63000,108年 3月,木材及其製品類,85.57,3.38
63000,108年 3月,塑膠製品類,80.99,3.55
63000,108年 3月,油漆塗料類,99.32,0
63000,108年 3月,機電設備類,93.15,-0.15
63000,108年 3月,瀝青及其製品類,102.56,6.6
63000,108年 3月,雜項材料類,93.67,0.56
63000,108年 3月,勞務類,89.4,0.62
63000,108年 3月,工資類,84.04,0.68
63000,108年 3月,機具設備租金類,95.96,0.55
63000,108年 4月,總指數,90.6,5.31
63000,108年 4月,材料類,90.85,7.55
63000,108年 4月,水泥及其製品類,92.73,22.26
63000,108年 4月,砂石及級配類,108.84,-1.86
63000,108年 4月,磚瓦瓷類,103.65,-1.12
63000,108年 4月,金屬製品類,84.28,1
63000,108年 4月,木材及其製品類,85.57,1.99
63000,108年 4月,塑膠製品類,80.28,2.64
63000,108年 4月,油漆塗料類,99.32,0
63000,108年 4月,機電設備類,93.67,0.74
63000,108年 4月,瀝青及其製品類,102.56,6.6
63000,108年 4月,雜項材料類,93.67,0.1
63000,108年 4月,勞務類,90.15,1.47
63000,108年 4月,工資類,84.44,1.17
63000,108年 4月,機具設備租金類,97.15,1.8
63000,108年 5月,總指數,90.39,5.02
63000,108年 5月,材料類,90.51,7.09
63000,108年 5月,水泥及其製品類,92.73,22.07
63000,108年 5月,砂石及級配類,108.84,-1.86
63000,108年 5月,磚瓦瓷類,103.65,-1.12
63000,108年 5月,金屬製品類,83.27,-0.33
63000,108年 5月,木材及其製品類,86.35,2.92
63000,108年 5月,塑膠製品類,79.81,3.42
63000,108年 5月,油漆塗料類,99.32,0
63000,108年 5月,機電設備類,93.67,0.64
63000,108年 5月,瀝青及其製品類,102.56,6.6
63000,108年 5月,雜項材料類,93.67,0.08
63000,108年 5月,勞務類,90.15,1.47
63000,108年 5月,工資類,84.44,1.17
63000,108年 5月,機具設備租金類,97.15,1.8
63000,108年 6月,總指數,90.52,4.59
63000,108年 6月,材料類,90.69,6.36
63000,108年 6月,水泥及其製品類,92.73,19.69
63000,108年 6月,砂石及級配類,108.84,-1.86
63000,108年 6月,磚瓦瓷類,103.48,-1.46
63000,108年 6月,金屬製品類,83.44,-0.22
63000,108年 6月,木材及其製品類,86.51,1.97
63000,108年 6月,塑膠製品類,80.23,6.03
63000,108年 6月,油漆塗料類,99.32,0
63000,108年 6月,機電設備類,92.98,-0.81
63000,108年 6月,瀝青及其製品類,102.56,6.6
63000,108年 6月,雜項材料類,96.64,0.07
63000,108年 6月,勞務類,90.22,1.55
63000,108年 6月,工資類,84.56,1.31
63000,108年 6月,機具設備租金類,97.15,1.8
63000,108年 7月,總指數,90.55,3.44
63000,108年 7月,材料類,90.56,4.42
63000,108年 7月,水泥及其製品類,92.74,15.44
63000,108年 7月,砂石及級配類,110.19,-0.64
63000,108年 7月,磚瓦瓷類,103.48,-1.46
63000,108年 7月,金屬製品類,82.75,-2.47
63000,108年 7月,木材及其製品類,86.51,1.97
63000,108年 7月,塑膠製品類,82.12,8.54
63000,108年 7月,油漆塗料類,99.32,0
63000,108年 7月,機電設備類,92.82,-1.17
63000,108年 7月,瀝青及其製品類,102.56,5.18
63000,108年 7月,雜項材料類,96.64,0.07
63000,108年 7月,勞務類,90.54,1.72
63000,108年 7月,工資類,85.12,1.6
63000,108年 7月,機具設備租金類,97.2,1.85
63000,108年 8月,總指數,90.92,3.58
63000,108年 8月,材料類,90.61,4.14
63000,108年 8月,水泥及其製品類,92.74,14.72
63000,108年 8月,砂石及級配類,110.19,0.82
63000,108年 8月,磚瓦瓷類,103.48,-1.46
63000,108年 8月,金屬製品類,82.96,-2.66
63000,108年 8月,木材及其製品類,86.51,1.96
63000,108年 8月,塑膠製品類,81.27,6.52
63000,108年 8月,油漆塗料類,99.32,0
63000,108年 8月,機電設備類,92.82,0.23
63000,108年 8月,瀝青及其製品類,102.56,2.74
63000,108年 8月,雜項材料類,96.8,0.24
63000,108年 8月,勞務類,91.48,2.6
63000,108年 8月,工資類,86.81,3.31
63000,108年 8月,機具設備租金類,97.2,1.85
63000,108年 9月,總指數,90.76,2.57
63000,108年 9月,材料類,90.22,2.4
63000,108年 9月,水泥及其製品類,93.05,11.39
63000,108年 9月,砂石及級配類,110.19,1.57
63000,108年 9月,磚瓦瓷類,103.48,-1.46
63000,108年 9月,金屬製品類,81.74,-4.92
63000,108年 9月,木材及其製品類,86.51,1.98
63000,108年 9月,塑膠製品類,81.75,7.14
63000,108年 9月,油漆塗料類,99.32,0
63000,108年 9月,機電設備類,91.98,-0.37
63000,108年 9月,瀝青及其製品類,102.56,2.38
63000,108年 9月,雜項材料類,96.8,0.24
63000,108年 9月,勞務類,91.72,2.88
63000,108年 9月,工資類,87.22,3.79
63000,108年 9月,機具設備租金類,97.24,1.89
63000,108年 10月,總指數,90.43,1.5
63000,108年 10月,材料類,89.66,0.67
63000,108年 10月,水泥及其製品類,93.21,8.47
63000,108年 10月,砂石及級配類,110.19,1.57
63000,108年 10月,磚瓦瓷類,103.48,-2
63000,108年 10月,金屬製品類,80.44,-7.61
63000,108年 10月,木材及其製品類,86.51,1.98
63000,108年 10月,塑膠製品類,81.75,7.73
63000,108年 10月,油漆塗料類,99.32,0
63000,108年 10月,機電設備類,91.98,-0.24
63000,108年 10月,瀝青及其製品類,102.56,2.38
63000,108年 10月,雜項材料類,93.83,0.22
63000,108年 10月,勞務類,91.83,3
63000,108年 10月,工資類,87.42,4.03
63000,108年 10月,機具設備租金類,97.24,1.89
63000,108年 11月,總指數,90.46,1.62
63000,108年 11月,材料類,89.62,0.76
63000,108年 11月,水泥及其製品類,93.21,7.22
63000,108年 11月,砂石及級配類,110.65,1.99
63000,108年 11月,磚瓦瓷類,102.2,-3.21
63000,108年 11月,金屬製品類,80.4,-6.14
63000,108年 11月,木材及其製品類,86.51,1.98
63000,108年 11月,塑膠製品類,80.87,7.82
63000,108年 11月,油漆塗料類,99.32,0
63000,108年 11月,機電設備類,91.89,-0.96
63000,108年 11月,瀝青及其製品類,102.56,2.38
63000,108年 11月,雜項材料類,93.83,0.22
63000,108年 11月,勞務類,91.97,3.16
63000,108年 11月,工資類,87.66,4.32
63000,108年 11月,機具設備租金類,97.26,1.91
63000,108年 12月,總指數,90.81,2.28
63000,108年 12月,材料類,89.74,1.32
63000,108年 12月,水泥及其製品類,93.33,6.98
63000,108年 12月,砂石及級配類,111.57,2.51
63000,108年 12月,磚瓦瓷類,102.2,-3.21
63000,108年 12月,金屬製品類,80.55,-4.3
63000,108年 12月,木材及其製品類,86.51,2.02
63000,108年 12月,塑膠製品類,80.87,6.58
63000,108年 12月,油漆塗料類,99.32,0
63000,108年 12月,機電設備類,91.89,-0.91
63000,108年 12月,瀝青及其製品類,102.56,2.38
63000,108年 12月,雜項材料類,93.83,0.22
63000,108年 12月,勞務類,92.74,4.02
63000,108年 12月,工資類,89.04,5.96
63000,108年 12月,機具設備租金類,97.28,1.93
63000,109年 1月,總指數,91.17,2.56
63000,109年 1月,材料類,90.26,1.79
63000,109年 1月,水泥及其製品類,94.89,7.28
63000,109年 1月,砂石及級配類,111.57,2.51
63000,109年 1月,磚瓦瓷類,103.13,-3.09
63000,109年 1月,金屬製品類,80.41,-3.14
63000,109年 1月,木材及其製品類,86.51,2.02
63000,109年 1月,塑膠製品類,81.87,3.79
63000,109年 1月,油漆塗料類,99.32,0
63000,109年 1月,機電設備類,92.07,-0.6
63000,109年 1月,瀝青及其製品類,102.56,2.38
63000,109年 1月,雜項材料類,93.83,0.18
63000,109年 1月,勞務類,92.8,3.95
63000,109年 1月,工資類,89.14,6.08
63000,109年 1月,機具設備租金類,97.28,1.65
63000,109年 2月,總指數,91.27,2.01
63000,109年 2月,材料類,90.33,0.91
63000,109年 2月,水泥及其製品類,96.39,8.42
63000,109年 2月,砂石及級配類,111.57,2.51
63000,109年 2月,磚瓦瓷類,103.13,-0.7
63000,109年 2月,金屬製品類,79.08,-6.74
63000,109年 2月,木材及其製品類,86.51,2.02
63000,109年 2月,塑膠製品類,82.5,1.87
63000,109年 2月,油漆塗料類,99.32,0
63000,109年 2月,機電設備類,92.07,-0.42
63000,109年 2月,瀝青及其製品類,102.56,1.88
63000,109年 2月,雜項材料類,93.83,0.18
63000,109年 2月,勞務類,92.95,3.98
63000,109年 2月,工資類,89.41,6.39
63000,109年 2月,機具設備租金類,97.31,1.4
63000,109年 3月,總指數,91.47,1.55
63000,109年 3月,材料類,90.44,-0.01
63000,109年 3月,水泥及其製品類,96.99,6.91
63000,109年 3月,砂石及級配類,112.03,2.93
63000,109年 3月,磚瓦瓷類,101.85,-1.93
63000,109年 3月,金屬製品類,78.99,-7.21
63000,109年 3月,木材及其製品類,86.51,1.1
63000,109年 3月,塑膠製品類,82.5,1.87
63000,109年 3月,油漆塗料類,100,0.68
63000,109年 3月,機電設備類,91.38,-1.9
63000,109年 3月,瀝青及其製品類,102.56,0
63000,109年 3月,雜項材料類,93.85,0.2
63000,109年 3月,勞務類,93.33,4.41
63000,109年 3月,工資類,90.07,7.18
63000,109年 3月,機具設備租金類,97.33,1.43
63000,109年 4月,總指數,91.05,0.5
63000,109年 4月,材料類,89.78,-1.17
63000,109年 4月,水泥及其製品類,97.04,4.65
63000,109年 4月,砂石及級配類,112.26,3.14
63000,109年 4月,磚瓦瓷類,101.85,-1.74
63000,109年 4月,金屬製品類,77.5,-8.05
63000,109年 4月,木材及其製品類,86.65,1.26
63000,109年 4月,塑膠製品類,80.23,-0.07
63000,109年 4月,油漆塗料類,100,0.68
63000,109年 4月,機電設備類,90.54,-3.34
63000,109年 4月,瀝青及其製品類,102.36,-0.19
63000,109年 4月,雜項材料類,93.85,0.2
63000,109年 4月,勞務類,93.35,3.55
63000,109年 4月,工資類,90.1,6.7
63000,109年 4月,機具設備租金類,97.33,0.19
63000,109年 5月,總指數,90.83,0.49
63000,109年 5月,材料類,89.42,-1.2
63000,109年 5月,水泥及其製品類,97.04,4.65
63000,109年 5月,砂石及級配類,112.26,3.14
63000,109年 5月,磚瓦瓷類,101.85,-1.74
63000,109年 5月,金屬製品類,77.68,-6.71
63000,109年 5月,木材及其製品類,86.65,0.35
63000,109年 5月,塑膠製品類,79.04,-0.97
63000,109年 5月,油漆塗料類,100,0.68
63000,109年 5月,機電設備類,88.66,-5.35
63000,109年 5月,瀝青及其製品類,99.88,-2.61
63000,109年 5月,雜項材料類,93.85,0.2
63000,109年 5月,勞務類,93.35,3.55
63000,109年 5月,工資類,90.1,6.7
63000,109年 5月,機具設備租金類,97.33,0.19
63000,109年 6月,總指數,91.16,0.71
63000,109年 6月,材料類,89.92,-0.85
63000,109年 6月,水泥及其製品類,97.04,4.65
63000,109年 6月,砂石及級配類,112.26,3.14
63000,109年 6月,磚瓦瓷類,101.85,-1.57
63000,109年 6月,金屬製品類,78.39,-6.05
63000,109年 6月,木材及其製品類,86.64,0.14
63000,109年 6月,塑膠製品類,79.75,-0.59
63000,109年 6月,油漆塗料類,100,0.68
63000,109年 6月,機電設備類,89.47,-3.77
63000,109年 6月,瀝青及其製品類,99.4,-3.07
63000,109年 6月,雜項材料類,96.82,0.19
63000,109年 6月,勞務類,93.39,3.51
63000,109年 6月,工資類,90.17,6.63
63000,109年 6月,機具設備租金類,97.33,0.19
63000,109年 7月,總指數,91.27,0.79
63000,109年 7月,材料類,90.02,-0.59
63000,109年 7月,水泥及其製品類,97.13,4.73
63000,109年 7月,砂石及級配類,112.26,1.87
63000,109年 7月,磚瓦瓷類,100.57,-2.81
63000,109年 7月,金屬製品類,78.26,-5.43
63000,109年 7月,木材及其製品類,86.64,0.14
63000,109年 7月,塑膠製品類,80.94,-1.44
63000,109年 7月,油漆塗料類,100,0.68
63000,109年 7月,機電設備類,90.26,-2.76
63000,109年 7月,瀝青及其製品類,99.39,-3.08
63000,109年 7月,雜項材料類,96.75,0.12
63000,109年 7月,勞務類,93.5,3.27
63000,109年 7月,工資類,90.34,6.14
63000,109年 7月,機具設備租金類,97.39,0.2
63000,109年 8月,總指數,91.63,0.78
63000,109年 8月,材料類,90.39,-0.24
63000,109年 8月,水泥及其製品類,97.13,4.73
63000,109年 8月,砂石及級配類,112.26,1.87
63000,109年 8月,磚瓦瓷類,100.57,-2.81
63000,109年 8月,金屬製品類,79.16,-4.59
63000,109年 8月,木材及其製品類,86.64,0.14
63000,109年 8月,塑膠製品類,79.94,-1.64
63000,109年 8月,油漆塗料類,100,0.68
63000,109年 8月,機電設備類,91.14,-1.81
63000,109年 8月,瀝青及其製品類,99.39,-3.08
63000,109年 8月,雜項材料類,96.75,-0.05
63000,109年 8月,勞務類,93.85,2.6
63000,109年 8月,工資類,90.56,4.32
63000,109年 8月,機具設備租金類,97.87,0.69
63000,109年 9月,總指數,92.02,1.39
63000,109年 9月,材料類,90.82,0.66
63000,109年 9月,水泥及其製品類,97.13,4.38
63000,109年 9月,砂石及級配類,112.26,1.87
63000,109年 9月,磚瓦瓷類,100.57,-2.81
63000,109年 9月,金屬製品類,80.04,-2.08
63000,109年 9月,木材及其製品類,86.31,-0.23
63000,109年 9月,塑膠製品類,83.44,2.07
63000,109年 9月,油漆塗料類,100,0.68
63000,109年 9月,機電設備類,91.32,-0.72
63000,109年 9月,瀝青及其製品類,99.39,-3.08
63000,109年 9月,雜項材料類,96.75,-0.05
63000,109年 9月,勞務類,94.2,2.7
63000,109年 9月,工資類,90.91,4.22
63000,109年 9月,機具設備租金類,98.23,1.02
63000,109年 10月,總指數,92.57,2.37
63000,109年 10月,材料類,90.79,1.27
63000,109年 10月,水泥及其製品類,97.13,4.2
63000,109年 10月,砂石及級配類,112.26,1.87
63000,109年 10月,磚瓦瓷類,100.57,-2.81
63000,109年 10月,金屬製品類,80.1,-0.42
63000,109年 10月,木材及其製品類,86.31,-0.23
63000,109年 10月,塑膠製品類,87.14,6.6
63000,109年 10月,油漆塗料類,100,0.68
63000,109年 10月,機電設備類,91.5,-0.52
63000,109年 10月,瀝青及其製品類,99.39,-3.08
63000,109年 10月,雜項材料類,93.79,-0.04
63000,109年 10月,勞務類,95.76,4.28
63000,109年 10月,工資類,93.7,7.18
63000,109年 10月,機具設備租金類,98.28,1.08
63000,109年 11月,總指數,92.99,2.8
63000,109年 11月,材料類,91.32,1.89
63000,109年 11月,水泥及其製品類,97.13,4.2
63000,109年 11月,砂石及級配類,112.26,1.45
63000,109年 11月,磚瓦瓷類,99.29,-2.84
63000,109年 11月,金屬製品類,81.46,1.31
63000,109年 11月,木材及其製品類,86.31,-0.23
63000,109年 11月,塑膠製品類,89.61,10.8
63000,109年 11月,油漆塗料類,100,0.68
63000,109年 11月,機電設備類,91.41,-0.52
63000,109年 11月,瀝青及其製品類,99.39,-3.08
63000,109年 11月,雜項材料類,93.79,-0.04
63000,109年 11月,勞務類,96,4.38
63000,109年 11月,工資類,94.15,7.4
63000,109年 11月,機具設備租金類,98.27,1.04
63000,109年 12月,總指數,94.09,3.62
63000,109年 12月,材料類,92.86,3.47
63000,109年 12月,水泥及其製品類,97.13,4.07
63000,109年 12月,砂石及級配類,112.26,0.61
63000,109年 12月,磚瓦瓷類,99.29,-2.84
63000,109年 12月,金屬製品類,85.56,6.22
63000,109年 12月,木材及其製品類,87.85,1.55
63000,109年 12月,塑膠製品類,90.4,11.78
63000,109年 12月,油漆塗料類,100,0.68
63000,109年 12月,機電設備類,92.39,0.55
63000,109年 12月,瀝青及其製品類,99.39,-3.08
63000,109年 12月,雜項材料類,93.79,-0.04
63000,109年 12月,勞務類,96.33,3.87
63000,109年 12月,工資類,94.7,6.35
63000,109年 12月,機具設備租金類,98.33,1.09
63000,110年 1月,總指數,95.43,4.67
63000,110年 1月,材料類,94.82,5.05
63000,110年 1月,水泥及其製品類,97.62,2.88
63000,110年 1月,砂石及級配類,100,-10.37
63000,110年 1月,磚瓦瓷類,99.29,-3.72
63000,110年 1月,金屬製品類,91.49,13.78
63000,110年 1月,木材及其製品類,93.46,8.03
63000,110年 1月,塑膠製品類,91.75,12.07
63000,110年 1月,油漆塗料類,100,0.68
63000,110年 1月,機電設備類,93.37,1.42
63000,110年 1月,瀝青及其製品類,99.39,-3.08
63000,110年 1月,雜項材料類,93.79,-0.04
63000,110年 1月,勞務類,96.51,4
63000,110年 1月,工資類,95,6.57
63000,110年 1月,機具設備租金類,98.37,1.12
63000,110年 2月,總指數,95.54,4.67
63000,110年 2月,材料類,94.42,4.53
63000,110年 2月,水泥及其製品類,97.62,1.27
63000,110年 2月,砂石及級配類,100,-10.37
63000,110年 2月,磚瓦瓷類,99.86,-3.16
63000,110年 2月,金屬製品類,90.1,13.94
63000,110年 2月,木材及其製品類,93.49,8.07
63000,110年 2月,塑膠製品類,91.75,11.21
63000,110年 2月,油漆塗料類,100,0.68
63000,110年 2月,機電設備類,93.62,1.69
63000,110年 2月,瀝青及其製品類,99.39,-3.08
63000,110年 2月,雜項材料類,94.52,0.73
63000,110年 2月,勞務類,97.53,4.93
63000,110年 2月,工資類,96.54,7.97
63000,110年 2月,機具設備租金類,98.76,1.49
63000,110年 3月,總指數,96.4,5.39
63000,110年 3月,材料類,95.36,5.44
63000,110年 3月,水泥及其製品類,98.04,1.08
63000,110年 3月,砂石及級配類,100,-10.73
63000,110年 3月,磚瓦瓷類,99.86,-1.95
63000,110年 3月,金屬製品類,91.92,16.37
63000,110年 3月,木材及其製品類,96.33,11.34
63000,110年 3月,塑膠製品類,93.01,12.74
63000,110年 3月,油漆塗料類,100,0
63000,110年 3月,機電設備類,94.48,3.39
63000,110年 3月,瀝青及其製品類,99.39,-3.08
63000,110年 3月,雜項材料類,94.52,0.71
63000,110年 3月,勞務類,98.27,5.29
63000,110年 3月,工資類,97.83,8.63
63000,110年 3月,機具設備租金類,98.8,1.51
63000,110年 4月,總指數,97.77,7.38
63000,110年 4月,材料類,96.84,7.86
63000,110年 4月,水泥及其製品類,98.13,1.13
63000,110年 4月,砂石及級配類,100,-10.92
63000,110年 4月,磚瓦瓷類,99.86,-1.95
63000,110年 4月,金屬製品類,94.25,21.61
63000,110年 4月,木材及其製品類,97.7,12.75
63000,110年 4月,塑膠製品類,102.95,28.33
63000,110年 4月,油漆塗料類,100,0
63000,110年 4月,機電設備類,96.13,6.17
63000,110年 4月,瀝青及其製品類,99.39,-2.9
63000,110年 4月,雜項材料類,96.62,2.95
63000,110年 4月,勞務類,99.43,6.52
63000,110年 4月,工資類,99.74,10.7
63000,110年 4月,機具設備租金類,99.07,1.78
63000,110年 5月,總指數,99.29,9.31
63000,110年 5月,材料類,99.11,10.83
63000,110年 5月,水泥及其製品類,98.21,1.21
63000,110年 5月,砂石及級配類,100,-10.92
63000,110年 5月,磚瓦瓷類,99.86,-1.95
63000,110年 5月,金屬製品類,99.57,28.18
63000,110年 5月,木材及其製品類,101.37,16.98
63000,110年 5月,塑膠製品類,102.95,30.25
63000,110年 5月,油漆塗料類,100,0
63000,110年 5月,機電設備類,98.26,10.82
63000,110年 5月,瀝青及其製品類,100.03,0.15
63000,110年 5月,雜項材料類,98.5,4.96
63000,110年 5月,勞務類,99.61,6.71
63000,110年 5月,工資類,99.93,10.91
63000,110年 5月,機具設備租金類,99.22,1.93
63000,110年 6月,總指數,100.67,10.43
63000,110年 6月,材料類,101.03,12.36
63000,110年 6月,水泥及其製品類,98.21,1.21
63000,110年 6月,砂石及級配類,100,-10.92
63000,110年 6月,磚瓦瓷類,100.18,-1.64
63000,110年 6月,金屬製品類,103.76,32.37
63000,110年 6月,木材及其製品類,101.63,17.31
63000,110年 6月,塑膠製品類,101.53,27.31
63000,110年 6月,油漆塗料類,100,0
63000,110年 6月,機電設備類,101.07,12.97
63000,110年 6月,瀝青及其製品類,100.34,0.95
63000,110年 6月,雜項材料類,102.21,5.56
63000,110年 6月,勞務類,100,7.08
63000,110年 6月,工資類,100.16,11.08
63000,110年 6月,機具設備租金類,99.82,2.55
63000,110年 7月,總指數,101.64,11.36
63000,110年 7月,材料類,102.22,13.55
63000,110年 7月,水泥及其製品類,100.29,3.25
63000,110年 7月,砂石及級配類,100,-10.92
63000,110年 7月,磚瓦瓷類,100.18,-0.39
63000,110年 7月,金屬製品類,104.98,34.14
63000,110年 7月,木材及其製品類,101.63,17.31
63000,110年 7月,塑膠製品類,98.85,22.13
63000,110年 7月,油漆塗料類,100,0
63000,110年 7月,機電設備類,102.24,13.27
63000,110年 7月,瀝青及其製品類,100.34,0.96
63000,110年 7月,雜項材料類,103.12,6.58
63000,110年 7月,勞務類,100.57,7.56
63000,110年 7月,工資類,101.11,11.92
63000,110年 7月,機具設備租金類,99.9,2.57
63000,110年 8月,總指數,101.97,11.29
63000,110年 8月,材料類,102.54,13.44
63000,110年 8月,水泥及其製品類,101.33,4.33
63000,110年 8月,砂石及級配類,100,-10.92
63000,110年 8月,磚瓦瓷類,100.18,-0.39
63000,110年 8月,金屬製品類,104.82,32.42
63000,110年 8月,木材及其製品類,101.63,17.31
63000,110年 8月,塑膠製品類,98.92,23.74
63000,110年 8月,油漆塗料類,100,0
63000,110年 8月,機電設備類,102.39,12.34
63000,110年 8月,瀝青及其製品類,100.34,0.96
63000,110年 8月,雜項材料類,103.43,6.9
63000,110年 8月,勞務類,100.93,7.54
63000,110年 8月,工資類,101.17,11.71
63000,110年 8月,機具設備租金類,100.64,2.82
63000,110年 9月,總指數,102.15,11.01
63000,110年 9月,材料類,102.74,13.14
63000,110年 9月,水泥及其製品類,101.33,4.33
63000,110年 9月,砂石及級配類,100,-10.92
63000,110年 9月,磚瓦瓷類,100.18,-0.39
63000,110年 9月,金屬製品類,105.24,31.48
63000,110年 9月,木材及其製品類,102.44,18.69
63000,110年 9月,塑膠製品類,99.39,19.11
63000,110年 9月,油漆塗料類,100,0
63000,110年 9月,機電設備類,102.31,12.04
63000,110年 9月,瀝青及其製品類,100.34,0.96
63000,110年 9月,雜項材料類,104.04,7.53
63000,110年 9月,勞務類,101.08,7.31
63000,110年 9月,工資類,101.4,11.55
63000,110年 9月,機具設備租金類,100.67,2.49
63000,110年 10月,總指數,102.6,10.84
63000,110年 10月,材料類,103.27,13.75
63000,110年 10月,水泥及其製品類,101.82,4.83
63000,110年 10月,砂石及級配類,100,-10.92
63000,110年 10月,磚瓦瓷類,100.18,-0.39
63000,110年 10月,金屬製品類,106.16,32.52
63000,110年 10月,木材及其製品類,103.03,19.37
63000,110年 10月,塑膠製品類,103.36,18.62
63000,110年 10月,油漆塗料類,100,0
63000,110年 10月,機電設備類,103.14,12.72
63000,110年 10月,瀝青及其製品類,100.34,0.96
63000,110年 10月,雜項材料類,101.14,7.84
63000,110年 10月,勞務類,101.41,5.9
63000,110年 10月,工資類,101.82,8.66
63000,110年 10月,機具設備租金類,100.9,2.67
63000,110年 11月,總指數,103.13,10.9
63000,110年 11月,材料類,103.84,13.71
63000,110年 11月,水泥及其製品類,102.7,5.74
63000,110年 11月,砂石及級配類,100,-10.92
63000,110年 11月,磚瓦瓷類,100.18,0.89
63000,110年 11月,金屬製品類,105,28.9
63000,110年 11月,木材及其製品類,103.64,20.08
63000,110年 11月,塑膠製品類,108.18,20.72
63000,110年 11月,油漆塗料類,100,0
63000,110年 11月,機電設備類,106.08,16.05
63000,110年 11月,瀝青及其製品類,100.34,0.96
63000,110年 11月,雜項材料類,104.05,10.93
63000,110年 11月,勞務類,101.85,6.09
63000,110年 11月,工資類,102.18,8.53
63000,110年 11月,機具設備租金類,101.44,3.23
63000,110年 12月,總指數,103.43,9.92
63000,110年 12月,材料類,103.78,11.76
63000,110年 12月,水泥及其製品類,104.68,7.78
63000,110年 12月,砂石及級配類,100,-10.92
63000,110年 12月,磚瓦瓷類,100.18,0.89
63000,110年 12月,金屬製品類,102.69,20.03
63000,110年 12月,木材及其製品類,103.64,17.98
63000,110年 12月,塑膠製品類,107.35,18.75
63000,110年 12月,油漆塗料類,100,0
63000,110年 12月,機電設備類,106.91,15.71
63000,110年 12月,瀝青及其製品類,100.34,0.96
63000,110年 12月,雜項材料類,104.07,10.96
63000,110年 12月,勞務類,102.8,6.71
63000,110年 12月,工資類,103.12,8.89
63000,110年 12月,機具設備租金類,102.41,4.15
63000,111年 1月,總指數,103.73,8.7
63000,111年 1月,材料類,104.06,9.74
63000,111年 1月,水泥及其製品類,106.24,8.83
63000,111年 1月,砂石及級配類,100,0
63000,111年 1月,磚瓦瓷類,101.46,2.18
63000,111年 1月,金屬製品類,101.85,11.32
63000,111年 1月,木材及其製品類,104.84,12.18
63000,111年 1月,塑膠製品類,105.93,15.45
63000,111年 1月,油漆塗料類,100,0
63000,111年 1月,機電設備類,107.55,15.19
63000,111年 1月,瀝青及其製品類,100.34,0.96
63000,111年 1月,雜項材料類,104.15,11.04
63000,111年 1月,勞務類,103.13,6.86
63000,111年 1月,工資類,103.27,8.7
63000,111年 1月,機具設備租金類,102.97,4.67
63000,111年 2月,總指數,104.54,9.43
63000,111年 2月,材料類,105.14,11.35
63000,111年 2月,水泥及其製品類,107.06,9.67
63000,111年 2月,砂石及級配類,101.07,1.07
63000,111年 2月,磚瓦瓷類,102.02,2.16
63000,111年 2月,金屬製品類,103.8,15.21
63000,111年 2月,木材及其製品類,104.85,12.15
63000,111年 2月,塑膠製品類,103.03,12.29
63000,111年 2月,油漆塗料類,100,0
63000,111年 2月,機電設備類,108.31,15.69
63000,111年 2月,瀝青及其製品類,100.95,1.57
63000,111年 2月,雜項材料類,105.56,11.69
63000,111年 2月,勞務類,103.47,6.09
63000,111年 2月,工資類,103.44,7.15
63000,111年 2月,機具設備租金類,103.5,4.81
63000,111年 3月,總指數,106.65,10.63
63000,111年 3月,材料類,108.11,13.37
63000,111年 3月,水泥及其製品類,107.93,10.08
63000,111年 3月,砂石及級配類,102.98,2.98
63000,111年 3月,磚瓦瓷類,102.02,2.16
63000,111年 3月,金屬製品類,110.01,19.67
63000,111年 3月,木材及其製品類,106.95,11.03
63000,111年 3月,塑膠製品類,103.9,11.71
63000,111年 3月,油漆塗料類,100,0
63000,111年 3月,機電設備類,109.88,16.3
63000,111年 3月,瀝青及其製品類,102.67,3.3
63000,111年 3月,雜項材料類,108.24,14.52
63000,111年 3月,勞務類,104.02,5.85
63000,111年 3月,工資類,103.91,6.21
63000,111年 3月,機具設備租金類,104.16,5.42
63000,111年 4月,總指數,108.23,10.7
63000,111年 4月,材料類,110.35,13.95
63000,111年 4月,水泥及其製品類,109.87,11.96
63000,111年 4月,砂石及級配類,103.67,3.67
63000,111年 4月,磚瓦瓷類,102.02,2.16
63000,111年 4月,金屬製品類,113.49,20.42
63000,111年 4月,木材及其製品類,109.23,11.8
63000,111年 4月,塑膠製品類,105.8,2.76
63000,111年 4月,油漆塗料類,100,0
63000,111年 4月,機電設備類,111.39,15.88
63000,111年 4月,瀝青及其製品類,104.5,5.14
63000,111年 4月,雜項材料類,108.57,12.37
63000,111年 4月,勞務類,104.41,5
63000,111年 4月,工資類,104.13,4.4
63000,111年 4月,機具設備租金類,104.75,5.73
63000,111年 5月,總指數,108.32,9.1
63000,111年 5月,材料類,110.32,11.31
63000,111年 5月,水泥及其製品類,111.99,14.03
63000,111年 5月,砂石及級配類,104.35,4.35
63000,111年 5月,磚瓦瓷類,105.17,5.31
63000,111年 5月,金屬製品類,110.66,11.13
63000,111年 5月,木材及其製品類,109.24,7.77
63000,111年 5月,塑膠製品類,105.8,2.76
63000,111年 5月,油漆塗料類,100,0
63000,111年 5月,機電設備類,112.23,14.21
63000,111年 5月,瀝青及其製品類,105.36,5.33
63000,111年 5月,雜項材料類,109.32,10.98
63000,111年 5月,勞務類,104.7,5.11
63000,111年 5月,工資類,104.24,4.31
63000,111年 5月,機具設備租金類,105.26,6.09
63000,111年 6月,總指數,108.81,8.09
63000,111年 6月,材料類,111.08,9.95
63000,111年 6月,水泥及其製品類,114,16.08
63000,111年 6月,砂石及級配類,104.35,4.35
63000,111年 6月,磚瓦瓷類,105.17,4.98
63000,111年 6月,金屬製品類,110.59,6.58
63000,111年 6月,木材及其製品類,109.24,7.48
63000,111年 6月,塑膠製品類,103.66,2.09
63000,111年 6月,油漆塗料類,101.36,1.36
63000,111年 6月,機電設備類,110.94,9.76
63000,111年 6月,瀝青及其製品類,105.36,5
63000,111年 6月,雜項材料類,114.44,11.97
63000,111年 6月,勞務類,104.73,4.72
63000,111年 6月,工資類,104.29,4.13
63000,111年 6月,機具設備租金類,105.26,5.45
63000,111年 7月,總指數,108.65,6.9
63000,111年 7月,材料類,110.53,8.12
63000,111年 7月,水泥及其製品類,118.03,17.69
63000,111年 7月,砂石及級配類,104.35,4.35
63000,111年 7月,磚瓦瓷類,104.96,4.77
63000,111年 7月,金屬製品類,104.21,-0.74
63000,111年 7月,木材及其製品類,109.24,7.48
63000,111年 7月,塑膠製品類,102.29,3.48
63000,111年 7月,油漆塗料類,101.36,1.36
63000,111年 7月,機電設備類,111.51,9.07
63000,111年 7月,瀝青及其製品類,108.84,8.47
63000,111年 7月,雜項材料類,114.46,11
63000,111年 7月,勞務類,105.29,4.69
63000,111年 7月,工資類,105.18,4.02
63000,111年 7月,機具設備租金類,105.41,5.52
63000,111年 8月,總指數,107.76,5.68
63000,111年 8月,材料類,109.07,6.37
63000,111年 8月,水泥及其製品類,118.12,16.57
63000,111年 8月,砂石及級配類,104.35,4.35
63000,111年 8月,磚瓦瓷類,106.23,6.05
63000,111年 8月,金屬製品類,101.11,-3.54
63000,111年 8月,木材及其製品類,109.24,7.48
63000,111年 8月,塑膠製品類,98.41,-0.51
63000,111年 8月,油漆塗料類,101.36,1.36
63000,111年 8月,機電設備類,108.12,5.59
63000,111年 8月,瀝青及其製品類,108.84,8.47
63000,111年 8月,雜項材料類,115.42,11.6
63000,111年 8月,勞務類,105.38,4.41
63000,111年 8月,工資類,105.35,4.13
63000,111年 8月,機具設備租金類,105.42,4.76
63000,111年 9月,總指數,108.46,6.18
63000,111年 9月,材料類,110.07,7.13
63000,111年 9月,水泥及其製品類,119.66,18.09
63000,111年 9月,砂石及級配類,107.34,7.34
63000,111年 9月,磚瓦瓷類,106.23,6.05
63000,111年 9月,金屬製品類,102.06,-3.02
63000,111年 9月,木材及其製品類,108.28,5.7
63000,111年 9月,塑膠製品類,95.2,-4.22
63000,111年 9月,油漆塗料類,101.36,1.36
63000,111年 9月,機電設備類,109.72,7.24
63000,111年 9月,瀝青及其製品類,108.84,8.47
63000,111年 9月,雜項材料類,115.46,10.98
63000,111年 9月,勞務類,105.57,4.44
63000,111年 9月,工資類,105.43,3.97
63000,111年 9月,機具設備租金類,105.73,5.02
63000,111年 10月,總指數,108.06,5.32
63000,111年 10月,材料類,109.4,5.93
63000,111年 10月,水泥及其製品類,119.66,17.52
63000,111年 10月,砂石及級配類,107.34,7.34
63000,111年 10月,磚瓦瓷類,106.23,6.05
63000,111年 10月,金屬製品類,100.55,-5.28
63000,111年 10月,木材及其製品類,108.46,5.26
63000,111年 10月,塑膠製品類,95.2,-7.9
63000,111年 10月,油漆塗料類,101.36,1.36
63000,111年 10月,機電設備類,109.72,6.38
63000,111年 10月,瀝青及其製品類,108.84,8.47
63000,111年 10月,雜項材料類,112.92,11.64
63000,111年 10月,勞務類,105.64,4.17
63000,111年 10月,工資類,105.55,3.67
63000,111年 10月,機具設備租金類,105.75,4.8
63000,111年 11月,總指數,108.01,4.73
63000,111年 11月,材料類,109.29,5.25
63000,111年 11月,水泥及其製品類,121.13,17.94
63000,111年 11月,砂石及級配類,107.34,7.34
63000,111年 11月,磚瓦瓷類,106.23,6.05
63000,111年 11月,金屬製品類,98.64,-6.06
63000,111年 11月,木材及其製品類,108.41,4.61
63000,111年 11月,塑膠製品類,95.2,-12
63000,111年 11月,油漆塗料類,101.36,1.36
63000,111年 11月,機電設備類,110.14,3.83
63000,111年 11月,瀝青及其製品類,108.84,8.47
63000,111年 11月,雜項材料類,112.92,8.52
63000,111年 11月,勞務類,105.7,3.78
63000,111年 11月,工資類,105.63,3.37
63000,111年 11月,機具設備租金類,105.79,4.28
63000,111年 12月,總指數,108.59,5
63000,111年 12月,材料類,110.17,6.16
63000,111年 12月,水泥及其製品類,122.34,16.86
63000,111年 12月,砂石及級配類,107.34,7.34
63000,111年 12月,磚瓦瓷類,109.19,9
63000,111年 12月,金屬製品類,99.95,-2.68
63000,111年 12月,木材及其製品類,108.41,4.61
63000,111年 12月,塑膠製品類,94.49,-11.98
63000,111年 12月,油漆塗料類,101.36,1.36
63000,111年 12月,機電設備類,110.8,3.64
63000,111年 12月,瀝青及其製品類,108.84,8.47
63000,111年 12月,雜項材料類,112.92,8.49
63000,111年 12月,勞務類,105.74,2.86
63000,111年 12月,工資類,105.69,2.5
63000,111年 12月,機具設備租金類,105.8,3.31
63000,112年 1月,總指數,109.37,5.44
63000,112年 1月,材料類,110.85,6.53
63000,112年 1月,水泥及其製品類,122.6,15.4
63000,112年 1月,砂石及級配類,107.34,7.34
63000,112年 1月,磚瓦瓷類,109.2,7.63
63000,112年 1月,金屬製品類,101.38,-0.46
63000,112年 1月,木材及其製品類,108.42,3.41
63000,112年 1月,塑膠製品類,94.82,-10.49
63000,112年 1月,油漆塗料類,101.36,1.36
63000,112年 1月,機電設備類,111.35,3.53
63000,112年 1月,瀝青及其製品類,108.84,8.47
63000,112年 1月,雜項材料類,114.03,9.49
63000,112年 1月,勞務類,106.7,3.46
63000,112年 1月,工資類,106.79,3.41
63000,112年 1月,機具設備租金類,106.61,3.54
63000,112年 2月,總指數,109.98,5.2
63000,112年 2月,材料類,111.26,5.82
63000,112年 2月,水泥及其製品類,122.6,14.52
63000,112年 2月,砂石及級配類,107.34,6.2
63000,112年 2月,磚瓦瓷類,109.33,7.17
63000,112年 2月,金屬製品類,101.99,-1.74
63000,112年 2月,木材及其製品類,108.42,3.4
63000,112年 2月,塑膠製品類,96.18,-6.65
63000,112年 2月,油漆塗料類,101.36,1.36
63000,112年 2月,機電設備類,112.11,3.51
63000,112年 2月,瀝青及其製品類,108.84,7.82
63000,112年 2月,雜項材料類,114.07,8.06
63000,112年 2月,勞務類,107.71,4.1
63000,112年 2月,工資類,107.74,4.16
63000,112年 2月,機具設備租金類,107.69,4.05
63000,112年 3月,總指數,110.4,3.52
63000,112年 3月,材料類,111.51,3.14
63000,112年 3月,水泥及其製品類,122.6,13.59
63000,112年 3月,砂石及級配類,107.34,4.23
63000,112年 3月,磚瓦瓷類,109.33,7.17
63000,112年 3月,金屬製品類,102.89,-6.47
63000,112年 3月,木材及其製品類,108.42,1.37
63000,112年 3月,塑膠製品類,96.84,-6.8
63000,112年 3月,油漆塗料類,101.36,1.36
63000,112年 3月,機電設備類,112.02,1.95
63000,112年 3月,瀝青及其製品類,108.84,6.01
63000,112年 3月,雜項材料類,114.03,5.35
63000,112年 3月,勞務類,108.44,4.25
63000,112年 3月,工資類,109.09,4.99
63000,112年 3月,機具設備租金類,107.7,3.4
63000,112年 4月,總指數,110.46,2.06
63000,112年 4月,材料類,111.64,1.17
63000,112年 4月,水泥及其製品類,122.6,11.59
63000,112年 4月,砂石及級配類,107.34,3.54
63000,112年 4月,磚瓦瓷類,109.33,7.17
63000,112年 4月,金屬製品類,102.7,-9.51
63000,112年 4月,木材及其製品類,108.42,-0.74
63000,112年 4月,塑膠製品類,95.91,-9.35
63000,112年 4月,油漆塗料類,101.36,1.36
63000,112年 4月,機電設備類,112.66,1.14
63000,112年 4月,瀝青及其製品類,108.84,4.15
63000,112年 4月,雜項材料類,114.99,5.91
63000,112年 4月,勞務類,108.37,3.79
63000,112年 4月,工資類,109.15,4.82
63000,112年 4月,機具設備租金類,107.49,2.62
63000,112年 5月,總指數,109.91,1.47
63000,112年 5月,材料類,110.8,0.44
63000,112年 5月,水泥及其製品類,122.6,9.47
63000,112年 5月,砂石及級配類,107.34,2.87
63000,112年 5月,磚瓦瓷類,109.33,3.96
63000,112年 5月,金屬製品類,100.26,-9.4
63000,112年 5月,木材及其製品類,108.42,-0.75
63000,112年 5月,塑膠製品類,94.55,-10.63
63000,112年 5月,油漆塗料類,101.36,1.36
63000,112年 5月,機電設備類,112.65,0.37
63000,112年 5月,瀝青及其製品類,106.89,1.45
63000,112年 5月,雜項材料類,115.37,5.53
63000,112年 5月,勞務類,108.38,3.51
63000,112年 5月,工資類,109.17,4.73
63000,112年 5月,機具設備租金類,107.5,2.13
63000,112年 6月,總指數,110.05,1.14
63000,112年 6月,材料類,110.74,-0.31
63000,112年 6月,水泥及其製品類,122.87,7.78
63000,112年 6月,砂石及級配類,107.34,2.87
63000,112年 6月,磚瓦瓷類,112.33,6.81
63000,112年 6月,金屬製品類,99.44,-10.08
63000,112年 6月,木材及其製品類,106.17,-2.81
63000,112年 6月,塑膠製品類,94.09,-9.23
63000,112年 6月,油漆塗料類,101.38,0.02
63000,112年 6月,機電設備類,112.81,1.69
63000,112年 6月,瀝青及其製品類,106.89,1.45
63000,112年 6月,雜項材料類,116.78,2.04
63000,112年 6月,勞務類,108.92,4
63000,112年 6月,工資類,109.76,5.24
63000,112年 6月,機具設備租金類,107.99,2.59
63000,112年 7月,總指數,110.06,1.3
63000,112年 7月,材料類,110.67,0.13
63000,112年 7月,水泥及其製品類,123.16,4.35
63000,112年 7月,砂石及級配類,109.16,4.61
63000,112年 7月,磚瓦瓷類,109.72,4.54
63000,112年 7月,金屬製品類,99.16,-4.85
63000,112年 7月,木材及其製品類,104.65,-4.2
63000,112年 7月,塑膠製品類,94.09,-8.02
63000,112年 7月,油漆塗料類,101.38,0.02
63000,112年 7月,機電設備類,112.5,0.89
63000,112年 7月,瀝青及其製品類,106.89,-1.79
63000,112年 7月,雜項材料類,116.84,2.08
63000,112年 7月,勞務類,109.06,3.58
63000,112年 7月,工資類,110.01,4.59
63000,112年 7月,機具設備租金類,107.99,2.45
63000,112年 8月,總指數,110.11,2.18
63000,112年 8月,材料類,110.75,1.54
63000,112年 8月,水泥及其製品類,123.16,4.27
63000,112年 8月,砂石及級配類,109.16,4.61
63000,112年 8月,磚瓦瓷類,109.72,3.29
63000,112年 8月,金屬製品類,99.21,-1.87
63000,112年 8月,木材及其製品類,104.65,-4.2
63000,112年 8月,塑膠製品類,94.68,-3.79
63000,112年 8月,油漆塗料類,101.38,0.02
63000,112年 8月,機電設備類,112.63,4.17
63000,112年 8月,瀝青及其製品類,106.89,-1.79
63000,112年 8月,雜項材料類,116.84,1.23
63000,112年 8月,勞務類,109.07,3.5
63000,112年 8月,工資類,110.01,4.42
63000,112年 8月,機具設備租金類,108,2.45
63000,112年 9月,總指數,110.48,1.86
63000,112年 9月,材料類,111.04,0.88
63000,112年 9月,水泥及其製品類,123.16,2.92
63000,112年 9月,砂石及級配類,109.16,1.7
63000,112年 9月,磚瓦瓷類,111.57,5.03
63000,112年 9月,金屬製品類,99.7,-2.31
63000,112年 9月,木材及其製品類,103.9,-4.05
63000,112年 9月,塑膠製品類,96.88,1.76
63000,112年 9月,油漆塗料類,101.38,0.02
63000,112年 9月,機電設備類,112.7,2.72
63000,112年 9月,瀝青及其製品類,107.49,-1.24
63000,112年 9月,雜項材料類,116.84,1.2
63000,112年 9月,勞務類,109.59,3.81
63000,112年 9月,工資類,110.63,1.93
63000,112年 9月,機具設備租金類,108.41,2.53
63000,112年 10月,總指數,110.56,2.31
63000,112年 10月,材料類,110.89,1.36
63000,112年 10月,水泥及其製品類,123.16,2.92
63000,112年 10月,砂石及級配類,109.16,1.7
63000,112年 10月,磚瓦瓷類,111.57,5.03
63000,112年 10月,金屬製品類,99.46,-1.08
63000,112年 10月,木材及其製品類,103.9,-4.2
63000,112年 10月,塑膠製品類,96.22,1.07
63000,112年 10月,油漆塗料類,101.38,0.02
63000,112年 10月,機電設備類,112.88,2.88
63000,112年 10月,瀝青及其製品類,106.89,-1.79
63000,112年 10月,雜項材料類,116.29,2.98
63000,112年 10月,勞務類,110.11,4.23
63000,112年 10月,工資類,111.61,5.74
63000,112年 10月,機具設備租金類,108.41,2.52
63000,112年 11月,總指數,110.17,2
63000,112年 11月,材料類,110.28,0.91
63000,112年 11月,水泥及其製品類,123.16,1.68
63000,112年 11月,砂石及級配類,109.16,1.7
63000,112年 11月,磚瓦瓷類,111.57,5.03
63000,112年 11月,金屬製品類,98.82,0.18
63000,112年 11月,木材及其製品類,103.9,-4.16
63000,112年 11月,塑膠製品類,90.31,-5.14
63000,112年 11月,油漆塗料類,101.38,0.02
63000,112年 11月,機電設備類,112.35,2.01
63000,112年 11月,瀝青及其製品類,106.89,-1.79
63000,112年 11月,雜項材料類,116.16,2.87
63000,112年 11月,勞務類,110.16,4.22
63000,112年 11月,工資類,111.55,5.6
63000,112年 11月,機具設備租金類,108.58,2.64
63000,112年 12月,總指數,110.43,1.69
63000,112年 12月,材料類,110.66,0.44
63000,112年 12月,水泥及其製品類,123.16,0.67
63000,112年 12月,砂石及級配類,109.16,1.7
63000,112年 12月,磚瓦瓷類,111.57,2.18
63000,112年 12月,金屬製品類,99.98,0.03
63000,112年 12月,木材及其製品類,103.9,-4.16
63000,112年 12月,塑膠製品類,91.21,-3.47
63000,112年 12月,油漆塗料類,101.38,0.02
63000,112年 12月,機電設備類,112.48,1.52
63000,112年 12月,瀝青及其製品類,106.89,-1.79
63000,112年 12月,雜項材料類,116.16,2.87
63000,112年 12月,勞務類,110.17,4.19
63000,112年 12月,工資類,111.58,5.57
63000,112年 12月,機具設備租金類,108.58,2.63
63000,113年 1月,總指數,110.93,1.43
63000,113年 1月,材料類,111.41,0.51
63000,113年 1月,水泥及其製品類,125.13,2.06
63000,113年 1月,砂石及級配類,109.16,1.7
63000,113年 1月,磚瓦瓷類,111.57,2.17
63000,113年 1月,金屬製品類,100.76,-0.61
63000,113年 1月,木材及其製品類,103.9,-4.17
63000,113年 1月,塑膠製品類,90.82,-4.22
63000,113年 1月,油漆塗料類,101.38,0.02
63000,113年 1月,機電設備類,112.52,1.05
63000,113年 1月,瀝青及其製品類,106.89,-1.79
63000,113年 1月,雜項材料類,117.38,2.94
63000,113年 1月,勞務類,110.19,3.27
63000,113年 1月,工資類,111.58,4.49
63000,113年 1月,機具設備租金類,108.61,1.88
63000,113年 2月,總指數,111.04,0.96
63000,113年 2月,材料類,111.57,0.28
63000,113年 2月,水泥及其製品類,125.43,2.31
63000,113年 2月,砂石及級配類,109.16,1.7
63000,113年 2月,磚瓦瓷類,111.57,2.05
63000,113年 2月,金屬製品類,100.96,-1.01
63000,113年 2月,木材及其製品類,103.9,-4.17
63000,113年 2月,塑膠製品類,91.47,-4.9
63000,113年 2月,油漆塗料類,101.38,0.02
63000,113年 2月,機電設備類,112.5,0.35
63000,113年 2月,瀝青及其製品類,106.89,-1.79
63000,113年 2月,雜項材料類,117.45,2.96
63000,113年 2月,勞務類,110.19,2.3
63000,113年 2月,工資類,111.58,3.56
63000,113年 2月,機具設備租金類,108.61,0.85
63000,113年 3月,總指數,110.84,0.4
63000,113年 3月,材料類,111.46,-0.04
63000,113年 3月,水泥及其製品類,125.58,2.43
63000,113年 3月,砂石及級配類,109.16,1.7
63000,113年 3月,磚瓦瓷類,111.57,2.05
63000,113年 3月,金屬製品類,100.24,-2.58
63000,113年 3月,木材及其製品類,103.9,-4.17
63000,113年 3月,塑膠製品類,92.5,-4.48
63000,113年 3月,油漆塗料類,101.38,0.02
63000,113年 3月,機電設備類,112.48,0.41
63000,113年 3月,瀝青及其製品類,106.28,-2.35
63000,113年 3月,雜項材料類,117.82,3.32
63000,113年 3月,勞務類,109.84,1.29
63000,113年 3月,工資類,111.58,2.28
63000,113年 3月,機具設備租金類,107.85,0.14
63000,113年 4月,總指數,111.06,0.54
63000,113年 4月,材料類,111.79,0.13
63000,113年 4月,水泥及其製品類,125.69,2.52
63000,113年 4月,砂石及級配類,109.16,1.7
63000,113年 4月,磚瓦瓷類,111.57,2.05
63000,113年 4月,金屬製品類,100.56,-2.08
63000,113年 4月,木材及其製品類,103.9,-4.17
63000,113年 4月,塑膠製品類,92.5,-3.56
63000,113年 4月,油漆塗料類,101.38,0.02
63000,113年 4月,機電設備類,113.25,0.52
63000,113年 4月,瀝青及其製品類,105.97,-2.64
63000,113年 4月,雜項材料類,118.63,3.17
63000,113年 4月,勞務類,109.84,1.36
63000,113年 4月,工資類,111.58,2.23
63000,113年 4月,機具設備租金類,107.85,0.33
63000,113年 5月,總指數,111.71,1.64
63000,113年 5月,材料類,112.71,1.72
63000,113年 5月,水泥及其製品類,125.75,2.57
63000,113年 5月,砂石及級配類,109.16,1.7
63000,113年 5月,磚瓦瓷類,111.68,2.15
63000,113年 5月,金屬製品類,100.84,0.58
63000,113年 5月,木材及其製品類,103.9,-4.17
63000,113年 5月,塑膠製品類,92.5,-2.17
63000,113年 5月,油漆塗料類,101.38,0.02
63000,113年 5月,機電設備類,116.91,3.78
63000,113年 5月,瀝青及其製品類,105.97,-0.86
63000,113年 5月,雜項材料類,118.79,2.96
63000,113年 5月,勞務類,109.97,1.47
63000,113年 5月,工資類,111.58,2.21
63000,113年 5月,機具設備租金類,108.14,0.6
63000,113年 6月,總指數,111.86,1.64
63000,113年 6月,材料類,112.94,1.99
63000,113年 6月,水泥及其製品類,125.85,2.43
63000,113年 6月,砂石及級配類,109.16,1.7
63000,113年 6月,磚瓦瓷類,111.68,-0.58
63000,113年 6月,金屬製品類,100.09,0.65
63000,113年 6月,木材及其製品類,103.9,-2.14
63000,113年 6月,塑膠製品類,93.45,-0.68
63000,113年 6月,油漆塗料類,101.38,0
63000,113年 6月,機電設備類,118.11,4.7
63000,113年 6月,瀝青及其製品類,105.97,-0.86
63000,113年 6月,雜項材料類,119.82,2.6
63000,113年 6月,勞務類,109.97,0.96
63000,113年 6月,工資類,111.58,1.66
63000,113年 6月,機具設備租金類,108.14,0.14
63000,113年 7月,總指數,111.85,1.63
63000,113年 7月,材料類,112.93,2.04
63000,113年 7月,水泥及其製品類,125.88,2.21
63000,113年 7月,砂石及級配類,109.16,0
63000,113年 7月,磚瓦瓷類,111.68,1.79
63000,113年 7月,金屬製品類,100.24,1.09
63000,113年 7月,木材及其製品類,103.9,-0.72
63000,113年 7月,塑膠製品類,94.36,0.29
63000,113年 7月,油漆塗料類,101.38,0
63000,113年 7月,機電設備類,117.61,4.54
63000,113年 7月,瀝青及其製品類,105.97,-0.86
63000,113年 7月,雜項材料類,119.83,2.56
63000,113年 7月,勞務類,109.97,0.83
63000,113年 7月,工資類,111.58,1.43
63000,113年 7月,機具設備租金類,108.14,0.14
63000,113年 8月,總指數,111.66,1.41
63000,113年 8月,材料類,112.64,1.71
63000,113年 8月,水泥及其製品類,125.88,2.21
63000,113年 8月,砂石及級配類,109.16,0
63000,113年 8月,磚瓦瓷類,111.68,1.79
63000,113年 8月,金屬製品類,99.27,0.06
63000,113年 8月,木材及其製品類,103.9,-0.72
63000,113年 8月,塑膠製品類,94.36,-0.34
63000,113年 8月,油漆塗料類,101.38,0
63000,113年 8月,機電設備類,117.48,4.31
63000,113年 8月,瀝青及其製品類,105.97,-0.86
63000,113年 8月,雜項材料類,119.85,2.58
63000,113年 8月,勞務類,109.97,0.83
63000,113年 8月,工資類,111.58,1.43
63000,113年 8月,機具設備租金類,108.14,0.13
63000,113年 9月,總指數,111.53,0.95
63000,113年 9月,材料類,112.45,1.27
63000,113年 9月,水泥及其製品類,125.88,2.21
63000,113年 9月,砂石及級配類,109.16,0
63000,113年 9月,磚瓦瓷類,111.68,0.1
63000,113年 9月,金屬製品類,98.62,-1.08
63000,113年 9月,木材及其製品類,103.9,0
63000,113年 9月,塑膠製品類,94.36,-2.6
63000,113年 9月,油漆塗料類,101.38,0
63000,113年 9月,機電設備類,116.93,3.75
63000,113年 9月,瀝青及其製品類,105.97,-1.41
63000,113年 9月,雜項材料類,120.99,3.55
63000,113年 9月,勞務類,109.97,0.35
63000,113年 9月,工資類,111.58,0.86
63000,113年 9月,機具設備租金類,108.14,-0.25
63000,113年 10月,總指數,111.72,1.05
63000,113年 10月,材料類,112.58,1.52
63000,113年 10月,水泥及其製品類,125.92,2.24
63000,113年 10月,砂石及級配類,109.16,0
63000,113年 10月,磚瓦瓷類,111.68,0.1
63000,113年 10月,金屬製品類,98.32,-1.15
63000,113年 10月,木材及其製品類,103.9,0
63000,113年 10月,塑膠製品類,94.36,-1.93
63000,113年 10月,油漆塗料類,101.48,0.1
63000,113年 10月,機電設備類,117.88,4.43
63000,113年 10月,瀝青及其製品類,105.97,-0.86
63000,113年 10月,雜項材料類,120.91,3.97
63000,113年 10月,勞務類,110.26,0.14
63000,113年 10月,工資類,112.13,0.47
63000,113年 10月,機具設備租金類,108.14,-0.25
63000,113年 11月,總指數,112.27,1.91
63000,113年 11月,材料類,112.99,2.46
63000,113年 11月,水泥及其製品類,125.98,2.29
63000,113年 11月,砂石及級配類,109.16,0
63000,113年 11月,磚瓦瓷類,111.68,0.1
63000,113年 11月,金屬製品類,98.65,-0.17
63000,113年 11月,木材及其製品類,103.9,0
63000,113年 11月,塑膠製品類,95.05,5.25
63000,113年 11月,油漆塗料類,101.48,0.1
63000,113年 11月,機電設備類,118.48,5.46
63000,113年 11月,瀝青及其製品類,107.54,0.61
63000,113年 11月,雜項材料類,121.21,4.35
63000,113年 11月,勞務類,111.06,0.82
63000,113年 11月,工資類,112.75,1.08
63000,113年 11月,機具設備租金類,109.14,0.52
63000,113年 12月,總指數,112.07,1.49
63000,113年 12月,材料類,112.7,1.84
63000,113年 12月,水泥及其製品類,126.03,2.33
63000,113年 12月,砂石及級配類,109.16,0
63000,113年 12月,磚瓦瓷類,111.68,0.1
63000,113年 12月,金屬製品類,97.81,-2.17
63000,113年 12月,木材及其製品類,103.9,0
63000,113年 12月,塑膠製品類,95.05,4.21
63000,113年 12月,油漆塗料類,101.48,0.1
63000,113年 12月,機電設備類,117.85,4.77
63000,113年 12月,瀝青及其製品類,108.33,1.35
63000,113年 12月,雜項材料類,121.23,4.36
63000,113年 12月,勞務類,111.06,0.81
63000,113年 12月,工資類,112.75,1.05
63000,113年 12月,機具設備租金類,109.14,0.52
63000,114年 1月,總指數,112.05,1.01
63000,114年 1月,材料類,112.74,1.19
63000,114年 1月,水泥及其製品類,126.09,0.77
63000,114年 1月,砂石及級配類,109.16,0
63000,114年 1月,磚瓦瓷類,111.68,0.1
63000,114年 1月,金屬製品類,97.17,-3.56
63000,114年 1月,木材及其製品類,104.1,0.19
63000,114年 1月,塑膠製品類,95.05,4.66
63000,114年 1月,油漆塗料類,101.48,0.1
63000,114年 1月,機電設備類,117.95,4.83
63000,114年 1月,瀝青及其製品類,110.3,3.19
63000,114年 1月,雜項材料類,121.58,3.58
63000,114年 1月,勞務類,110.91,0.65
63000,114年 1月,工資類,112.75,1.05
63000,114年 1月,機具設備租金類,108.8,0.17
63000,114年 2月,總指數,112.46,1.28
63000,114年 2月,材料類,113,1.28
63000,114年 2月,水泥及其製品類,126.12,0.55
63000,114年 2月,砂石及級配類,109.16,0
63000,114年 2月,磚瓦瓷類,111.68,0.1
63000,114年 2月,金屬製品類,97.7,-3.23
63000,114年 2月,木材及其製品類,104.1,0.19
63000,114年 2月,塑膠製品類,95.05,3.91
63000,114年 2月,油漆塗料類,101.48,0.1
63000,114年 2月,機電設備類,118.36,5.21
63000,114年 2月,瀝青及其製品類,110.3,3.19
63000,114年 2月,雜項材料類,121.7,3.62
63000,114年 2月,勞務類,111.61,1.29
63000,114年 2月,工資類,113.41,1.64
63000,114年 2月,機具設備租金類,109.55,0.87
63000,114年 3月,總指數,112.81,1.78
63000,114年 3月,材料類,113.45,1.79
63000,114年 3月,水泥及其製品類,126.12,0.43
63000,114年 3月,砂石及級配類,109.16,0
63000,114年 3月,磚瓦瓷類,116.88,4.76
63000,114年 3月,金屬製品類,98.41,-1.83
63000,114年 3月,木材及其製品類,104.1,0.19
63000,114年 3月,塑膠製品類,95.05,2.76
63000,114年 3月,油漆塗料類,101.48,0.1
63000,114年 3月,機電設備類,119.44,6.19
63000,114年 3月,瀝青及其製品類,110.3,3.78
63000,114年 3月,雜項材料類,121.7,3.29
63000,114年 3月,勞務類,111.75,1.74
63000,114年 3月,工資類,113.41,1.64
63000,114年 3月,機具設備租金類,109.86,1.86
63000,114年 4月,總指數,112.87,1.63
63000,114年 4月,材料類,113.51,1.54
63000,114年 4月,水泥及其製品類,126.12,0.34
63000,114年 4月,砂石及級配類,109.16,0
63000,114年 4月,磚瓦瓷類,116.88,4.76
63000,114年 4月,金屬製品類,97.56,-2.98
63000,114年 4月,木材及其製品類,104.1,0.19
63000,114年 4月,塑膠製品類,95.05,2.76
63000,114年 4月,油漆塗料類,101.48,0.1
63000,114年 4月,機電設備類,120.66,6.54
63000,114年 4月,瀝青及其製品類,110.3,4.09
63000,114年 4月,雜項材料類,121.81,2.68
63000,114年 4月,勞務類,111.82,1.8
63000,114年 4月,工資類,113.41,1.64
63000,114年 4月,機具設備租金類,110.02,2.01
63000,114年 5月,總指數,112.75,0.93
63000,114年 5月,材料類,113.06,0.31
63000,114年 5月,水泥及其製品類,126.12,0.29
63000,114年 5月,砂石及級配類,109.16,0
63000,114年 5月,磚瓦瓷類,116.88,4.66
63000,114年 5月,金屬製品類,96.48,-4.32
63000,114年 5月,木材及其製品類,104.1,0.19
63000,114年 5月,塑膠製品類,95.05,2.76
63000,114年 5月,油漆塗料類,101.48,0.1
63000,114年 5月,機電設備類,119.71,2.4
63000,114年 5月,瀝青及其製品類,110.3,4.09
63000,114年 5月,雜項材料類,122.45,3.08
63000,114年 5月,勞務類,112.33,2.15
63000,114年 5月,工資類,114.35,2.48
63000,114年 5月,機具設備租金類,110.02,1.74
63000,114年 6月,總指數,112.67,0.72
63000,114年 6月,材料類,112.95,0.01
63000,114年 6月,水泥及其製品類,126.12,0.21
63000,114年 6月,砂石及級配類,109.16,0
63000,114年 6月,磚瓦瓷類,116.88,4.66
63000,114年 6月,金屬製品類,95.41,-4.68
63000,114年 6月,木材及其製品類,104.1,0.19
63000,114年 6月,塑膠製品類,95.05,1.71
63000,114年 6月,油漆塗料類,101.48,0.1
63000,114年 6月,機電設備類,120.17,1.74
63000,114年 6月,瀝青及其製品類,110.3,4.09
63000,114年 6月,雜項材料類,123.26,2.87
63000,114年 6月,勞務類,112.33,2.15
63000,114年 6月,工資類,114.35,2.48
63000,114年 6月,機具設備租金類,110.02,1.74
63000,114年 7月,總指數,112.6,0.67
63000,114年 7月,材料類,112.84,-0.08
63000,114年 7月,水泥及其製品類,126.12,0.19
63000,114年 7月,砂石及級配類,109.16,0
63000,114年 7月,磚瓦瓷類,117.09,4.84
63000,114年 7月,金屬製品類,94.31,-5.92
63000,114年 7月,木材及其製品類,104.1,0.19
63000,114年 7月,塑膠製品類,96.5,2.27
63000,114年 7月,油漆塗料類,101.48,0.1
63000,114年 7月,機電設備類,120.49,2.45
63000,114年 7月,瀝青及其製品類,110.76,4.52
63000,114年 7月,雜項材料類,123.26,2.86
63000,114年 7月,勞務類,112.33,2.15
63000,114年 7月,工資類,114.35,2.48
63000,114年 7月,機具設備租金類,110.02,1.74
63000,114年 8月,總指數,112.87,1.08
63000,114年 8月,材料類,113.26,0.55
63000,114年 8月,水泥及其製品類,126.13,0.2
63000,114年 8月,砂石及級配類,109.16,0
63000,114年 8月,磚瓦瓷類,117.09,4.84
63000,114年 8月,金屬製品類,95.62,-3.68
63000,114年 8月,木材及其製品類,103.9,0
63000,114年 8月,塑膠製品類,96.5,2.27
63000,114年 8月,油漆塗料類,101.48,0.1
63000,114年 8月,機電設備類,120.8,2.83
63000,114年 8月,瀝青及其製品類,110.76,4.52
63000,114年 8月,雜項材料類,123.26,2.85
63000,114年 8月,勞務類,112.33,2.15
63000,114年 8月,工資類,114.35,2.48
63000,114年 8月,機具設備租金類,110.02,1.74
63000,114年 9月,總指數,112.79,1.13
63000,114年 9月,材料類,113.13,0.6
63000,114年 9月,水泥及其製品類,126.13,0.2
63000,114年 9月,砂石及級配類,109.16,0
63000,114年 9月,磚瓦瓷類,117.09,4.84
63000,114年 9月,金屬製品類,95.26,-3.41
63000,114年 9月,木材及其製品類,103.9,0
63000,114年 9月,塑膠製品類,96.5,2.27
63000,114年 9月,油漆塗料類,101.48,0.1
63000,114年 9月,機電設備類,120.7,3.22
63000,114年 9月,瀝青及其製品類,110.61,4.38
63000,114年 9月,雜項材料類,123.26,1.88
63000,114年 9月,勞務類,112.33,2.15
63000,114年 9月,工資類,114.35,2.48
63000,114年 9月,機具設備租金類,110.02,1.74
63000,114年 10月,總指數,112.81,0.98
63000,114年 10月,材料類,113.16,0.52
63000,114年 10月,水泥及其製品類,126.04,0.1
63000,114年 10月,砂石及級配類,109.16,0
63000,114年 10月,磚瓦瓷類,117.09,4.84
63000,114年 10月,金屬製品類,94.67,-3.71
63000,114年 10月,木材及其製品類,103.9,0
63000,114年 10月,塑膠製品類,96.5,2.27
63000,114年 10月,油漆塗料類,101.48,0
63000,114年 10月,機電設備類,121.3,2.9
63000,114年 10月,瀝青及其製品類,110.3,4.09
63000,114年 10月,雜項材料類,124.41,2.89
63000,114年 10月,勞務類,112.33,1.88
63000,114年 10月,工資類,114.35,1.98
63000,114年 10月,機具設備租金類,110.02,1.74
63000,114年 11月,總指數,113.11,0.75
63000,114年 11月,材料類,113.62,0.56
63000,114年 11月,水泥及其製品類,126.04,0.05
63000,114年 11月,砂石及級配類,109.16,0
63000,114年 11月,磚瓦瓷類,117.09,4.84
63000,114年 11月,金屬製品類,94.78,-3.92
63000,114年 11月,木材及其製品類,103.9,0
63000,114年 11月,塑膠製品類,96.5,1.53
63000,114年 11月,油漆塗料類,101.48,0
63000,114年 11月,機電設備類,123.33,4.09
63000,114年 11月,瀝青及其製品類,110.3,2.57
63000,114年 11月,雜項材料類,124.06,2.35
63000,114年 11月,勞務類,112.33,1.14
63000,114年 11月,工資類,114.35,1.42
63000,114年 11月,機具設備租金類,110.02,0.81
63000,114年 12月,總指數,113.23,1.04
63000,114年 12月,材料類,113.8,0.98
63000,114年 12月,水泥及其製品類,126.07,0.03
63000,114年 12月,砂石及級配類,109.16,0
63000,114年 12月,磚瓦瓷類,117.09,4.84
63000,114年 12月,金屬製品類,94.99,-2.88
63000,114年 12月,木材及其製品類,103.9,0
63000,114年 12月,塑膠製品類,96.5,1.53
63000,114年 12月,油漆塗料類,101.48,0
63000,114年 12月,機電設備類,123.86,5.1
63000,114年 12月,瀝青及其製品類,110.3,1.82
63000,114年 12月,雜項材料類,124.06,2.33
63000,114年 12月,勞務類,112.33,1.14
63000,114年 12月,工資類,114.35,1.42
63000,114年 12月,機具設備租金類,110.03,0.82
63000,115年 1月,總指數,114.79,2.45
63000,115年 1月,材料類,115.9,2.8
63000,115年 1月,水泥及其製品類,126.07,-0.02
63000,115年 1月,砂石及級配類,109.16,0
63000,115年 1月,磚瓦瓷類,117.09,4.84
63000,115年 1月,金屬製品類,95.55,-1.67
63000,115年 1月,木材及其製品類,103.9,-0.19
63000,115年 1月,塑膠製品類,96.5,1.53
63000,115年 1月,油漆塗料類,101.48,0
63000,115年 1月,機電設備類,129.87,10.11
63000,115年 1月,瀝青及其製品類,110.3,0
63000,115年 1月,雜項材料類,131.01,7.76
63000,115年 1月,勞務類,112.85,1.75
63000,115年 1月,工資類,114.97,1.97
63000,115年 1月,機具設備租金類,110.43,1.5
63000,115年 2月,總指數,115.8,2.97
63000,115年 2月,材料類,117.41,3.9
63000,115年 2月,水泥及其製品類,126.07,-0.04
63000,115年 2月,砂石及級配類,109.16,0
63000,115年 2月,磚瓦瓷類,117.16,4.91
63000,115年 2月,金屬製品類,96.88,-0.84
63000,115年 2月,木材及其製品類,103.9,-0.19
63000,115年 2月,塑膠製品類,94.23,-0.86
63000,115年 2月,油漆塗料類,101.48,0
63000,115年 2月,機電設備類,135.56,14.53
63000,115年 2月,瀝青及其製品類,110.3,0
63000,115年 2月,雜項材料類,131.02,7.66
63000,115年 2月,勞務類,112.89,1.15
63000,115年 2月,工資類,114.97,1.38
63000,115年 2月,機具設備租金類,110.51,0.88
63000,115年 3月,總指數,116.71,3.46
63000,115年 3月,材料類,118.7,4.63
63000,115年 3月,水泥及其製品類,126.07,-0.04
63000,115年 3月,砂石及級配類,109.39,0.21
63000,115年 3月,磚瓦瓷類,117.16,0.24
63000,115年 3月,金屬製品類,98.28,-0.13
63000,115年 3月,木材及其製品類,103.9,-0.19
63000,115年 3月,塑膠製品類,99.51,4.69
63000,115年 3月,油漆塗料類,102.43,0.94
63000,115年 3月,機電設備類,136.38,14.18
63000,115年 3月,瀝青及其製品類,116.22,5.37
63000,115年 3月,雜項材料類,131.02,7.66
63000,115年 3月,勞務類,113.08,1.19
63000,115年 3月,工資類,114.97,1.38
63000,115年 3月,機具設備租金類,110.93,0.97
63000,115年 4月,總指數,118.64,5.11
63000,115年 4月,材料類,121.53,7.07
63000,115年 4月,水泥及其製品類,126.07,-0.04
63000,115年 4月,砂石及級配類,109.85,0.63
63000,115年 4月,磚瓦瓷類,117.21,0.28
63000,115年 4月,金屬製品類,101.38,3.92
63000,115年 4月,木材及其製品類,105.48,1.33
63000,115年 4月,塑膠製品類,117.2,23.3
63000,115年 4月,油漆塗料類,105.73,4.19
63000,115年 4月,機電設備類,137.09,13.62
63000,115年 4月,瀝青及其製品類,125.21,13.52
63000,115年 4月,雜項材料類,132.81,9.03
63000,115年 4月,勞務類,113.28,1.31
63000,115年 4月,工資類,114.97,1.38
63000,115年 4月,機具設備租金類,111.35,1.21
63000,115年 5月,總指數,119.05,5.59
63000,115年 5月,材料類,122.1,8
63000,115年 5月,水泥及其製品類,126.07,-0.04
63000,115年 5月,砂石及級配類,109.16,0
63000,115年 5月,磚瓦瓷類,117.42,0.46
63000,115年 5月,金屬製品類,102.47,6.21
63000,115年 5月,木材及其製品類,106.36,2.17
63000,115年 5月,塑膠製品類,118.44,24.61
63000,115年 5月,油漆塗料類,106.21,4.66
63000,115年 5月,機電設備類,138.36,15.58
63000,115年 5月,瀝青及其製品類,124.19,12.59
63000,115年 5月,雜項材料類,132.77,8.43
63000,115年 5月,勞務類,113.38,0.93
63000,115年 5月,工資類,114.97,0.54
63000,115年 5月,機具設備租金類,111.57,1.41
63000,115年 6月,總指數,120.11,6.6
63000,115年 6月,材料類,122.89,8.8
63000,115年 6月,水泥及其製品類,126.19,0.06
63000,115年 6月,砂石及級配類,109.16,0
63000,115年 6月,磚瓦瓷類,117.53,0.56
63000,115年 6月,金屬製品類,102.16,7.07
63000,115年 6月,木材及其製品類,106.36,2.17
63000,115年 6月,塑膠製品類,116.55,22.62
63000,115年 6月,油漆塗料類,106.17,4.62
63000,115年 6月,機電設備類,141.72,17.93
63000,115年 6月,瀝青及其製品類,124.19,12.59
63000,115年 6月,雜項材料類,134.99,9.52
63000,115年 6月,勞務類,114.96,2.34
63000,115年 6月,工資類,117.59,2.83
63000,115年 6月,機具設備租金類,111.96,1.76
63000,115年 7月,總指數,119.85,6.44
63000,115年 7月,材料類,122.5,8.56
63000,115年 7月,水泥及其製品類,126.19,0.06
63000,115年 7月,砂石及級配類,109.16,0
63000,115年 7月,磚瓦瓷類,117.53,0.38
63000,115年 7月,金屬製品類,101.14,7.24
63000,115年 7月,木材及其製品類,106.75,2.55
63000,115年 7月,塑膠製品類,112.75,16.84
63000,115年 7月,油漆塗料類,106.17,4.62
63000,115年 7月,機電設備類,142.08,17.92
63000,115年 7月,瀝青及其製品類,124.19,12.13
63000,115年 7月,雜項材料類,134.99,9.52
63000,115年 7月,勞務類,114.96,2.34
63000,115年 7月,工資類,117.59,2.83
63000,115年 7月,機具設備租金類,111.96,1.76
