縣市別代碼,年月別,商品性質別分類,原始值[統計數值],年增率[%]
63000,87年1月,總指數(含食物),80.43,--
63000,87年1月,商品類(含食物),76.27,--
63000,87年1月,商品類(不含食物),99.09,--
63000,87年1月,商品類-非耐久性消費品(含食物),61.65,--
63000,87年1月,商品類-非耐久性消費品(不含食物),80.27,--
63000,87年1月,商品類-半耐久性消費品,92.74,--
63000,87年1月,商品類-耐久性消費品,148.57,--
63000,87年1月,服務類,83.51,--
63000,87年1月,服務類(不含食物),86.57,--
63000,87年1月,服務類-外食費,69.62,--
63000,87年1月,服務類-衣著,68.15,--
63000,87年1月,服務類-居住,96.43,--
63000,87年1月,服務類-交通及通訊,83.2,--
63000,87年1月,服務類-醫藥保健,64.48,--
63000,87年1月,服務類-教養娛樂,67.14,--
63000,87年1月,服務類-教養,79.68,--
63000,87年1月,服務類-娛樂,56.25,--
63000,87年1月,服務類-雜項,105.89,--
63000,87年2月,總指數(含食物),78.88,--
63000,87年2月,商品類(含食物),76.45,--
63000,87年2月,商品類(不含食物),97.87,--
63000,87年2月,商品類-非耐久性消費品(含食物),62.72,--
63000,87年2月,商品類-非耐久性消費品(不含食物),80.53,--
63000,87年2月,商品類-半耐久性消費品,88.2,--
63000,87年2月,商品類-耐久性消費品,149.55,--
63000,87年2月,服務類,80.61,--
63000,87年2月,服務類(不含食物),82.92,--
63000,87年2月,服務類-外食費,70.38,--
63000,87年2月,服務類-衣著,68.15,--
63000,87年2月,服務類-居住,95.49,--
63000,87年2月,服務類-交通及通訊,82.83,--
63000,87年2月,服務類-醫藥保健,64.48,--
63000,87年2月,服務類-教養娛樂,64.93,--
63000,87年2月,服務類-教養,79.68,--
63000,87年2月,服務類-娛樂,52.45,--
63000,87年2月,服務類-雜項,80.48,--
63000,87年3月,總指數(含食物),79.13,--
63000,87年3月,商品類(含食物),77.3,--
63000,87年3月,商品類(不含食物),97.56,--
63000,87年3月,商品類-非耐久性消費品(含食物),64.05,--
63000,87年3月,商品類-非耐久性消費品(不含食物),80.58,--
63000,87年3月,商品類-半耐久性消費品,87.06,--
63000,87年3月,商品類-耐久性消費品,149.8,--
63000,87年3月,服務類,80.34,--
63000,87年3月,服務類(不含食物),83.03,--
63000,87年3月,服務類-外食費,68.27,--
63000,87年3月,服務類-衣著,68.15,--
63000,87年3月,服務類-居住,95.52,--
63000,87年3月,服務類-交通及通訊,82.15,--
63000,87年3月,服務類-醫藥保健,64.48,--
63000,87年3月,服務類-教養娛樂,65.47,--
63000,87年3月,服務類-教養,79.7,--
63000,87年3月,服務類-娛樂,53.37,--
63000,87年3月,服務類-雜項,80.48,--
63000,87年4月,總指數(含食物),79.32,--
63000,87年4月,商品類(含食物),78.29,--
63000,87年4月,商品類(不含食物),100.18,--
63000,87年4月,商品類-非耐久性消費品(含食物),63.81,--
63000,87年4月,商品類-非耐久性消費品(不含食物),80.86,--
63000,87年4月,商品類-半耐久性消費品,95.16,--
63000,87年4月,商品類-耐久性消費品,148.61,--
63000,87年4月,服務類,79.91,--
63000,87年4月,服務類(不含食物),82.5,--
63000,87年4月,服務類-外食費,68.29,--
63000,87年4月,服務類-衣著,62.86,--
63000,87年4月,服務類-居住,95.6,--
63000,87年4月,服務類-交通及通訊,80.85,--
63000,87年4月,服務類-醫藥保健,64.48,--
63000,87年4月,服務類-教養娛樂,64.13,--
63000,87年4月,服務類-教養,79.7,--
63000,87年4月,服務類-娛樂,51.05,--
63000,87年4月,服務類-雜項,80.48,--
63000,87年5月,總指數(含食物),79.49,--
63000,87年5月,商品類(含食物),77.76,--
63000,87年5月,商品類(不含食物),99.3,--
63000,87年5月,商品類-非耐久性消費品(含食物),63.67,--
63000,87年5月,商品類-非耐久性消費品(不含食物),80.9,--
63000,87年5月,商品類-半耐久性消費品,93.48,--
63000,87年5月,商品類-耐久性消費品,147.07,--
63000,87年5月,服務類,80.64,--
63000,87年5月,服務類(不含食物),83.38,--
63000,87年5月,服務類-外食費,68.29,--
63000,87年5月,服務類-衣著,61.45,--
63000,87年5月,服務類-居住,95.78,--
63000,87年5月,服務類-交通及通訊,80.67,--
63000,87年5月,服務類-醫藥保健,64.64,--
63000,87年5月,服務類-教養娛樂,65.35,--
63000,87年5月,服務類-教養,79.7,--
63000,87年5月,服務類-娛樂,53.15,--
63000,87年5月,服務類-雜項,84.97,--
63000,87年6月,總指數(含食物),80.39,--
63000,87年6月,商品類(含食物),80.23,--
63000,87年6月,商品類(不含食物),100.38,--
63000,87年6月,商品類-非耐久性消費品(含食物),66.73,--
63000,87年6月,商品類-非耐久性消費品(不含食物),82.58,--
63000,87年6月,商品類-半耐久性消費品,93.92,--
63000,87年6月,商品類-耐久性消費品,147.93,--
63000,87年6月,服務類,80.31,--
63000,87年6月,服務類(不含食物),82.99,--
63000,87年6月,服務類-外食費,68.29,--
63000,87年6月,服務類-衣著,62.21,--
63000,87年6月,服務類-居住,95.96,--
63000,87年6月,服務類-交通及通訊,80.95,--
63000,87年6月,服務類-醫藥保健,64.64,--
63000,87年6月,服務類-教養娛樂,64.68,--
63000,87年6月,服務類-教養,79.7,--
63000,87年6月,服務類-娛樂,51.99,--
63000,87年6月,服務類-雜項,81.89,--
63000,87年7月,總指數(含食物),79.93,--
63000,87年7月,商品類(含食物),78.57,--
63000,87年7月,商品類(不含食物),98.1,--
63000,87年7月,商品類-非耐久性消費品(含食物),65.88,--
63000,87年7月,商品類-非耐久性消費品(不含食物),82.34,--
63000,87年7月,商品類-半耐久性消費品,88.07,--
63000,87年7月,商品類-耐久性消費品,147.07,--
63000,87年7月,服務類,80.8,--
63000,87年7月,服務類(不含食物),83.06,--
63000,87年7月,服務類-外食費,70.79,--
63000,87年7月,服務類-衣著,73.34,--
63000,87年7月,服務類-居住,95.06,--
63000,87年7月,服務類-交通及通訊,82.9,--
63000,87年7月,服務類-醫藥保健,65.6,--
63000,87年7月,服務類-教養娛樂,65.3,--
63000,87年7月,服務類-教養,79.78,--
63000,87年7月,服務類-娛樂,53,--
63000,87年7月,服務類-雜項,82.01,--
63000,87年8月,總指數(含食物),79.47,--
63000,87年8月,商品類(含食物),77.49,--
63000,87年8月,商品類(不含食物),96.72,--
63000,87年8月,商品類-非耐久性消費品(含食物),65.23,--
63000,87年8月,商品類-非耐久性消費品(不含食物),82.06,--
63000,87年8月,商品類-半耐久性消費品,85.5,--
63000,87年8月,商品類-耐久性消費品,145.31,--
63000,87年8月,服務類,80.82,--
63000,87年8月,服務類(不含食物),83.13,--
63000,87年8月,服務類-外食費,70.57,--
63000,87年8月,服務類-衣著,73.34,--
63000,87年8月,服務類-居住,95.05,--
63000,87年8月,服務類-交通及通訊,85.2,--
63000,87年8月,服務類-醫藥保健,61.8,--
63000,87年8月,服務類-教養娛樂,65.21,--
63000,87年8月,服務類-教養,79.78,--
63000,87年8月,服務類-娛樂,52.86,--
63000,87年8月,服務類-雜項,82.07,--
63000,87年9月,總指數(含食物),79.64,--
63000,87年9月,商品類(含食物),77.45,--
63000,87年9月,商品類(不含食物),96.53,--
63000,87年9月,商品類-非耐久性消費品(含食物),65.2,--
63000,87年9月,商品類-非耐久性消費品(不含食物),81.69,--
63000,87年9月,商品類-半耐久性消費品,85.75,--
63000,87年9月,商品類-耐久性消費品,144.81,--
63000,87年9月,服務類,81.15,--
63000,87年9月,服務類(不含食物),83.28,--
63000,87年9月,服務類-外食費,71.77,--
63000,87年9月,服務類-衣著,71.93,--
63000,87年9月,服務類-居住,95.32,--
63000,87年9月,服務類-交通及通訊,84.96,--
63000,87年9月,服務類-醫藥保健,61.8,--
63000,87年9月,服務類-教養娛樂,65.43,--
63000,87年9月,服務類-教養,81.9,--
63000,87年9月,服務類-娛樂,51.64,--
63000,87年9月,服務類-雜項,82.07,--
63000,87年10月,總指數(含食物),80.02,--
63000,87年10月,商品類(含食物),78.16,--
63000,87年10月,商品類(不含食物),97.73,--
63000,87年10月,商品類-非耐久性消費品(含食物),64.87,--
63000,87年10月,商品類-非耐久性消費品(不含食物),79.81,--
63000,87年10月,商品類-半耐久性消費品,91.75,--
63000,87年10月,商品類-耐久性消費品,144.77,--
63000,87年10月,服務類,81.26,--
63000,87年10月,服務類(不含食物),83.35,--
63000,87年10月,服務類-外食費,72.06,--
63000,87年10月,服務類-衣著,69.11,--
63000,87年10月,服務類-居住,95.49,--
63000,87年10月,服務類-交通及通訊,85.28,--
63000,87年10月,服務類-醫藥保健,61.8,--
63000,87年10月,服務類-教養娛樂,64.1,--
63000,87年10月,服務類-教養,81.89,--
63000,87年10月,服務類-娛樂,49.36,--
63000,87年10月,服務類-雜項,85.81,--
63000,87年11月,總指數(含食物),80.62,--
63000,87年11月,商品類(含食物),80.34,--
63000,87年11月,商品類(不含食物),100.92,--
63000,87年11月,商品類-非耐久性消費品(含食物),65.68,--
63000,87年11月,商品類-非耐久性消費品(不含食物),79.46,--
63000,87年11月,商品類-半耐久性消費品,101.28,--
63000,87年11月,商品類-耐久性消費品,145.27,--
63000,87年11月,服務類,80.63,--
63000,87年11月,服務類(不含食物),82.85,--
63000,87年11月,服務類-外食費,70.83,--
63000,87年11月,服務類-衣著,70.52,--
63000,87年11月,服務類-居住,95.2,--
63000,87年11月,服務類-交通及通訊,85.87,--
63000,87年11月,服務類-醫藥保健,61.8,--
63000,87年11月,服務類-教養娛樂,63.82,--
63000,87年11月,服務類-教養,81.88,--
63000,87年11月,服務類-娛樂,48.89,--
63000,87年11月,服務類-雜項,82.2,--
63000,87年12月,總指數(含食物),79.97,--
63000,87年12月,商品類(含食物),78.66,--
63000,87年12月,商品類(不含食物),101.05,--
63000,87年12月,商品類-非耐久性消費品(含食物),63.24,--
63000,87年12月,商品類-非耐久性消費品(不含食物),78.99,--
63000,87年12月,商品類-半耐久性消費品,101.89,--
63000,87年12月,商品類-耐久性消費品,145.9,--
63000,87年12月,服務類,80.8,--
63000,87年12月,服務類(不含食物),83.07,--
63000,87年12月,服務類-外食費,70.74,--
63000,87年12月,服務類-衣著,73.34,--
63000,87年12月,服務類-居住,95.13,--
63000,87年12月,服務類-交通及通訊,86.09,--
63000,87年12月,服務類-醫藥保健,61.8,--
63000,87年12月,服務類-教養娛樂,64.55,--
63000,87年12月,服務類-教養,82.14,--
63000,87年12月,服務類-娛樂,49.93,--
63000,87年12月,服務類-雜項,82.2,--
63000,88年1月,總指數(含食物),79.36,-1.33
63000,88年1月,商品類(含食物),77.35,1.42
63000,88年1月,商品類(不含食物),98.15,-0.95
63000,88年1月,商品類-非耐久性消費品(含食物),63.36,2.77
63000,88年1月,商品類-非耐久性消費品(不含食物),79.17,-1.37
63000,88年1月,商品類-半耐久性消費品,93.07,0.36
63000,88年1月,商品類-耐久性消費品,145.96,-1.76
63000,88年1月,服務類,80.74,-3.32
63000,88年1月,服務類(不含食物),82.91,-4.23
63000,88年1月,服務類-外食費,71.21,2.28
63000,88年1月,服務類-衣著,73.34,7.62
63000,88年1月,服務類-居住,95.11,-1.37
63000,88年1月,服務類-交通及通訊,86.13,3.52
63000,88年1月,服務類-醫藥保健,61.8,-4.16
63000,88年1月,服務類-教養娛樂,64.03,-4.63
63000,88年1月,服務類-教養,82.15,3.1
63000,88年1月,服務類-娛樂,49.04,-12.82
63000,88年1月,服務類-雜項,82.2,-22.37
63000,88年2月,總指數(含食物),80.96,2.62
63000,88年2月,商品類(含食物),76.52,0.09
63000,88年2月,商品類(不含食物),96.03,-1.88
63000,88年2月,商品類-非耐久性消費品(含食物),63.55,1.32
63000,88年2月,商品類-非耐久性消費品(不含食物),79.09,-1.79
63000,88年2月,商品類-半耐久性消費品,86.82,-1.56
63000,88年2月,商品類-耐久性消費品,146.13,-2.29
63000,88年2月,服務類,84.25,4.52
63000,88年2月,服務類(不含食物),87.05,4.98
63000,88年2月,服務類-外食費,71.63,1.78
63000,88年2月,服務類-衣著,73.34,7.62
63000,88年2月,服務類-居住,96.56,1.12
63000,88年2月,服務類-交通及通訊,86.22,4.09
63000,88年2月,服務類-醫藥保健,65.6,1.74
63000,88年2月,服務類-教養娛樂,66.08,1.77
63000,88年2月,服務類-教養,82.15,3.1
63000,88年2月,服務類-娛樂,52.58,0.25
63000,88年2月,服務類-雜項,109.47,36.02
63000,88年3月,總指數(含食物),78.74,-0.49
63000,88年3月,商品類(含食物),75.83,-1.9
63000,88年3月,商品類(不含食物),95.96,-1.64
63000,88年3月,商品類-非耐久性消費品(含食物),62.58,-2.3
63000,88年3月,商品類-非耐久性消費品(不含食物),78.73,-2.3
63000,88年3月,商品類-半耐久性消費品,86.77,-0.33
63000,88年3月,商品類-耐久性消費品,146.63,-2.12
63000,88年3月,服務類,80.82,0.6
63000,88年3月,服務類(不含食物),82.89,-0.17
63000,88年3月,服務類-外食費,71.72,5.05
63000,88年3月,服務類-衣著,73.34,7.62
63000,88年3月,服務類-居住,95.06,-0.48
63000,88年3月,服務類-交通及通訊,85.98,4.66
63000,88年3月,服務類-醫藥保健,65.6,1.74
63000,88年3月,服務類-教養娛樂,63.67,-2.75
63000,88年3月,服務類-教養,82.15,3.07
63000,88年3月,服務類-娛樂,48.41,-9.29
63000,88年3月,服務類-雜項,81.93,1.8
63000,88年4月,總指數(含食物),79.21,-0.13
63000,88年4月,商品類(含食物),77.07,-1.56
63000,88年4月,商品類(不含食物),98.97,-1.21
63000,88年4月,商品類-非耐久性消費品(含食物),62.42,-2.18
63000,88年4月,商品類-非耐久性消費品(不含食物),78.92,-2.4
63000,88年4月,商品類-半耐久性消費品,96.52,1.43
63000,88年4月,商品類-耐久性消費品,144.84,-2.54
63000,88年4月,服務類,80.7,0.99
63000,88年4月,服務類(不含食物),83.02,0.63
63000,88年4月,服務類-外食費,70.4,3.09
63000,88年4月,服務類-衣著,73.34,16.67
63000,88年4月,服務類-居住,95.06,-0.56
63000,88年4月,服務類-交通及通訊,86.09,6.48
63000,88年4月,服務類-醫藥保健,65.6,1.74
63000,88年4月,服務類-教養娛樂,64.04,-0.14
63000,88年4月,服務類-教養,82.15,3.07
63000,88年4月,服務類-娛樂,49.06,-3.9
63000,88年4月,服務類-雜項,81.93,1.8
63000,88年5月,總指數(含食物),79.46,-0.04
63000,88年5月,商品類(含食物),77.58,-0.23
63000,88年5月,商品類(不含食物),98.98,-0.32
63000,88年5月,商品類-非耐久性消費品(含食物),63.17,-0.79
63000,88年5月,商品類-非耐久性消費品(不含食物),79.24,-2.05
63000,88年5月,商品類-半耐久性消費品,95.94,2.63
63000,88年5月,商品類-耐久性消費品,145.15,-1.31
63000,88年5月,服務類,80.74,0.12
63000,88年5月,服務類(不含食物),83.2,-0.22
63000,88年5月,服務類-外食費,69.74,2.12
63000,88年5月,服務類-衣著,73.34,19.35
63000,88年5月,服務類-居住,94.97,-0.85
63000,88年5月,服務類-交通及通訊,86.18,6.83
63000,88年5月,服務類-醫藥保健,65.6,1.49
63000,88年5月,服務類-教養娛樂,64.77,-0.89
63000,88年5月,服務類-教養,82.15,3.07
63000,88年5月,服務類-娛樂,50.31,-5.34
63000,88年5月,服務類-雜項,81.93,-3.58
63000,88年6月,總指數(含食物),79.85,-0.67
63000,88年6月,商品類(含食物),77.64,-3.23
63000,88年6月,商品類(不含食物),99.82,-0.56
63000,88年6月,商品類-非耐久性消費品(含食物),63.31,-5.13
63000,88年6月,商品類-非耐久性消費品(不含食物),81.37,-1.47
63000,88年6月,商品類-半耐久性消費品,95.02,1.17
63000,88年6月,商品類-耐久性消費品,146.11,-1.23
63000,88年6月,服務類,81.38,1.33
63000,88年6月,服務類(不含食物),83.51,0.63
63000,88年6月,服務類-外食費,72.01,5.45
63000,88年6月,服務類-衣著,73.34,17.89
63000,88年6月,服務類-居住,94.99,-1.01
63000,88年6月,服務類-交通及通訊,86.33,6.65
63000,88年6月,服務類-醫藥保健,65.6,1.49
63000,88年6月,服務類-教養娛樂,64.98,0.46
63000,88年6月,服務類-教養,82.22,3.16
63000,88年6月,服務類-娛樂,50.62,-2.64
63000,88年6月,服務類-雜項,84.13,2.74
63000,88年7月,總指數(含食物),79.55,-0.48
63000,88年7月,商品類(含食物),76.55,-2.57
63000,88年7月,商品類(不含食物),97.9,-0.2
63000,88年7月,商品類-非耐久性消費品(含食物),62.95,-4.45
63000,88年7月,商品類-非耐久性消費品(不含食物),80.95,-1.69
63000,88年7月,商品類-半耐久性消費品,89.92,2.1
63000,88年7月,商品類-耐久性消費品,146.12,-0.65
63000,88年7月,服務類,81.71,1.13
63000,88年7月,服務類(不含食物),83.91,1.02
63000,88年7月,服務類-外食費,72.01,1.72
63000,88年7月,服務類-衣著,73.34,0
63000,88年7月,服務類-居住,95.34,0.29
63000,88年7月,服務類-交通及通訊,86.76,4.66
63000,88年7月,服務類-醫藥保健,65.6,0
63000,88年7月,服務類-教養娛樂,66.28,1.5
63000,88年7月,服務類-教養,82.21,3.05
63000,88年7月,服務類-娛樂,52.89,-0.21
63000,88年7月,服務類-雜項,82.04,0.04
63000,88年8月,總指數(含食物),80.44,1.22
63000,88年8月,商品類(含食物),78.16,0.86
63000,88年8月,商品類(不含食物),97.01,0.3
63000,88年8月,商品類-非耐久性消費品(含食物),65.77,0.83
63000,88年8月,商品類-非耐久性消費品(不含食物),81.42,-0.78
63000,88年8月,商品類-半耐久性消費品,87.4,2.22
63000,88年8月,商品類-耐久性消費品,144.98,-0.23
63000,88年8月,服務類,82.03,1.5
63000,88年8月,服務類(不含食物),84.4,1.53
63000,88年8月,服務類-外食費,71.51,1.33
63000,88年8月,服務類-衣著,73.34,0
63000,88年8月,服務類-居住,95.34,0.31
63000,88年8月,服務類-交通及通訊,86.75,1.82
63000,88年8月,服務類-醫藥保健,72.39,17.14
63000,88年8月,服務類-教養娛樂,66.98,2.71
63000,88年8月,服務類-教養,82.22,3.06
63000,88年8月,服務類-娛樂,54.08,2.31
63000,88年8月,服務類-雜項,82.04,-0.04
63000,88年9月,總指數(含食物),80.6,1.21
63000,88年9月,商品類(含食物),77.86,0.53
63000,88年9月,商品類(不含食物),96.92,0.4
63000,88年9月,商品類-非耐久性消費品(含食物),65.44,0.37
63000,88年9月,商品類-非耐久性消費品(不含食物),81.49,-0.24
63000,88年9月,商品類-半耐久性消費品,87.27,1.77
63000,88年9月,商品類-耐久性消費品,144.61,-0.14
63000,88年9月,服務類,82.56,1.74
63000,88年9月,服務類(不含食物),85.03,2.1
63000,88年9月,服務類-外食費,71.55,-0.31
63000,88年9月,服務類-衣著,73.34,1.96
63000,88年9月,服務類-居住,95.5,0.19
63000,88年9月,服務類-交通及通訊,88.22,3.84
63000,88年9月,服務類-醫藥保健,72.39,17.14
63000,88年9月,服務類-教養娛樂,66.04,0.93
63000,88年9月,服務類-教養,84.03,2.6
63000,88年9月,服務類-娛樂,51.1,-1.05
63000,88年9月,服務類-雜項,88.92,8.35
63000,88年10月,總指數(含食物),81.25,1.54
63000,88年10月,商品類(含食物),79.52,1.74
63000,88年10月,商品類(不含食物),100.69,3.03
63000,88年10月,商品類-非耐久性消費品(含食物),64.75,-0.18
63000,88年10月,商品類-非耐久性消費品(不含食物),79.46,-0.44
63000,88年10月,商品類-半耐久性消費品,100.87,9.94
63000,88年10月,商品類-耐久性消費品,144.84,0.05
63000,88年10月,服務類,82.41,1.42
63000,88年10月,服務類(不含食物),84.85,1.8
63000,88年10月,服務類-外食費,71.55,-0.71
63000,88年10月,服務類-衣著,73.34,6.12
63000,88年10月,服務類-居住,95.48,-0.01
63000,88年10月,服務類-交通及通訊,87.9,3.07
63000,88年10月,服務類-醫藥保健,72.39,17.14
63000,88年10月,服務類-教養娛樂,65.7,2.5
63000,88年10月,服務類-教養,84,2.58
63000,88年10月,服務類-娛樂,50.53,2.37
63000,88年10月,服務類-雜項,88.6,3.25
63000,88年11月,總指數(含食物),80.89,0.33
63000,88年11月,商品類(含食物),78.89,-1.8
63000,88年11月,商品類(不含食物),100.82,-0.1
63000,88年11月,商品類-非耐久性消費品(含食物),63.96,-2.62
63000,88年11月,商品類-非耐久性消費品(不含食物),79.94,0.6
63000,88年11月,商品類-半耐久性消費品,100.85,-0.42
63000,88年11月,商品類-耐久性消費品,144.51,-0.52
63000,88年11月,服務類,82.23,1.98
63000,88年11月,服務類(不含食物),84.63,2.15
63000,88年11月,服務類-外食費,71.55,1.02
63000,88年11月,服務類-衣著,73.34,4
63000,88年11月,服務類-居住,95.49,0.3
63000,88年11月,服務類-交通及通訊,87.69,2.12
63000,88年11月,服務類-醫藥保健,72.39,17.14
63000,88年11月,服務類-教養娛樂,65.07,1.96
63000,88年11月,服務類-教養,84,2.59
63000,88年11月,服務類-娛樂,49.45,1.15
63000,88年11月,服務類-雜項,88.51,7.68
63000,88年12月,總指數(含食物),80.69,0.89
63000,88年12月,商品類(含食物),78.27,-0.5
63000,88年12月,商品類(不含食物),100.79,-0.26
63000,88年12月,商品類-非耐久性消費品(含食物),63.25,0.02
63000,88年12月,商品類-非耐久性消費品(不含食物),80.29,1.65
63000,88年12月,商品類-半耐久性消費品,100.17,-1.69
63000,88年12月,商品類-耐久性消費品,144.73,-0.8
63000,88年12月,服務類,82.36,1.93
63000,88年12月,服務類(不含食物),84.79,2.07
63000,88年12月,服務類-外食費,71.55,1.15
63000,88年12月,服務類-衣著,74.54,1.64
63000,88年12月,服務類-居住,95.57,0.46
63000,88年12月,服務類-交通及通訊,87.81,2
63000,88年12月,服務類-醫藥保健,72.39,17.14
63000,88年12月,服務類-教養娛樂,65.44,1.38
63000,88年12月,服務類-教養,84,2.26
63000,88年12月,服務類-娛樂,50.08,0.3
63000,88年12月,服務類-雜項,88.51,7.68
63000,89年1月,總指數(含食物),80.13,0.97
63000,89年1月,商品類(含食物),76.98,-0.48
63000,89年1月,商品類(不含食物),98.2,0.05
63000,89年1月,商品類-非耐久性消費品(含食物),63.31,-0.08
63000,89年1月,商品類-非耐久性消費品(不含食物),80.89,2.17
63000,89年1月,商品類-半耐久性消費品,91.29,-1.91
63000,89年1月,商品類-耐久性消費品,145.46,-0.34
63000,89年1月,服務類,82.4,2.06
63000,89年1月,服務類(不含食物),84.84,2.33
63000,89年1月,服務類-外食費,71.52,0.44
63000,89年1月,服務類-衣著,74.54,1.64
63000,89年1月,服務類-居住,95.57,0.48
63000,89年1月,服務類-交通及通訊,88.04,2.22
63000,89年1月,服務類-醫藥保健,72.68,17.61
63000,89年1月,服務類-教養娛樂,65.42,2.17
63000,89年1月,服務類-教養,83.98,2.23
63000,89年1月,服務類-娛樂,50.07,2.1
63000,89年1月,服務類-雜項,88.7,7.91
63000,89年2月,總指數(含食物),81.86,1.12
63000,89年2月,商品類(含食物),76.59,0.09
63000,89年2月,商品類(不含食物),97.28,1.3
63000,89年2月,商品類-非耐久性消費品(含食物),63.49,-0.09
63000,89年2月,商品類-非耐久性消費品(不含食物),81.33,2.83
63000,89年2月,商品類-半耐久性消費品,88.05,1.42
63000,89年2月,商品類-耐久性消費品,145.39,-0.51
63000,89年2月,服務類,85.8,1.84
63000,89年2月,服務類(不含食物),88.95,2.18
63000,89年2月,服務類-外食費,71.54,-0.13
63000,89年2月,服務類-衣著,74.54,1.64
63000,89年2月,服務類-居住,96.77,0.22
63000,89年2月,服務類-交通及通訊,89.22,3.48
63000,89年2月,服務類-醫藥保健,72.68,10.79
63000,89年2月,服務類-教養娛樂,67.92,2.78
63000,89年2月,服務類-教養,83.99,2.24
63000,89年2月,服務類-娛樂,54.38,3.42
63000,89年2月,服務類-雜項,115.78,5.76
63000,89年3月,總指數(含食物),79.93,1.52
63000,89年3月,商品類(含食物),76.18,0.46
63000,89年3月,商品類(不含食物),97.11,1.2
63000,89年3月,商品類-非耐久性消費品(含食物),63.09,0.81
63000,89年3月,商品類-非耐久性消費品(不含食物),81.48,3.49
63000,89年3月,商品類-半耐久性消費品,87.26,0.56
63000,89年3月,商品類-耐久性消費品,145.55,-0.74
63000,89年3月,服務類,82.68,2.3
63000,89年3月,服務類(不含食物),85.18,2.76
63000,89年3月,服務類-外食費,71.54,-0.25
63000,89年3月,服務類-衣著,74.54,1.64
63000,89年3月,服務類-居住,95.47,0.43
63000,89年3月,服務類-交通及通訊,88.99,3.5
63000,89年3月,服務類-醫藥保健,72.68,10.79
63000,89年3月,服務類-教養娛樂,66.34,4.19
63000,89年3月,服務類-教養,84,2.25
63000,89年3月,服務類-娛樂,51.65,6.69
63000,89年3月,服務類-雜項,88.73,8.3
63000,89年4月,總指數(含食物),80.67,1.84
63000,89年4月,商品類(含食物),77.85,1.01
63000,89年4月,商品類(不含食物),100.45,1.5
63000,89年4月,商品類-非耐久性消費品(含食物),63.33,1.46
63000,89年4月,商品類-非耐久性消費品(不含食物),81.85,3.71
63000,89年4月,商品類-半耐久性消費品,97.02,0.52
63000,89年4月,商品類-耐久性消費品,144.89,0.03
63000,89年4月,服務類,82.68,2.45
63000,89年4月,服務類(不含食物),85.33,2.78
63000,89年4月,服務類-外食費,70.78,0.54
63000,89年4月,服務類-衣著,74.54,1.64
63000,89年4月,服務類-居住,95.47,0.43
63000,89年4月,服務類-交通及通訊,89.19,3.6
63000,89年4月,服務類-醫藥保健,72.65,10.75
63000,89年4月,服務類-教養娛樂,66.76,4.25
63000,89年4月,服務類-教養,84,2.25
63000,89年4月,服務類-娛樂,52.37,6.75
63000,89年4月,服務類-雜項,88.73,8.3
63000,89年5月,總指數(含食物),81.23,2.23
63000,89年5月,商品類(含食物),78.89,1.69
63000,89年5月,商品類(不含食物),100.2,1.23
63000,89年5月,商品類-非耐久性消費品(含食物),64.95,2.82
63000,89年5月,商品類-非耐久性消費品(不含食物),82.15,3.67
63000,89年5月,商品類-半耐久性消費品,95.92,-0.02
63000,89年5月,商品類-耐久性消費品,144.86,-0.2
63000,89年5月,服務類,82.87,2.64
63000,89年5月,服務類(不含食物),85.63,2.92
63000,89年5月,服務類-外食費,70.47,1.05
63000,89年5月,服務類-衣著,74.54,1.64
63000,89年5月,服務類-居住,95.51,0.57
63000,89年5月,服務類-交通及通訊,89.73,4.12
63000,89年5月,服務類-醫藥保健,72.65,10.75
63000,89年5月,服務類-教養娛樂,67.38,4.03
63000,89年5月,服務類-教養,85.12,3.62
63000,89年5月,服務類-娛樂,52.59,4.53
63000,89年5月,服務類-雜項,89.03,8.67
63000,89年6月,總指數(含食物),81.31,1.83
63000,89年6月,商品類(含食物),78.22,0.75
63000,89年6月,商品類(不含食物),100.36,0.54
63000,89年6月,商品類-非耐久性消費品(含食物),64.51,1.9
63000,89年6月,商品類-非耐久性消費品(不含食物),84.13,3.39
63000,89年6月,商品類-半耐久性消費品,93.88,-1.2
63000,89年6月,商品類-耐久性消費品,144.73,-0.94
63000,89年6月,服務類,83.53,2.64
63000,89年6月,服務類(不含食物),86.28,3.32
63000,89年6月,服務類-外食費,71.19,-1.14
63000,89年6月,服務類-衣著,74.54,1.64
63000,89年6月,服務類-居住,95.66,0.71
63000,89年6月,服務類-交通及通訊,89.92,4.16
63000,89年6月,服務類-醫藥保健,72.65,10.75
63000,89年6月,服務類-教養娛樂,68.33,5.16
63000,89年6月,服務類-教養,85.13,3.54
63000,89年6月,服務類-娛樂,54.23,7.13
63000,89年6月,服務類-雜項,91.86,9.19
63000,89年7月,總指數(含食物),80.9,1.69
63000,89年7月,商品類(含食物),77.13,0.76
63000,89年7月,商品類(不含食物),98.85,0.97
63000,89年7月,商品類-非耐久性消費品(含食物),63.94,1.57
63000,89年7月,商品類-非耐久性消費品(不含食物),83.92,3.67
63000,89年7月,商品類-半耐久性消費品,89.12,-0.89
63000,89年7月,商品類-耐久性消費品,145.67,-0.31
63000,89年7月,服務類,83.66,2.39
63000,89年7月,服務類(不含食物),86.37,2.93
63000,89年7月,服務類-外食費,71.51,-0.69
63000,89年7月,服務類-衣著,76.32,4.06
63000,89年7月,服務類-居住,95.51,0.18
63000,89年7月,服務類-交通及通訊,90.45,4.25
63000,89年7月,服務類-醫藥保健,72.85,11.05
63000,89年7月,服務類-教養娛樂,69.58,4.98
63000,89年7月,服務類-教養,86.16,4.8
63000,89年7月,服務類-娛樂,55.61,5.14
63000,89年7月,服務類-雜項,88.87,8.33
63000,89年8月,總指數(含食物),81.15,0.87
63000,89年8月,商品類(含食物),77.67,-0.63
63000,89年8月,商品類(不含食物),97.91,0.93
63000,89年8月,商品類-非耐久性消費品(含食物),65.1,-1.02
63000,89年8月,商品類-非耐久性消費品(不含食物),83.4,2.43
63000,89年8月,商品類-半耐久性消費品,87.13,-0.31
63000,89年8月,商品類-耐久性消費品,145.5,0.36
63000,89年8月,服務類,83.66,1.99
63000,89年8月,服務類(不含食物),86.41,2.38
63000,89年8月,服務類-外食費,71.34,-0.24
63000,89年8月,服務類-衣著,76.32,4.06
63000,89年8月,服務類-居住,95.54,0.21
63000,89年8月,服務類-交通及通訊,91.25,5.19
63000,89年8月,服務類-醫藥保健,72.85,0.64
63000,89年8月,服務類-教養娛樂,69.36,3.55
63000,89年8月,服務類-教養,86.22,4.86
63000,89年8月,服務類-娛樂,55.19,2.05
63000,89年8月,服務類-雜項,88.95,8.42
63000,89年9月,總指數(含食物),82.05,1.8
63000,89年9月,商品類(含食物),78.57,0.91
63000,89年9月,商品類(不含食物),97.9,1.01
63000,89年9月,商品類-非耐久性消費品(含食物),66.46,1.56
63000,89年9月,商品類-非耐久性消費品(不含食物),84,3.08
63000,89年9月,商品類-半耐久性消費品,86.33,-1.08
63000,89年9月,商品類-耐久性消費品,145.5,0.62
63000,89年9月,服務類,84.6,2.47
63000,89年9月,服務類(不含食物),87.5,2.9
63000,89年9月,服務類-外食費,71.52,-0.04
63000,89年9月,服務類-衣著,76.32,4.06
63000,89年9月,服務類-居住,95.74,0.25
63000,89年9月,服務類-交通及通訊,92.53,4.89
63000,89年9月,服務類-醫藥保健,72.85,0.64
63000,89年9月,服務類-教養娛樂,71.35,8.04
63000,89年9月,服務類-教養,90.27,7.43
63000,89年9月,服務類-娛樂,55.59,8.79
63000,89年9月,服務類-雜項,91.64,3.06
63000,89年10月,總指數(含食物),82.23,1.2
63000,89年10月,商品類(含食物),79.23,-0.36
63000,89年10月,商品類(不含食物),100.97,0.28
63000,89年10月,商品類-非耐久性消費品(含食物),65.04,0.45
63000,89年10月,商品類-非耐久性消費品(不含食物),82.58,3.93
63000,89年10月,商品類-半耐久性消費品,98.64,-2.21
63000,89年10月,商品類-耐久性消費品,143.25,-1.1
63000,89年10月,服務類,84.38,2.39
63000,89年10月,服務類(不含食物),87.24,2.82
63000,89年10月,服務類-外食費,71.52,-0.04
63000,89年10月,服務類-衣著,76.32,4.06
63000,89年10月,服務類-居住,95.64,0.17
63000,89年10月,服務類-交通及通訊,92.56,5.3
63000,89年10月,服務類-醫藥保健,72.85,0.64
63000,89年10月,服務類-教養娛樂,71.48,8.8
63000,89年10月,服務類-教養,90.27,7.46
63000,89年10月,服務類-娛樂,55.81,10.45
63000,89年10月,服務類-雜項,88.95,0.4
63000,89年11月,總指數(含食物),82.66,2.19
63000,89年11月,商品類(含食物),80.33,1.83
63000,89年11月,商品類(不含食物),101.27,0.45
63000,89年11月,商品類-非耐久性消費品(含食物),66.33,3.71
63000,89年11月,商品類-非耐久性消費品(不含食物),82.64,3.38
63000,89年11月,商品類-半耐久性消費品,100.04,-0.8
63000,89年11月,商品類-耐久性消費品,142.26,-1.56
63000,89年11月,服務類,84.29,2.51
63000,89年11月,服務類(不含食物),87.15,2.98
63000,89年11月,服務類-外食費,71.39,-0.22
63000,89年11月,服務類-衣著,76.32,4.06
63000,89年11月,服務類-居住,95.64,0.16
63000,89年11月,服務類-交通及通訊,92.6,5.6
63000,89年11月,服務類-醫藥保健,72.85,0.64
63000,89年11月,服務類-教養娛樂,71.19,9.41
63000,89年11月,服務類-教養,90.27,7.46
63000,89年11月,服務類-娛樂,55.32,11.87
63000,89年11月,服務類-雜項,88.95,0.5
63000,89年12月,總指數(含食物),82.12,1.78
63000,89年12月,商品類(含食物),78.82,0.7
63000,89年12月,商品類(不含食物),100.53,-0.26
63000,89年12月,商品類-非耐久性消費品(含食物),64.76,2.39
63000,89年12月,商品類-非耐久性消費品(不含食物),82.53,2.79
63000,89年12月,商品類-半耐久性消費品,98.38,-1.79
63000,89年12月,商品類-耐久性消費品,141.72,-2.08
63000,89年12月,服務類,84.49,2.59
63000,89年12月,服務類(不含食物),87.37,3.04
63000,89年12月,服務類-外食費,71.53,-0.03
63000,89年12月,服務類-衣著,76.32,2.39
63000,89年12月,服務類-居住,95.59,0.02
63000,89年12月,服務類-交通及通訊,93.91,6.95
63000,89年12月,服務類-醫藥保健,72.85,0.64
63000,89年12月,服務類-教養娛樂,71.53,9.31
63000,89年12月,服務類-教養,90.27,7.46
63000,89年12月,服務類-娛樂,55.91,11.64
63000,89年12月,服務類-雜項,88.95,0.5
63000,90年1月,總指數(含食物),83.16,3.79
63000,90年1月,商品類(含食物),76.63,-0.45
63000,90年1月,商品類(不含食物),97.02,-1.2
63000,90年1月,商品類-非耐久性消費品(含食物),63.93,0.98
63000,90年1月,商品類-非耐久性消費品(不含食物),82.16,1.57
63000,90年1月,商品類-半耐久性消費品,89.03,-2.48
63000,90年1月,商品類-耐久性消費品,140.91,-3.13
63000,90年1月,服務類,88.08,6.89
63000,90年1月,服務類(不含食物),91.71,8.1
63000,90年1月,服務類-外食費,71.56,0.06
63000,90年1月,服務類-衣著,76.32,2.39
63000,90年1月,服務類-居住,97.06,1.56
63000,90年1月,服務類-交通及通訊,96.09,9.14
63000,90年1月,服務類-醫藥保健,72.85,0.23
63000,90年1月,服務類-教養娛樂,73.53,12.4
63000,90年1月,服務類-教養,90.27,7.49
63000,90年1月,服務類-娛樂,59.36,18.55
63000,90年1月,服務類-雜項,117.46,32.42
63000,90年2月,總指數(含食物),80.96,-1.11
63000,90年2月,商品類(含食物),75.72,-1.14
63000,90年2月,商品類(不含食物),96.16,-1.15
63000,90年2月,商品類-非耐久性消費品(含食物),63.32,-0.27
63000,90年2月,商品類-非耐久性消費品(不含食物),82.4,1.32
63000,90年2月,商品類-半耐久性消費品,86.33,-1.95
63000,90年2月,商品類-耐久性消費品,140.67,-3.25
63000,90年2月,服務類,84.88,-1.07
63000,90年2月,服務類(不含食物),87.84,-1.25
63000,90年2月,服務類-外食費,71.56,0.03
63000,90年2月,服務類-衣著,76.32,2.39
63000,90年2月,服務類-居住,95.67,-1.14
63000,90年2月,服務類-交通及通訊,95.95,7.54
63000,90年2月,服務類-醫藥保健,72.85,0.23
63000,90年2月,服務類-教養娛樂,71.85,5.79
63000,90年2月,服務類-教養,90.27,7.48
63000,90年2月,服務類-娛樂,56.45,3.81
63000,90年2月,服務類-雜項,90.05,-22.22
63000,90年3月,總指數(含食物),80.87,1.17
63000,90年3月,商品類(含食物),75.63,-0.72
63000,90年3月,商品類(不含食物),95.97,-1.17
63000,90年3月,商品類-非耐久性消費品(含食物),63.37,0.44
63000,90年3月,商品類-非耐久性消費品(不含食物),82.54,1.3
63000,90年3月,商品類-半耐久性消費品,85.66,-1.83
63000,90年3月,商品類-耐久性消費品,140.57,-3.42
63000,90年3月,服務類,84.78,2.54
63000,90年3月,服務類(不含食物),87.71,2.97
63000,90年3月,服務類-外食費,71.56,0.03
63000,90年3月,服務類-衣著,76.32,2.39
63000,90年3月,服務類-居住,95.65,0.19
63000,90年3月,服務類-交通及通訊,96.05,7.93
63000,90年3月,服務類-醫藥保健,72.85,0.23
63000,90年3月,服務類-教養娛樂,71.29,7.46
63000,90年3月,服務類-教養,90.27,7.46
63000,90年3月,服務類-娛樂,55.5,7.45
63000,90年3月,服務類-雜項,90.46,1.95
63000,90年4月,總指數(含食物),81.52,1.06
63000,90年4月,商品類(含食物),77.53,-0.41
63000,90年4月,商品類(不含食物),99.32,-1.12
63000,90年4月,商品類-非耐久性消費品(含食物),63.76,0.68
63000,90年4月,商品類-非耐久性消費品(不含食物),82.39,0.66
63000,90年4月,商品類-半耐久性消費品,96.18,-0.87
63000,90年4月,商品類-耐久性消費品,139.86,-3.47
63000,90年4月,服務類,84.46,2.15
63000,90年4月,服務類(不含食物),87.31,2.32
63000,90年4月,服務類-外食費,71.66,1.24
63000,90年4月,服務類-衣著,76.32,2.39
63000,90年4月,服務類-居住,95.07,-0.42
63000,90年4月,服務類-交通及通訊,93.77,5.14
63000,90年4月,服務類-醫藥保健,72.63,-0.03
63000,90年4月,服務類-教養娛樂,71.68,7.37
63000,90年4月,服務類-教養,90.27,7.46
63000,90年4月,服務類-娛樂,56.16,7.24
63000,90年4月,服務類-雜項,90.46,1.95
63000,90年5月,總指數(含食物),81.4,0.2
63000,90年5月,商品類(含食物),77.22,-2.12
63000,90年5月,商品類(不含食物),98.59,-1.61
63000,90年5月,商品類-非耐久性消費品(含食物),63.83,-1.72
63000,90年5月,商品類-非耐久性消費品(不含食物),82.49,0.41
63000,90年5月,商品類-半耐久性消費品,94.28,-1.71
63000,90年5月,商品類-耐久性消費品,139.23,-3.89
63000,90年5月,服務類,84.47,1.93
63000,90年5月,服務類(不含食物),87.32,1.97
63000,90年5月,服務類-外食費,71.66,1.69
63000,90年5月,服務類-衣著,76.32,2.39
63000,90年5月,服務類-居住,95.05,-0.48
63000,90年5月,服務類-交通及通訊,93.27,3.95
63000,90年5月,服務類-醫藥保健,72.16,-0.67
63000,90年5月,服務類-教養娛樂,72.04,6.92
63000,90年5月,服務類-教養,90.27,6.05
63000,90年5月,服務類-娛樂,56.79,7.99
63000,90年5月,服務類-雜項,90.34,1.47
63000,90年6月,總指數(含食物),81.43,0.14
63000,90年6月,商品類(含食物),77.19,-1.32
63000,90年6月,商品類(不含食物),98.17,-2.18
63000,90年6月,商品類-非耐久性消費品(含食物),64.41,-0.16
63000,90年6月,商品類-非耐久性消費品(不含食物),83.79,-0.4
63000,90年6月,商品類-半耐久性消費品,91.23,-2.82
63000,90年6月,商品類-耐久性消費品,139.45,-3.65
63000,90年6月,服務類,84.56,1.23
63000,90年6月,服務類(不含食物),87.58,1.51
63000,90年6月,服務類-外食費,70.9,-0.41
63000,90年6月,服務類-衣著,76.32,2.39
63000,90年6月,服務類-居住,95.03,-0.66
63000,90年6月,服務類-交通及通訊,93.42,3.89
63000,90年6月,服務類-醫藥保健,72.7,0.07
63000,90年6月,服務類-教養娛樂,72.75,6.47
63000,90年6月,服務類-教養,90.27,6.04
63000,90年6月,服務類-娛樂,58.01,6.97
63000,90年6月,服務類-雜項,90.47,-1.51
63000,90年7月,總指數(含食物),81.3,0.5
63000,90年7月,商品類(含食物),76.74,-0.51
63000,90年7月,商品類(不含食物),96.55,-2.33
63000,90年7月,商品類-非耐久性消費品(含食物),64.71,1.2
63000,90年7月,商品類-非耐久性消費品(不含食物),83.4,-0.62
63000,90年7月,商品類-半耐久性消費品,87.06,-2.31
63000,90年7月,商品類-耐久性消費品,139.32,-4.36
63000,90年7月,服務類,84.69,1.23
63000,90年7月,服務類(不含食物),87.97,1.85
63000,90年7月,服務類-外食費,69.76,-2.45
63000,90年7月,服務類-衣著,76.32,0
63000,90年7月,服務類-居住,94.88,-0.66
63000,90年7月,服務類-交通及通訊,97.03,7.27
63000,90年7月,服務類-醫藥保健,75.43,3.54
63000,90年7月,服務類-教養娛樂,72.89,4.76
63000,90年7月,服務類-教養,90.28,4.78
63000,90年7月,服務類-娛樂,58.26,4.77
63000,90年7月,服務類-雜項,89.58,0.8
63000,90年8月,總指數(含食物),81.97,1.01
63000,90年8月,商品類(含食物),78.05,0.49
63000,90年8月,商品類(不含食物),95.97,-1.98
63000,90年8月,商品類-非耐久性消費品(含食物),66.95,2.84
63000,90年8月,商品類-非耐久性消費品(不含食物),83.91,0.61
63000,90年8月,商品類-半耐久性消費品,84.99,-2.46
63000,90年8月,商品類-耐久性消費品,138.8,-4.6
63000,90年8月,服務類,84.85,1.42
63000,90年8月,服務類(不含食物),88.01,1.85
63000,90年8月,服務類-外食費,70.52,-1.15
63000,90年8月,服務類-衣著,76.32,0
63000,90年8月,服務類-居住,94.78,-0.8
63000,90年8月,服務類-交通及通訊,99.83,9.4
63000,90年8月,服務類-醫藥保健,75.43,3.54
63000,90年8月,服務類-教養娛樂,72.18,4.07
63000,90年8月,服務類-教養,90.29,4.72
63000,90年8月,服務類-娛樂,57.01,3.3
63000,90年8月,服務類-雜項,89.58,0.71
63000,90年9月,總指數(含食物),82.06,0.01
63000,90年9月,商品類(含食物),78.65,0.1
63000,90年9月,商品類(不含食物),95.39,-2.56
63000,90年9月,商品類-非耐久性消費品(含食物),67.84,2.08
63000,90年9月,商品類-非耐久性消費品(不含食物),82.98,-1.21
63000,90年9月,商品類-半耐久性消費品,84.45,-2.18
63000,90年9月,商品類-耐久性消費品,138.88,-4.55
63000,90年9月,服務類,84.55,-0.06
63000,90年9月,服務類(不含食物),87.64,0.16
63000,90年9月,服務類-外食費,70.55,-1.36
63000,90年9月,服務類-衣著,76.32,0
63000,90年9月,服務類-居住,94.75,-1.03
63000,90年9月,服務類-交通及通訊,98.43,6.38
63000,90年9月,服務類-醫藥保健,75.43,3.54
63000,90年9月,服務類-教養娛樂,71.49,0.2
63000,90年9月,服務類-教養,90.88,0.68
63000,90年9月,服務類-娛樂,55.38,-0.38
63000,90年9月,服務類-雜項,89.58,-2.25
63000,90年10月,總指數(含食物),82.85,0.76
63000,90年10月,商品類(含食物),80.48,1.58
63000,90年10月,商品類(不含食物),99.56,-1.4
63000,90年10月,商品類-非耐久性消費品(含食物),67.2,3.32
63000,90年10月,商品類-非耐久性消費品(不含食物),81.22,-1.65
63000,90年10月,商品類-半耐久性消費品,98.86,0.22
63000,90年10月,商品類-耐久性消費品,139.12,-2.88
63000,90年10月,服務類,84.5,0.14
63000,90年10月,服務類(不含食物),87.51,0.31
63000,90年10月,服務類-外食費,70.89,-0.88
63000,90年10月,服務類-衣著,76.32,0
63000,90年10月,服務類-居住,94.77,-0.91
63000,90年10月,服務類-交通及通訊,97.49,5.33
63000,90年10月,服務類-醫藥保健,75.43,3.54
63000,90年10月,服務類-教養娛樂,70.7,-1.09
63000,90年10月,服務類-教養,90.88,0.68
63000,90年10月,服務類-娛樂,54.02,-3.21
63000,90年10月,服務類-雜項,91.61,2.99
63000,90年11月,總指數(含食物),81.89,-0.93
63000,90年11月,商品類(含食物),78.94,-1.73
63000,90年11月,商品類(不含食物),99.65,-1.6
63000,90年11月,商品類-非耐久性消費品(含食物),65.11,-1.84
63000,90年11月,商品類-非耐久性消費品(不含食物),81.28,-1.65
63000,90年11月,商品類-半耐久性消費品,99.77,-0.27
63000,90年11月,商品類-耐久性消費品,138,-2.99
63000,90年11月,服務類,83.99,-0.36
63000,90年11月,服務類(不含食物),86.76,-0.45
63000,90年11月,服務類-外食費,71.55,0.22
63000,90年11月,服務類-衣著,76.32,0
63000,90年11月,服務類-居住,94.15,-1.56
63000,90年11月,服務類-交通及通訊,96.57,4.29
63000,90年11月,服務類-醫藥保健,75.43,3.54
63000,90年11月,服務類-教養娛樂,70.16,-1.45
63000,90年11月,服務類-教養,90.88,0.68
63000,90年11月,服務類-娛樂,53.08,-4.05
63000,90年11月,服務類-雜項,89.53,0.65
63000,90年12月,總指數(含食物),80.98,-1.38
63000,90年12月,商品類(含食物),77.05,-2.25
63000,90年12月,商品類(不含食物),98.24,-2.28
63000,90年12月,商品類-非耐久性消費品(含食物),63.22,-2.38
63000,90年12月,商品類-非耐久性消費品(不含食物),80.32,-2.68
63000,90年12月,商品類-半耐久性消費品,96.92,-1.48
63000,90年12月,商品類-耐久性消費品,137.92,-2.68
63000,90年12月,服務類,83.86,-0.75
63000,90年12月,服務類(不含食物),86.57,-0.92
63000,90年12月,服務類-外食費,71.72,0.27
63000,90年12月,服務類-衣著,76.32,0
63000,90年12月,服務類-居住,94.08,-1.58
63000,90年12月,服務類-交通及通訊,95.22,1.39
63000,90年12月,服務類-醫藥保健,75.43,3.54
63000,90年12月,服務類-教養娛樂,70.22,-1.83
63000,90年12月,服務類-教養,90.88,0.68
63000,90年12月,服務類-娛樂,53.2,-4.85
63000,90年12月,服務類-雜項,89.28,0.37
63000,91年1月,總指數(含食物),80.9,-2.72
63000,91年1月,商品類(含食物),76.56,-0.09
63000,91年1月,商品類(不含食物),95.64,-1.42
63000,91年1月,商品類-非耐久性消費品(含食物),64.27,0.53
63000,91年1月,商品類-非耐久性消費品(不含食物),80.59,-1.91
63000,91年1月,商品類-半耐久性消費品,88.7,-0.37
63000,91年1月,商品類-耐久性消費品,138.25,-1.89
63000,91年1月,服務類,84.1,-4.52
63000,91年1月,服務類(不含食物),86.86,-5.29
63000,91年1月,服務類-外食費,71.72,0.22
63000,91年1月,服務類-衣著,76.32,0
63000,91年1月,服務類-居住,93.92,-3.24
63000,91年1月,服務類-交通及通訊,95.5,-0.61
63000,91年1月,服務類-醫藥保健,75.43,3.54
63000,91年1月,服務類-教養娛樂,71.33,-2.99
63000,91年1月,服務類-教養,90.88,0.68
63000,91年1月,服務類-娛樂,55.1,-7.18
63000,91年1月,服務類-雜項,89.16,-24.09
63000,91年2月,總指數(含食物),82.32,1.69
63000,91年2月,商品類(含食物),75.95,0.3
63000,91年2月,商品類(不含食物),94.34,-1.89
63000,91年2月,商品類-非耐久性消費品(含食物),64.35,1.63
63000,91年2月,商品類-非耐久性消費品(不含食物),80.91,-1.81
63000,91年2月,商品類-半耐久性消費品,84.91,-1.64
63000,91年2月,商品類-耐久性消費品,137.55,-2.22
63000,91年2月,服務類,87.14,2.66
63000,91年2月,服務類(不含食物),90.53,3.06
63000,91年2月,服務類-外食費,71.72,0.22
63000,91年2月,服務類-衣著,76.32,0
63000,91年2月,服務類-居住,95.23,-0.46
63000,91年2月,服務類-交通及通訊,97.23,1.33
63000,91年2月,服務類-醫藥保健,75.43,3.54
63000,91年2月,服務類-教養娛樂,71.94,0.13
63000,91年2月,服務類-教養,90.86,0.65
63000,91年2月,服務類-娛樂,56.18,-0.48
63000,91年2月,服務類-雜項,116.5,29.37
63000,91年3月,總指數(含食物),80.46,-0.5
63000,91年3月,商品類(含食物),75.55,-0.11
63000,91年3月,商品類(不含食物),94.01,-2.04
63000,91年3月,商品類-非耐久性消費品(含食物),63.96,0.93
63000,91年3月,商品類-非耐久性消費品(不含食物),80.67,-2.27
63000,91年3月,商品類-半耐久性消費品,84.09,-1.83
63000,91年3月,商品類-耐久性消費品,137.79,-1.98
63000,91年3月,服務類,84.14,-0.75
63000,91年3月,服務類(不含食物),86.93,-0.89
63000,91年3月,服務類-外食費,71.59,0.04
63000,91年3月,服務類-衣著,76.32,0
63000,91年3月,服務類-居住,93.76,-1.98
63000,91年3月,服務類-交通及通訊,96.75,0.73
63000,91年3月,服務類-醫藥保健,73.92,1.47
63000,91年3月,服務類-教養娛樂,71.61,0.45
63000,91年3月,服務類-教養,90.86,0.65
63000,91年3月,服務類-娛樂,55.6,0.18
63000,91年3月,服務類-雜項,89.11,-1.49
63000,91年4月,總指數(含食物),81.29,-0.28
63000,91年4月,商品類(含食物),77.43,-0.13
63000,91年4月,商品類(不含食物),97.81,-1.52
63000,91年4月,商品類-非耐久性消費品(含食物),64.3,0.85
63000,91年4月,商品類-非耐久性消費品(不含食物),81.4,-1.2
63000,91年4月,商品類-半耐久性消費品,94.49,-1.76
63000,91年4月,商品類-耐久性消費品,137.54,-1.66
63000,91年4月,服務類,84.12,-0.4
63000,91年4月,服務類(不含食物),86.91,-0.46
63000,91年4月,服務類-外食費,71.59,-0.1
63000,91年4月,服務類-衣著,76.32,0
63000,91年4月,服務類-居住,93.67,-1.47
63000,91年4月,服務類-交通及通訊,96.23,2.62
63000,91年4月,服務類-醫藥保健,73.92,1.78
63000,91年4月,服務類-教養娛樂,71.82,0.2
63000,91年4月,服務類-教養,90.86,0.65
63000,91年4月,服務類-娛樂,55.96,-0.36
63000,91年4月,服務類-雜項,89.17,-1.43
63000,91年5月,總指數(含食物),80.96,-0.54
63000,91年5月,商品類(含食物),76.29,-1.2
63000,91年5月,商品類(不含食物),96.45,-2.17
63000,91年5月,商品類-非耐久性消費品(含食物),63.62,-0.33
63000,91年5月,商品類-非耐久性消費品(不含食物),81.35,-1.38
63000,91年5月,商品類-半耐久性消費品,91.41,-3.04
63000,91年5月,商品類-耐久性消費品,136.18,-2.19
63000,91年5月,服務類,84.42,-0.06
63000,91年5月,服務類(不含食物),87.14,-0.21
63000,91年5月,服務類-外食費,72.23,0.8
63000,91年5月,服務類-衣著,76.32,0
63000,91年5月,服務類-居住,93.38,-1.76
63000,91年5月,服務類-交通及通訊,96,2.93
63000,91年5月,服務類-醫藥保健,73.92,2.44
63000,91年5月,服務類-教養娛樂,72.77,1.01
63000,91年5月,服務類-教養,90.86,0.65
63000,91年5月,服務類-娛樂,57.61,1.44
63000,91年5月,服務類-雜項,90.22,-0.13
63000,91年6月,總指數(含食物),81.42,-0.01
63000,91年6月,商品類(含食物),76.91,-0.36
63000,91年6月,商品類(不含食物),97.15,-1.04
63000,91年6月,商品類-非耐久性消費品(含食物),64.35,-0.09
63000,91年6月,商品類-非耐久性消費品(不含食物),82.67,-1.34
63000,91年6月,商品類-半耐久性消費品,91.37,0.15
63000,91年6月,商品類-耐久性消費品,136.8,-1.9
63000,91年6月,服務類,84.76,0.24
63000,91年6月,服務類(不含食物),87.55,-0.03
63000,91年6月,服務類-外食費,72.23,1.88
63000,91年6月,服務類-衣著,76.32,0
63000,91年6月,服務類-居住,93.5,-1.61
63000,91年6月,服務類-交通及通訊,96.49,3.29
63000,91年6月,服務類-醫藥保健,73.92,1.68
63000,91年6月,服務類-教養娛樂,73.38,0.87
63000,91年6月,服務類-教養,90.86,0.65
63000,91年6月,服務類-娛樂,58.65,1.1
63000,91年6月,服務類-雜項,91.41,1.04
63000,91年7月,總指數(含食物),81.49,0.23
63000,91年7月,商品類(含食物),76.95,0.27
63000,91年7月,商品類(不含食物),95.55,-1.04
63000,91年7月,商品類-非耐久性消費品(含食物),65.24,0.82
63000,91年7月,商品類-非耐久性消費品(不含食物),82.04,-1.63
63000,91年7月,商品類-半耐久性消費品,87.08,0.02
63000,91年7月,商品類-耐久性消費品,137.41,-1.37
63000,91年7月,服務類,84.86,0.2
63000,91年7月,服務類(不含食物),87.69,-0.32
63000,91年7月,服務類-外食費,72.13,3.4
63000,91年7月,服務類-衣著,76.32,0
63000,91年7月,服務類-居住,93.2,-1.77
63000,91年7月,服務類-交通及通訊,96.76,-0.28
63000,91年7月,服務類-醫藥保健,73.92,-2
63000,91年7月,服務類-教養娛樂,75.04,2.95
63000,91年7月,服務類-教養,90.86,0.64
63000,91年7月,服務類-娛樂,61.52,5.6
63000,91年7月,服務類-雜項,88.76,-0.92
63000,91年8月,總指數(含食物),81.46,-0.62
63000,91年8月,商品類(含食物),77.24,-1.04
63000,91年8月,商品類(不含食物),94.98,-1.03
63000,91年8月,商品類-非耐久性消費品(含食物),66.06,-1.33
63000,91年8月,商品類-非耐久性消費品(不含食物),82.4,-1.8
63000,91年8月,商品類-半耐久性消費品,85.45,0.54
63000,91年8月,商品類-耐久性消費品,136.63,-1.56
63000,91年8月,服務類,84.58,-0.32
63000,91年8月,服務類(不含食物),87.37,-0.73
63000,91年8月,服務類-外食費,72.03,2.14
63000,91年8月,服務類-衣著,76.32,0
63000,91年8月,服務類-居住,93.05,-1.83
63000,91年8月,服務類-交通及通訊,96.86,-2.98
63000,91年8月,服務類-醫藥保健,73.92,-2
63000,91年8月,服務類-教養娛樂,74.19,2.78
63000,91年8月,服務類-教養,90.92,0.7
63000,91年8月,服務類-娛樂,60.03,5.3
63000,91年8月,服務類-雜項,88.76,-0.92
63000,91年9月,總指數(含食物),81.52,-0.66
63000,91年9月,商品類(含食物),76.84,-2.3
63000,91年9月,商品類(不含食物),94.79,-0.63
63000,91年9月,商品類-非耐久性消費品(含食物),65.68,-3.18
63000,91年9月,商品類-非耐久性消費品(不含食物),82.48,-0.6
63000,91年9月,商品類-半耐久性消費品,84.73,0.33
63000,91年9月,商品類-耐久性消費品,136.71,-1.56
63000,91年9月,服務類,85.02,0.56
63000,91年9月,服務類(不含食物),87.84,0.23
63000,91年9月,服務類-外食費,72.35,2.55
63000,91年9月,服務類-衣著,76.32,0
63000,91年9月,服務類-居住,93.24,-1.59
63000,91年9月,服務類-交通及通訊,96.62,-1.84
63000,91年9月,服務類-醫藥保健,79.43,5.3
63000,91年9月,服務類-教養娛樂,73.42,2.7
63000,91年9月,服務類-教養,90.92,0.04
63000,91年9月,服務類-娛樂,58.68,5.96
63000,91年9月,服務類-雜項,92.95,3.76
63000,91年10月,總指數(含食物),82.24,-0.74
63000,91年10月,商品類(含食物),78.91,-1.95
63000,91年10月,商品類(不含食物),99.35,-0.21
63000,91年10月,商品類-非耐久性消費品(含食物),65.26,-2.89
63000,91年10月,商品類-非耐久性消費品(不含食物),81.23,0.01
63000,91年10月,商品類-半耐久性消費品,100.1,1.25
63000,91年10月,商品類-耐久性消費品,136.19,-2.11
63000,91年10月,服務類,84.64,0.17
63000,91年10月,服務類(不含食物),87.38,-0.15
63000,91年10月,服務類-外食費,72.35,2.06
63000,91年10月,服務類-衣著,76.1,-0.29
63000,91年10月,服務類-居住,93.01,-1.86
63000,91年10月,服務類-交通及通訊,95.79,-1.74
63000,91年10月,服務類-醫藥保健,79.43,5.3
63000,91年10月,服務類-教養娛樂,73.92,4.55
63000,91年10月,服務類-教養,90.92,0.04
63000,91年10月,服務類-娛樂,59.55,10.24
63000,91年10月,服務類-雜項,88.76,-3.11
63000,91年11月,總指數(含食物),82.01,0.14
63000,91年11月,商品類(含食物),78.58,-0.46
63000,91年11月,商品類(不含食物),98.92,-0.73
63000,91年11月,商品類-非耐久性消費品(含食物),65.09,-0.03
63000,91年11月,商品類-非耐久性消費品(不含食物),81.25,-0.04
63000,91年11月,商品類-半耐久性消費品,99.33,-0.44
63000,91年11月,商品類-耐久性消費品,135.35,-1.92
63000,91年11月,服務類,84.49,0.6
63000,91年11月,服務類(不含食物),87.2,0.51
63000,91年11月,服務類-外食費,72.35,1.12
63000,91年11月,服務類-衣著,75.65,-0.88
63000,91年11月,服務類-居住,93.11,-1.1
63000,91年11月,服務類-交通及通訊,96.12,-0.47
63000,91年11月,服務類-醫藥保健,79.43,5.3
63000,91年11月,服務類-教養娛樂,73.06,4.13
63000,91年11月,服務類-教養,90.9,0.02
63000,91年11月,服務類-娛樂,58.07,9.4
63000,91年11月,服務類-雜項,88.76,-0.86
63000,91年12月,總指數(含食物),81.53,0.68
63000,91年12月,商品類(含食物),77.98,1.21
63000,91年12月,商品類(不含食物),98.37,0.13
63000,91年12月,商品類-非耐久性消費品(含食物),64.74,2.4
63000,91年12月,商品類-非耐久性消費品(不含食物),81.65,1.66
63000,91年12月,商品類-半耐久性消費品,97.29,0.38
63000,91年12月,商品類-耐久性消費品,135.2,-1.97
63000,91年12月,服務類,84.13,0.32
63000,91年12月,服務類(不含食物),86.76,0.22
63000,91年12月,服務類-外食費,72.35,0.88
63000,91年12月,服務類-衣著,69.98,-8.31
63000,91年12月,服務類-居住,92.75,-1.41
63000,91年12月,服務類-交通及通訊,95.77,0.58
63000,91年12月,服務類-醫藥保健,79.43,5.3
63000,91年12月,服務類-教養娛樂,72.35,3.03
63000,91年12月,服務類-教養,90.95,0.08
63000,91年12月,服務類-娛樂,56.81,6.79
63000,91年12月,服務類-雜項,88.76,-0.58
63000,92年1月,總指數(含食物),81.98,1.33
63000,92年1月,商品類(含食物),77.03,0.61
63000,92年1月,商品類(不含食物),95.68,0.04
63000,92年1月,商品類-非耐久性消費品(含食物),65.3,1.6
63000,92年1月,商品類-非耐久性消費品(不含食物),81.93,1.66
63000,92年1月,商品類-半耐久性消費品,87.78,-1.04
63000,92年1月,商品類-耐久性消費品,134.55,-2.68
63000,92年1月,服務類,85.58,1.76
63000,92年1月,服務類(不含食物),88.54,1.93
63000,92年1月,服務類-外食費,72.35,0.88
63000,92年1月,服務類-衣著,74,-3.04
63000,92年1月,服務類-居住,92.84,-1.15
63000,92年1月,服務類-交通及通訊,96.54,1.09
63000,92年1月,服務類-醫藥保健,79.43,5.3
63000,92年1月,服務類-教養娛樂,73.27,2.72
63000,92年1月,服務類-教養,90.97,0.1
63000,92年1月,服務類-娛樂,58.46,6.1
63000,92年1月,服務類-雜項,107.2,20.23
63000,92年2月,總指數(含食物),80.7,-1.97
63000,92年2月,商品類(含食物),75.89,-0.08
63000,92年2月,商品類(不含食物),94.86,0.55
63000,92年2月,商品類-非耐久性消費品(含食物),64.37,0.03
63000,92年2月,商品類-非耐久性消費品(不含食物),82.06,1.42
63000,92年2月,商品類-半耐久性消費品,85.08,0.2
63000,92年2月,商品類-耐久性消費品,134.03,-2.56
63000,92年2月,服務類,84.21,-3.36
63000,92年2月,服務類(不含食物),86.86,-4.05
63000,92年2月,服務類-外食費,72.35,0.88
63000,92年2月,服務類-衣著,74,-3.04
63000,92年2月,服務類-居住,92.3,-3.08
63000,92年2月,服務類-交通及通訊,95.79,-1.48
63000,92年2月,服務類-醫藥保健,79.43,5.3
63000,92年2月,服務類-教養娛樂,73.18,1.72
63000,92年2月,服務類-教養,90.24,-0.68
63000,92年2月,服務類-娛樂,58.88,4.81
63000,92年2月,服務類-雜項,89.77,-22.94
63000,92年3月,總指數(含食物),80.78,0.39
63000,92年3月,商品類(含食物),76.4,1.13
63000,92年3月,商品類(不含食物),96.03,2.15
63000,92年3月,商品類-非耐久性消費品(含食物),64.5,0.84
63000,92年3月,商品類-非耐久性消費品(不含食物),82.72,2.54
63000,92年3月,商品類-半耐久性消費品,85.34,1.49
63000,92年3月,商品類-耐久性消費品,137.47,-0.23
63000,92年3月,服務類,83.97,-0.2
63000,92年3月,服務類(不含食物),86.76,-0.2
63000,92年3月,服務類-外食費,71.52,-0.1
63000,92年3月,服務類-衣著,74,-3.04
63000,92年3月,服務類-居住,92.22,-1.64
63000,92年3月,服務類-交通及通訊,95.48,-1.31
63000,92年3月,服務類-醫藥保健,79.36,7.36
63000,92年3月,服務類-教養娛樂,73.45,2.57
63000,92年3月,服務類-教養,89.88,-1.08
63000,92年3月,服務類-娛樂,59.65,7.28
63000,92年3月,服務類-雜項,88.68,-0.48
63000,92年4月,總指數(含食物),81.86,0.7
63000,92年4月,商品類(含食物),78.89,1.89
63000,92年4月,商品類(不含食物),99.7,1.93
63000,92年4月,商品類-非耐久性消費品(含食物),65.21,1.42
63000,92年4月,商品類-非耐久性消費品(不含食物),82.07,0.82
63000,92年4月,商品類-半耐久性消費品,100.17,6.01
63000,92年4月,商品類-耐久性消費品,136.56,-0.71
63000,92年4月,服務類,84.03,-0.11
63000,92年4月,服務類(不含食物),86.85,-0.07
63000,92年4月,服務類-外食費,71.47,-0.17
63000,92年4月,服務類-衣著,74,-3.04
63000,92年4月,服務類-居住,92.07,-1.71
63000,92年4月,服務類-交通及通訊,95.86,-0.38
63000,92年4月,服務類-醫藥保健,79.36,7.36
63000,92年4月,服務類-教養娛樂,73.83,2.8
63000,92年4月,服務類-教養,89.88,-1.08
63000,92年4月,服務類-娛樂,60.34,7.83
63000,92年4月,服務類-雜項,88.84,-0.37
63000,92年5月,總指數(含食物),81.5,0.68
63000,92年5月,商品類(含食物),78.12,2.4
63000,92年5月,商品類(不含食物),98.07,1.68
63000,92年5月,商品類-非耐久性消費品(含食物),64.9,2.01
63000,92年5月,商品類-非耐久性消費品(不含食物),80.96,-0.48
63000,92年5月,商品類-半耐久性消費品,97.91,7.11
63000,92年5月,商品類-耐久性消費品,134.62,-1.15
63000,92年5月,服務類,83.98,-0.52
63000,92年5月,服務類(不含食物),86.8,-0.39
63000,92年5月,服務類-外食費,71.4,-1.15
63000,92年5月,服務類-衣著,74,-3.04
63000,92年5月,服務類-居住,91.99,-1.49
63000,92年5月,服務類-交通及通訊,95.38,-0.65
63000,92年5月,服務類-醫藥保健,79.36,7.36
63000,92年5月,服務類-教養娛樂,73.98,1.66
63000,92年5月,服務類-教養,89.88,-1.08
63000,92年5月,服務類-娛樂,60.61,5.21
63000,92年5月,服務類-雜項,88.91,-1.45
63000,92年6月,總指數(含食物),80.78,-0.78
63000,92年6月,商品類(含食物),76.51,-0.52
63000,92年6月,商品類(不含食物),96.36,-0.81
63000,92年6月,商品類-非耐久性消費品(含食物),64.17,-0.28
63000,92年6月,商品類-非耐久性消費品(不含食物),81.88,-0.96
63000,92年6月,商品類-半耐久性消費品,92.38,1.11
63000,92年6月,商品類-耐久性消費品,131.95,-3.55
63000,92年6月,服務類,83.9,-1.01
63000,92年6月,服務類(不含食物),87.01,-0.62
63000,92年6月,服務類-外食費,70.05,-3.02
63000,92年6月,服務類-衣著,74,-3.04
63000,92年6月,服務類-居住,92.1,-1.5
63000,92年6月,服務類-交通及通訊,94.78,-1.77
63000,92年6月,服務類-醫藥保健,79.19,7.13
63000,92年6月,服務類-教養娛樂,74.23,1.16
63000,92年6月,服務類-教養,90.61,-0.28
63000,92年6月,服務類-娛樂,60.48,3.12
63000,92年6月,服務類-雜項,91.08,-0.36
63000,92年7月,總指數(含食物),80.62,-1.06
63000,92年7月,商品類(含食物),76.03,-1.2
63000,92年7月,商品類(不含食物),95.05,-0.52
63000,92年7月,商品類-非耐久性消費品(含食物),64.34,-1.38
63000,92年7月,商品類-非耐久性消費品(不含食物),81.75,-0.35
63000,92年7月,商品類-半耐久性消費品,86.19,-1.02
63000,92年7月,商品類-耐久性消費品,134.17,-2.36
63000,92年7月,服務類,83.98,-1.04
63000,92年7月,服務類(不含食物),87.29,-0.46
63000,92年7月,服務類-外食費,69.22,-4.03
63000,92年7月,服務類-衣著,74,-3.04
63000,92年7月,服務類-居住,91.9,-1.39
63000,92年7月,服務類-交通及通訊,95.74,-1.05
63000,92年7月,服務類-醫藥保健,79.19,7.13
63000,92年7月,服務類-教養娛樂,75.87,1.11
63000,92年7月,服務類-教養,91.16,0.33
63000,92年7月,服務類-娛樂,62.98,2.37
63000,92年7月,服務類-雜項,88.85,0.1
63000,92年8月,總指數(含食物),80.88,-0.71
63000,92年8月,商品類(含食物),76.41,-1.07
63000,92年8月,商品類(不含食物),95.15,0.18
63000,92年8月,商品類-非耐久性消費品(含食物),65.1,-1.45
63000,92年8月,商品類-非耐久性消費品(不含食物),82.77,0.45
63000,92年8月,商品類-半耐久性消費品,84.32,-1.32
63000,92年8月,商品類-耐久性消費品,134.7,-1.41
63000,92年8月,服務類,84.11,-0.56
63000,92年8月,服務類(不含食物),87.46,0.1
63000,92年8月,服務類-外食費,69.22,-3.9
63000,92年8月,服務類-衣著,74,-3.04
63000,92年8月,服務類-居住,91.79,-1.35
63000,92年8月,服務類-交通及通訊,96.11,-0.77
63000,92年8月,服務類-醫藥保健,79.19,7.13
63000,92年8月,服務類-教養娛樂,76.54,3.17
63000,92年8月,服務類-教養,91.16,0.26
63000,92年8月,服務類-娛樂,64.19,6.93
63000,92年8月,服務類-雜項,88.85,0.1
63000,92年9月,總指數(含食物),81.23,-0.35
63000,92年9月,商品類(含食物),76.84,0
63000,92年9月,商品類(不含食物),95.11,0.34
63000,92年9月,商品類-非耐久性消費品(含食物),65.65,-0.05
63000,92年9月,商品類-非耐久性消費品(不含食物),82.68,0.24
63000,92年9月,商品類-半耐久性消費品,85.32,0.7
63000,92年9月,商品類-耐久性消費品,133.49,-2.36
63000,92年9月,服務類,84.43,-0.69
63000,92年9月,服務類(不含食物),87.85,0.01
63000,92年9月,服務類-外食費,69.23,-4.31
63000,92年9月,服務類-衣著,74,-3.04
63000,92年9月,服務類-居住,91.79,-1.56
63000,92年9月,服務類-交通及通訊,95.62,-1.03
63000,92年9月,服務類-醫藥保健,79.19,-0.3
63000,92年9月,服務類-教養娛樂,77.49,5.54
63000,92年9月,服務類-教養,92.06,1.25
63000,92年9月,服務類-娛樂,65.17,11.06
63000,92年9月,服務類-雜項,91.38,-1.69
63000,92年10月,總指數(含食物),82.12,-0.14
63000,92年10月,商品類(含食物),79.11,0.25
63000,92年10月,商品類(不含食物),98.26,-1.1
63000,92年10月,商品類-非耐久性消費品(含食物),66.07,1.24
63000,92年10月,商品類-非耐久性消費品(不含食物),80.97,-0.32
63000,92年10月,商品類-半耐久性消費品,97.76,-2.34
63000,92年10月,商品類-耐久性消費品,135.61,-0.43
63000,92年10月,服務類,84.33,-0.37
63000,92年10月,服務類(不含食物),87.69,0.35
63000,92年10月,服務類-外食費,69.38,-4.11
63000,92年10月,服務類-衣著,74,-2.76
63000,92年10月,服務類-居住,91.72,-1.39
63000,92年10月,服務類-交通及通訊,95.56,-0.24
63000,92年10月,服務類-醫藥保健,79.19,-0.3
63000,92年10月,服務類-教養娛樂,77.75,5.18
63000,92年10月,服務類-教養,92.06,1.25
63000,92年10月,服務類-娛樂,65.64,10.23
63000,92年10月,服務類-雜項,88.85,0.1
63000,92年11月,總指數(含食物),81.75,-0.31
63000,92年11月,商品類(含食物),78.24,-0.43
63000,92年11月,商品類(不含食物),97.77,-1.16
63000,92年11月,商品類-非耐久性消費品(含食物),65.05,-0.06
63000,92年11月,商品類-非耐久性消費品(不含食物),80.34,-1.12
63000,92年11月,商品類-半耐久性消費品,97.86,-1.48
63000,92年11月,商品類-耐久性消費品,134.71,-0.47
63000,92年11月,服務類,84.32,-0.2
63000,92年11月,服務類(不含食物),87.72,0.6
63000,92年11月,服務類-外食費,69.2,-4.35
63000,92年11月,服務類-衣著,74,-2.18
63000,92年11月,服務類-居住,91.66,-1.56
63000,92年11月,服務類-交通及通訊,96.08,-0.04
63000,92年11月,服務類-醫藥保健,79.39,-0.05
63000,92年11月,服務類-教養娛樂,77.71,6.36
63000,92年11月,服務類-教養,92.06,1.28
63000,92年11月,服務類-娛樂,65.56,12.9
63000,92年11月,服務類-雜項,88.95,0.21
63000,92年12月,總指數(含食物),82.02,0.6
63000,92年12月,商品類(含食物),78.42,0.56
63000,92年12月,商品類(不含食物),97.38,-1.01
63000,92年12月,商品類-非耐久性消費品(含食物),65.72,1.51
63000,92年12月,商品類-非耐久性消費品(不含食物),80.97,-0.83
63000,92年12月,商品類-半耐久性消費品,96.22,-1.1
63000,92年12月,商品類-耐久性消費品,133.65,-1.15
63000,92年12月,服務類,84.66,0.63
63000,92年12月,服務類(不含食物),87.87,1.28
63000,92年12月,服務類-外食費,70.36,-2.75
63000,92年12月,服務類-衣著,74,5.74
63000,92年12月,服務類-居住,91.43,-1.42
63000,92年12月,服務類-交通及通訊,96.02,0.26
63000,92年12月,服務類-醫藥保健,79.39,-0.05
63000,92年12月,服務類-教養娛樂,78.71,8.79
63000,92年12月,服務類-教養,92.06,1.22
63000,92年12月,服務類-娛樂,67.37,18.59
63000,92年12月,服務類-雜項,88.97,0.24
63000,93年1月,總指數(含食物),82.95,1.19
63000,93年1月,商品類(含食物),77.44,0.53
63000,93年1月,商品類(不含食物),95.89,0.22
63000,93年1月,商品類-非耐久性消費品(含食物),65.56,0.4
63000,93年1月,商品類-非耐久性消費品(不含食物),81.49,-0.54
63000,93年1月,商品類-半耐久性消費品,91.05,3.73
63000,93年1月,商品類-耐久性消費品,132.38,-1.61
63000,93年1月,服務類,86.96,1.61
63000,93年1月,服務類(不含食物),90.79,2.54
63000,93年1月,服務類-外食費,69.94,-3.33
63000,93年1月,服務類-衣著,74,0
63000,93年1月,服務類-居住,91.7,-1.23
63000,93年1月,服務類-交通及通訊,97,0.48
63000,93年1月,服務類-醫藥保健,79.39,-0.05
63000,93年1月,服務類-教養娛樂,80.78,10.25
63000,93年1月,服務類-教養,92.06,1.2
63000,93年1月,服務類-娛樂,71.09,21.6
63000,93年1月,服務類-雜項,117.21,9.34
63000,93年2月,總指數(含食物),81.67,1.19
63000,93年2月,商品類(含食物),77.81,2.53
63000,93年2月,商品類(不含食物),95.56,0.74
63000,93年2月,商品類-非耐久性消費品(含食物),66.51,3.32
63000,93年2月,商品類-非耐久性消費品(不含食物),82.33,0.33
63000,93年2月,商品類-半耐久性消費品,88.32,3.81
63000,93年2月,商品類-耐久性消費品,132.5,-1.14
63000,93年2月,服務類,84.5,0.34
63000,93年2月,服務類(不含食物),87.45,0.68
63000,93年2月,服務類-外食費,71.31,-1.44
63000,93年2月,服務類-衣著,74,0
63000,93年2月,服務類-居住,91.18,-1.21
63000,93年2月,服務類-交通及通訊,96.2,0.43
63000,93年2月,服務類-醫藥保健,80.91,1.86
63000,93年2月,服務類-教養娛樂,77.32,5.66
63000,93年2月,服務類-教養,92.06,2.02
63000,93年2月,服務類-娛樂,64.87,10.17
63000,93年2月,服務類-雜項,88.95,-0.91
63000,93年3月,總指數(含食物),81.81,1.28
63000,93年3月,商品類(含食物),78.34,2.54
63000,93年3月,商品類(不含食物),95.63,-0.42
63000,93年3月,商品類-非耐久性消費品(含食物),67.13,4.08
63000,93年3月,商品類-非耐久性消費品(不含食物),82.22,-0.6
63000,93年3月,商品類-半耐久性消費品,87.31,2.31
63000,93年3月,商品類-耐久性消費品,134.3,-2.31
63000,93年3月,服務類,84.34,0.44
63000,93年3月,服務類(不含食物),87.46,0.81
63000,93年3月,服務類-外食費,70.44,-1.51
63000,93年3月,服務類-衣著,74,0
63000,93年3月,服務類-居住,91.15,-1.16
63000,93年3月,服務類-交通及通訊,96.11,0.66
63000,93年3月,服務類-醫藥保健,80.91,1.95
63000,93年3月,服務類-教養娛樂,77.46,5.46
63000,93年3月,服務類-教養,91.66,1.98
63000,93年3月,服務類-娛樂,65.45,9.72
63000,93年3月,服務類-雜項,88.95,0.3
63000,93年4月,總指數(含食物),82.89,1.26
63000,93年4月,商品類(含食物),80.76,2.37
63000,93年4月,商品類(不含食物),100.25,0.55
63000,93年4月,商品類-非耐久性消費品(含食物),67.48,3.48
63000,93年4月,商品類-非耐久性消費品(不含食物),82.63,0.68
63000,93年4月,商品類-半耐久性消費品,102.46,2.29
63000,93年4月,商品類-耐久性消費品,134.9,-1.22
63000,93年4月,服務類,84.45,0.5
63000,93年4月,服務類(不含食物),87.63,0.9
63000,93年4月,服務類-外食費,70.3,-1.64
63000,93年4月,服務類-衣著,74,0
63000,93年4月,服務類-居住,91,-1.16
63000,93年4月,服務類-交通及通訊,96.51,0.68
63000,93年4月,服務類-醫藥保健,80.91,1.95
63000,93年4月,服務類-教養娛樂,78.17,5.88
63000,93年4月,服務類-教養,91.66,1.98
63000,93年4月,服務類-娛樂,66.72,10.57
63000,93年4月,服務類-雜項,88.95,0.12
63000,93年5月,總指數(含食物),82.71,1.48
63000,93年5月,商品類(含食物),80.17,2.62
63000,93年5月,商品類(不含食物),99.88,1.85
63000,93年5月,商品類-非耐久性消費品(含食物),66.94,3.14
63000,93年5月,商品類-非耐久性消費品(不含食物),82.63,2.06
63000,93年5月,商品類-半耐久性消費品,99.34,1.46
63000,93年5月,商品類-耐久性消費品,137.18,1.9
63000,93年5月,服務類,84.57,0.7
63000,93年5月,服務類(不含食物),87.65,0.98
63000,93年5月,服務類-外食費,70.83,-0.8
63000,93年5月,服務類-衣著,74,0
63000,93年5月,服務類-居住,90.92,-1.16
63000,93年5月,服務類-交通及通訊,97.03,1.73
63000,93年5月,服務類-醫藥保健,80.91,1.95
63000,93年5月,服務類-教養娛樂,78.19,5.69
63000,93年5月,服務類-教養,91.66,1.98
63000,93年5月,服務類-娛樂,66.76,10.15
63000,93年5月,服務類-雜項,88.95,0.04
63000,93年6月,總指數(含食物),82.94,2.67
63000,93年6月,商品類(含食物),80.02,4.59
63000,93年6月,商品類(不含食物),99.65,3.41
63000,93年6月,商品類-非耐久性消費品(含食物),67.39,5.02
63000,93年6月,商品類-非耐久性消費品(不含食物),84.19,2.82
63000,93年6月,商品類-半耐久性消費品,96.38,4.33
63000,93年6月,商品類-耐久性消費品,136.44,3.4
63000,93年6月,服務類,85.07,1.39
63000,93年6月,服務類(不含食物),88.15,1.31
63000,93年6月,服務類-外食費,71.35,1.86
63000,93年6月,服務類-衣著,74,0
63000,93年6月,服務類-居住,90.91,-1.29
63000,93年6月,服務類-交通及通訊,97.24,2.6
63000,93年6月,服務類-醫藥保健,80.91,2.17
63000,93年6月,服務類-教養娛樂,79.02,6.45
63000,93年6月,服務類-教養,91.38,0.85
63000,93年6月,服務類-娛樂,68.47,13.21
63000,93年6月,服務類-雜項,92.29,1.33
63000,93年7月,總指數(含食物),83.87,4.04
63000,93年7月,商品類(含食物),81.35,7
63000,93年7月,商品類(不含食物),98.04,3.15
63000,93年7月,商品類-非耐久性消費品(含食物),70.11,8.97
63000,93年7月,商品類-非耐久性消費品(不含食物),84.1,2.87
63000,93年7月,商品類-半耐久性消費品,92.09,6.85
63000,93年7月,商品類-耐久性消費品,134.88,0.53
63000,93年7月,服務類,85.74,2.1
63000,93年7月,服務類(不含食物),88.73,1.65
63000,93年7月,服務類-外食費,72.39,4.58
63000,93年7月,服務類-衣著,74,0
63000,93年7月,服務類-居住,90.78,-1.22
63000,93年7月,服務類-交通及通訊,98.08,2.44
63000,93年7月,服務類-醫藥保健,80.96,2.24
63000,93年7月,服務類-教養娛樂,82,8.08
63000,93年7月,服務類-教養,91.17,0.01
63000,93年7月,服務類-娛樂,74.01,17.51
63000,93年7月,服務類-雜項,88.95,0.11
63000,93年8月,總指數(含食物),83.87,3.7
63000,93年8月,商品類(含食物),81.33,6.44
63000,93年8月,商品類(不含食物),97.72,2.7
63000,93年8月,商品類-非耐久性消費品(含食物),70.35,8.06
63000,93年8月,商品類-非耐久性消費品(不含食物),84.32,1.87
63000,93年8月,商品類-半耐久性消費品,90.43,7.25
63000,93年8月,商品類-耐久性消費品,135.06,0.27
63000,93年8月,服務類,85.73,1.93
63000,93年8月,服務類(不含食物),88.84,1.58
63000,93年8月,服務類-外食費,71.88,3.84
63000,93年8月,服務類-衣著,74,0
63000,93年8月,服務類-居住,90.78,-1.1
63000,93年8月,服務類-交通及通訊,97.72,1.68
63000,93年8月,服務類-醫藥保健,80.96,2.24
63000,93年8月,服務類-教養娛樂,82.48,7.76
63000,93年8月,服務類-教養,92.23,1.17
63000,93年8月,服務類-娛樂,74.02,15.31
63000,93年8月,服務類-雜項,89.22,0.42
63000,93年9月,總指數(含食物),84.3,3.77
63000,93年9月,商品類(含食物),82.3,7.11
63000,93年9月,商品類(不含食物),97.99,3.03
63000,93年9月,商品類-非耐久性消費品(含食物),71.52,8.94
63000,93年9月,商品類-非耐久性消費品(不含食物),84.61,2.33
63000,93年9月,商品類-半耐久性消費品,90.62,6.21
63000,93年9月,商品類-耐久性消費品,135.39,1.42
63000,93年9月,服務類,85.77,1.59
63000,93年9月,服務類(不含食物),88.88,1.17
63000,93年9月,服務類-外食費,71.88,3.83
63000,93年9月,服務類-衣著,74,0
63000,93年9月,服務類-居住,90.9,-0.97
63000,93年9月,服務類-交通及通訊,97.54,2.01
63000,93年9月,服務類-醫藥保健,80.96,2.24
63000,93年9月,服務類-教養娛樂,81.63,5.34
63000,93年9月,服務類-教養,92.76,0.76
63000,93年9月,服務類-娛樂,72.05,10.56
63000,93年9月,服務類-雜項,92.38,1.09
63000,93年10月,總指數(含食物),84.68,3.12
63000,93年10月,商品類(含食物),83.37,5.38
63000,93年10月,商品類(不含食物),100.6,2.38
63000,93年10月,商品類-非耐久性消費品(含食物),71.01,7.48
63000,93年10月,商品類-非耐久性消費品(不含食物),83.79,3.48
63000,93年10月,商品類-半耐久性消費品,101.4,3.72
63000,93年10月,商品類-耐久性消費品,135.26,-0.26
63000,93年10月,服務類,85.65,1.57
63000,93年10月,服務類(不含食物),88.61,1.05
63000,93年10月,服務類-外食費,72.48,4.47
63000,93年10月,服務類-衣著,74,0
63000,93年10月,服務類-居住,90.86,-0.94
63000,93年10月,服務類-交通及通訊,97.36,1.88
63000,93年10月,服務類-醫藥保健,80.96,2.24
63000,93年10月,服務類-教養娛樂,81.63,4.99
63000,93年10月,服務類-教養,92.76,0.76
63000,93年10月,服務類-娛樂,72.06,9.78
63000,93年10月,服務類-雜項,89.21,0.41
63000,93年11月,總指數(含食物),83.53,2.17
63000,93年11月,商品類(含食物),80.86,3.35
63000,93年11月,商品類(不含食物),99.8,2.08
63000,93年11月,商品類-非耐久性消費品(含食物),68.06,4.63
63000,93年11月,商品類-非耐久性消費品(不含食物),83.17,3.52
63000,93年11月,商品類-半耐久性消費品,99.97,2.16
63000,93年11月,商品類-耐久性消費品,134.84,0.1
63000,93年11月,服務類,85.49,1.39
63000,93年11月,服務類(不含食物),88.34,0.71
63000,93年11月,服務類-外食費,72.78,5.17
63000,93年11月,服務類-衣著,74,0
63000,93年11月,服務類-居住,90.77,-0.97
63000,93年11月,服務類-交通及通訊,97.51,1.49
63000,93年11月,服務類-醫藥保健,80.96,1.98
63000,93年11月,服務類-教養娛樂,80.73,3.89
63000,93年11月,服務類-教養,92.76,0.76
63000,93年11月,服務類-娛樂,70.43,7.43
63000,93年11月,服務類-雜項,89.17,0.25
63000,93年12月,總指數(含食物),83.86,2.24
63000,93年12月,商品類(含食物),81.16,3.49
63000,93年12月,商品類(不含食物),99.83,2.52
63000,93年12月,商品類-非耐久性消費品(含食物),68.65,4.46
63000,93年12月,商品類-非耐久性消費品(不含食物),83.84,3.54
63000,93年12月,商品類-半耐久性消費品,99.09,2.98
63000,93年12月,商品類-耐久性消費品,134.64,0.74
63000,93年12月,服務類,85.83,1.38
63000,93年12月,服務類(不含食物),88.52,0.74
63000,93年12月,服務類-外食費,73.81,4.9
63000,93年12月,服務類-衣著,74,0
63000,93年12月,服務類-居住,90.79,-0.7
63000,93年12月,服務類-交通及通訊,97.94,2
63000,93年12月,服務類-醫藥保健,80.96,1.98
63000,93年12月,服務類-教養娛樂,81.2,3.16
63000,93年12月,服務類-教養,92.76,0.76
63000,93年12月,服務類-娛樂,71.29,5.82
63000,93年12月,服務類-雜項,89.17,0.22
63000,94年1月,總指數(含食物),83.47,0.63
63000,94年1月,商品類(含食物),80.07,3.4
63000,94年1月,商品類(不含食物),98.57,2.79
63000,94年1月,商品類-非耐久性消費品(含食物),68,3.72
63000,94年1月,商品類-非耐久性消費品(不含食物),83.74,2.76
63000,94年1月,商品類-半耐久性消費品,94.06,3.31
63000,94年1月,商品類-耐久性消費品,135.55,2.39
63000,94年1月,服務類,85.95,-1.16
63000,94年1月,服務類(不含食物),88.91,-2.07
63000,94年1月,服務類-外食費,72.78,4.06
63000,94年1月,服務類-衣著,74.37,0.5
63000,94年1月,服務類-居住,90.96,-0.81
63000,94年1月,服務類-交通及通訊,98.05,1.08
63000,94年1月,服務類-醫藥保健,80.96,1.98
63000,94年1月,服務類-教養娛樂,82.26,1.83
63000,94年1月,服務類-教養,93.22,1.26
63000,94年1月,服務類-娛樂,72.82,2.43
63000,94年1月,服務類-雜項,89.21,-23.89
63000,94年2月,總指數(含食物),84.57,3.55
63000,94年2月,商品類(含食物),79.5,2.17
63000,94年2月,商品類(不含食物),97.75,2.29
63000,94年2月,商品類-非耐久性消費品(含食物),67.81,1.95
63000,94年2月,商品類-非耐久性消費品(不含食物),83.85,1.85
63000,94年2月,商品類-半耐久性消費品,90.79,2.8
63000,94年2月,商品類-耐久性消費品,135.78,2.48
63000,94年2月,服務類,88.25,4.44
63000,94年2月,服務類(不含食物),91.61,4.76
63000,94年2月,服務類-外食費,73.26,2.73
63000,94年2月,服務類-衣著,74.37,0.5
63000,94年2月,服務類-居住,91.78,0.66
63000,94年2月,服務類-交通及通訊,99.12,3.04
63000,94年2月,服務類-醫藥保健,80.96,0.06
63000,94年2月,服務類-教養娛樂,82.82,7.11
63000,94年2月,服務類-教養,93.22,1.26
63000,94年2月,服務類-娛樂,73.83,13.81
63000,94年2月,服務類-雜項,116.2,30.64
63000,94年3月,總指數(含食物),84.01,2.68
63000,94年3月,商品類(含食物),81.72,4.31
63000,94年3月,商品類(不含食物),97.78,2.25
63000,94年3月,商品類-非耐久性消費品(含食物),70.76,5.41
63000,94年3月,商品類-非耐久性消費品(不含食物),84.11,2.3
63000,94年3月,商品類-半耐久性消費品,91.26,4.52
63000,94年3月,商品類-耐久性消費品,134.76,0.34
63000,94年3月,服務類,85.67,1.58
63000,94年3月,服務類(不含食物),88.43,1.11
63000,94年3月,服務類-外食費,73.34,4.12
63000,94年3月,服務類-衣著,74.37,0.5
63000,94年3月,服務類-居住,90.96,-0.21
63000,94年3月,服務類-交通及通訊,97.67,1.62
63000,94年3月,服務類-醫藥保健,80.96,0.06
63000,94年3月,服務類-教養娛樂,80.66,4.13
63000,94年3月,服務類-教養,93.22,1.7
63000,94年3月,服務類-娛樂,69.94,6.86
63000,94年3月,服務類-雜項,89.19,0.27
63000,94年4月,總指數(含食物),84.62,2.08
63000,94年4月,商品類(含食物),83.04,2.82
63000,94年4月,商品類(不含食物),101.03,0.78
63000,94年4月,商品類-非耐久性消費品(含食物),70.54,4.53
63000,94年4月,商品類-非耐久性消費品(不含食物),84.56,2.34
63000,94年4月,商品類-半耐久性消費品,102.14,-0.31
63000,94年4月,商品類-耐久性消費品,134.56,-0.25
63000,94年4月,服務類,85.78,1.57
63000,94年4月,服務類(不含食物),88.61,1.12
63000,94年4月,服務類-外食費,73.13,4.03
63000,94年4月,服務類-衣著,74.37,0.5
63000,94年4月,服務類-居住,90.97,-0.03
63000,94年4月,服務類-交通及通訊,97.7,1.23
63000,94年4月,服務類-醫藥保健,80.96,0.06
63000,94年4月,服務類-教養娛樂,81.29,3.99
63000,94年4月,服務類-教養,93.22,1.7
63000,94年4月,服務類-娛樂,71.08,6.53
63000,94年4月,服務類-雜項,89.19,0.27
63000,94年5月,總指數(含食物),84.95,2.71
63000,94年5月,商品類(含食物),83.79,4.52
63000,94年5月,商品類(不含食物),100.74,0.86
63000,94年5月,商品類-非耐久性消費品(含食物),71.75,7.19
63000,94年5月,商品類-非耐久性消費品(不含食物),84.7,2.51
63000,94年5月,商品類-半耐久性消費品,101.28,1.95
63000,94年5月,商品類-耐久性消費品,134.03,-2.3
63000,94年5月,服務類,85.83,1.49
63000,94年5月,服務類(不含食物),88.67,1.16
63000,94年5月,服務類-外食費,73.15,3.28
63000,94年5月,服務類-衣著,74.37,0.5
63000,94年5月,服務類-居住,91.04,0.13
63000,94年5月,服務類-交通及通訊,97.71,0.7
63000,94年5月,服務類-醫藥保健,80.96,0.06
63000,94年5月,服務類-教養娛樂,81.38,4.08
63000,94年5月,服務類-教養,93.22,1.7
63000,94年5月,服務類-娛樂,71.23,6.7
63000,94年5月,服務類-雜項,89.23,0.31
63000,94年6月,總指數(含食物),85.03,2.52
63000,94年6月,商品類(含食物),83.04,3.77
63000,94年6月,商品類(不含食物),100.56,0.91
63000,94年6月,商品類-非耐久性消費品(含食物),71.26,5.74
63000,94年6月,商品類-非耐久性消費品(不含食物),85.89,2.02
63000,94年6月,商品類-半耐久性消費品,98.44,2.14
63000,94年6月,商品類-耐久性消費品,134.17,-1.66
63000,94年6月,服務類,86.48,1.66
63000,94年6月,服務類(不含食物),89.4,1.42
63000,94年6月,服務類-外食費,73.45,2.94
63000,94年6月,服務類-衣著,74.37,0.5
63000,94年6月,服務類-居住,91.1,0.21
63000,94年6月,服務類-交通及通訊,98.63,1.43
63000,94年6月,服務類-醫藥保健,83.1,2.71
63000,94年6月,服務類-教養娛樂,82.15,3.96
63000,94年6月,服務類-教養,93.22,2.01
63000,94年6月,服務類-娛樂,72.62,6.06
63000,94年6月,服務類-雜項,93.29,1.08
63000,94年7月,總指數(含食物),85.75,2.24
63000,94年7月,商品類(含食物),84.53,3.91
63000,94年7月,商品類(不含食物),98.62,0.59
63000,94年7月,商品類-非耐久性消費品(含食物),74.3,5.98
63000,94年7月,商品類-非耐久性消費品(不含食物),85.48,1.64
63000,94年7月,商品類-半耐久性消費品,92.17,0.09
63000,94年7月,商品類-耐久性消費品,134.33,-0.41
63000,94年7月,服務類,86.66,1.07
63000,94年7月,服務類(不含食物),89.58,0.96
63000,94年7月,服務類-外食費,73.64,1.73
63000,94年7月,服務類-衣著,74.37,0.5
63000,94年7月,服務類-居住,91.05,0.3
63000,94年7月,服務類-交通及通訊,98.93,0.87
63000,94年7月,服務類-醫藥保健,84.93,4.9
63000,94年7月,服務類-教養娛樂,83.68,2.05
63000,94年7月,服務類-教養,92.02,0.93
63000,94年7月,服務類-娛樂,76.35,3.16
63000,94年7月,服務類-雜項,89.12,0.19
63000,94年8月,總指數(含食物),86.41,3.02
63000,94年8月,商品類(含食物),86.28,6.09
63000,94年8月,商品類(不含食物),98.4,0.7
63000,94年8月,商品類-非耐久性消費品(含食物),77.19,9.72
63000,94年8月,商品類-非耐久性消費品(不含食物),86.95,3.12
63000,94年8月,商品類-半耐久性消費品,89.65,-0.86
63000,94年8月,商品類-耐久性消費品,133.27,-1.33
63000,94年8月,服務類,86.52,0.92
63000,94年8月,服務類(不含食物),89.46,0.7
63000,94年8月,服務類-外食費,73.41,2.13
63000,94年8月,服務類-衣著,74.37,0.5
63000,94年8月,服務類-居住,91.05,0.3
63000,94年8月,服務類-交通及通訊,98.96,1.27
63000,94年8月,服務類-醫藥保健,85.85,6.04
63000,94年8月,服務類-教養娛樂,83.06,0.7
63000,94年8月,服務類-教養,92.18,-0.05
63000,94年8月,服務類-娛樂,75.1,1.46
63000,94年8月,服務類-雜項,89.12,-0.11
63000,94年9月,總指數(含食物),86.33,2.41
63000,94年9月,商品類(含食物),86.23,4.78
63000,94年9月,商品類(不含食物),98.53,0.55
63000,94年9月,商品類-非耐久性消費品(含食物),77.2,7.94
63000,94年9月,商品類-非耐久性消費品(不含食物),87.47,3.38
63000,94年9月,商品類-半耐久性消費品,89.36,-1.39
63000,94年9月,商品類-耐久性消費品,133.08,-1.71
63000,94年9月,服務類,86.43,0.77
63000,94年9月,服務類(不含食物),89.44,0.63
63000,94年9月,服務類-外食費,73,1.56
63000,94年9月,服務類-衣著,74.37,0.5
63000,94年9月,服務類-居住,90.98,0.09
63000,94年9月,服務類-交通及通訊,98.86,1.35
63000,94年9月,服務類-醫藥保健,85.85,6.04
63000,94年9月,服務類-教養娛樂,82.01,0.47
63000,94年9月,服務類-教養,92.79,0.03
63000,94年9月,服務類-娛樂,72.72,0.93
63000,94年9月,服務類-雜項,93.33,1.03
63000,94年10月,總指數(含食物),86.83,2.54
63000,94年10月,商品類(含食物),87.49,4.94
63000,94年10月,商品類(不含食物),100.42,-0.18
63000,94年10月,商品類-非耐久性消費品(含食物),77.26,8.8
63000,94年10月,商品類-非耐久性消費品(不含食物),86.24,2.92
63000,94年10月,商品類-半耐久性消費品,98.28,-3.08
63000,94年10月,商品類-耐久性消費品,133,-1.67
63000,94年10月,服務類,86.38,0.85
63000,94年10月,服務類(不含食物),89.26,0.73
63000,94年10月,服務類-外食費,73.52,1.43
63000,94年10月,服務類-衣著,74.37,0.5
63000,94年10月,服務類-居住,90.99,0.14
63000,94年10月,服務類-交通及通訊,97.23,-0.13
63000,94年10月,服務類-醫藥保健,85.85,6.04
63000,94年10月,服務類-教養娛樂,83.21,1.94
63000,94年10月,服務類-教養,93.55,0.85
63000,94年10月,服務類-娛樂,74.28,3.08
63000,94年10月,服務類-雜項,89.12,-0.1
63000,94年11月,總指數(含食物),85.59,2.47
63000,94年11月,商品類(含食物),84.74,4.8
63000,94年11月,商品類(不含食物),99.61,-0.19
63000,94年11月,商品類-非耐久性消費品(含食物),73.98,8.7
63000,94年11月,商品類-非耐久性消費品(不含食物),85.58,2.9
63000,94年11月,商品類-半耐久性消費品,96.56,-3.41
63000,94年11月,商品類-耐久性消費品,133,-1.36
63000,94年11月,服務類,86.23,0.87
63000,94年11月,服務類(不含食物),89.18,0.95
63000,94年11月,服務類-外食費,73.04,0.36
63000,94年11月,服務類-衣著,74.37,0.5
63000,94年11月,服務類-居住,90.99,0.24
63000,94年11月,服務類-交通及通訊,97.33,-0.18
63000,94年11月,服務類-醫藥保健,85.85,6.04
63000,94年11月,服務類-教養娛樂,82.9,2.69
63000,94年11月,服務類-教養,93.55,0.85
63000,94年11月,服務類-娛樂,73.72,4.67
63000,94年11月,服務類-雜項,88.99,-0.2
63000,94年12月,總指數(含食物),85.34,1.76
63000,94年12月,商品類(含食物),83.83,3.29
63000,94年12月,商品類(不含食物),98.84,-0.99
63000,94年12月,商品類-非耐久性消費品(含食物),73.38,6.89
63000,94年12月,商品類-非耐久性消費品(不含食物),85.91,2.47
63000,94年12月,商品類-半耐久性消費品,93.96,-5.18
63000,94年12月,商品類-耐久性消費品,132.13,-1.86
63000,94年12月,服務類,86.47,0.75
63000,94年12月,服務類(不含食物),89.37,0.96
63000,94年12月,服務類-外食費,73.52,-0.39
63000,94年12月,服務類-衣著,74.37,0.5
63000,94年12月,服務類-居住,90.99,0.22
63000,94年12月,服務類-交通及通訊,97.38,-0.57
63000,94年12月,服務類-醫藥保健,85.85,6.04
63000,94年12月,服務類-教養娛樂,83.57,2.92
63000,94年12月,服務類-教養,93.58,0.88
63000,94年12月,服務類-娛樂,74.89,5.05
63000,94年12月,服務類-雜項,88.99,-0.2
63000,95年1月,總指數(含食物),85.6,2.55
63000,95年1月,商品類(含食物),81.44,1.71
63000,95年1月,商品類(不含食物),96.85,-1.74
63000,95年1月,商品類-非耐久性消費品(含食物),71.6,5.29
63000,95年1月,商品類-非耐久性消費品(不含食物),86.08,2.79
63000,95年1月,商品類-半耐久性消費品,87.51,-6.96
63000,95年1月,商品類-耐久性消費品,131.01,-3.35
63000,95年1月,服務類,88.63,3.12
63000,95年1月,服務類(不含食物),91.86,3.32
63000,95年1月,服務類-外食費,74.23,1.99
63000,95年1月,服務類-衣著,75.59,1.64
63000,95年1月,服務類-居住,91.32,0.4
63000,95年1月,服務類-交通及通訊,98.36,0.32
63000,95年1月,服務類-醫藥保健,86.74,7.14
63000,95年1月,服務類-教養娛樂,84.17,2.32
63000,95年1月,服務類-教養,93.69,0.5
63000,95年1月,服務類-娛樂,75.88,4.2
63000,95年1月,服務類-雜項,115.9,29.92
63000,95年2月,總指數(含食物),84.65,0.1
63000,95年2月,商品類(含食物),80.96,1.84
63000,95年2月,商品類(不含食物),96.75,-1.02
63000,95年2月,商品類-非耐久性消費品(含食物),71.34,5.21
63000,95年2月,商品類-非耐久性消費品(不含食物),87.05,3.82
63000,95年2月,商品類-半耐久性消費品,84.12,-7.35
63000,95年2月,商品類-耐久性消費品,132.66,-2.3
63000,95年2月,服務類,87.36,-1.01
63000,95年2月,服務類(不含食物),90.29,-1.44
63000,95年2月,服務類-外食費,74.27,1.38
63000,95年2月,服務類-衣著,76.2,2.46
63000,95年2月,服務類-居住,91.29,-0.53
63000,95年2月,服務類-交通及通訊,98.55,-0.58
63000,95年2月,服務類-醫藥保健,86.74,7.14
63000,95年2月,服務類-教養娛樂,85.69,3.47
63000,95年2月,服務類-教養,95.36,2.3
63000,95年2月,服務類-娛樂,77.27,4.66
63000,95年2月,服務類-雜項,89.33,-23.12
63000,95年3月,總指數(含食物),84.55,0.64
63000,95年3月,商品類(含食物),81.18,-0.66
63000,95年3月,商品類(不含食物),96.57,-1.24
63000,95年3月,商品類-非耐久性消費品(含食物),71.77,1.43
63000,95年3月,商品類-非耐久性消費品(不含食物),87.17,3.64
63000,95年3月,商品類-半耐久性消費品,83.76,-8.22
63000,95年3月,商品類-耐久性消費品,132.09,-1.98
63000,95年3月,服務類,87,1.55
63000,95年3月,服務類(不含食物),89.88,1.64
63000,95年3月,服務類-外食費,74.16,1.12
63000,95年3月,服務類-衣著,76.2,2.46
63000,95年3月,服務類-居住,91.29,0.36
63000,95年3月,服務類-交通及通訊,97.64,-0.03
63000,95年3月,服務類-醫藥保健,86.74,7.14
63000,95年3月,服務類-教養娛樂,84.59,4.87
63000,95年3月,服務類-教養,95.36,2.3
63000,95年3月,服務類-娛樂,75.29,7.65
63000,95年3月,服務類-雜項,89.27,0.09
63000,95年4月,總指數(含食物),85.77,1.37
63000,95年4月,商品類(含食物),84.2,1.4
63000,95年4月,商品類(不含食物),100.06,-0.96
63000,95年4月,商品類-非耐久性消費品(含食物),73.7,4.48
63000,95年4月,商品類-非耐久性消費品(不含食物),87.84,3.88
63000,95年4月,商品類-半耐久性消費品,95.07,-6.92
63000,95年4月,商品類-耐久性消費品,131.9,-1.98
63000,95年4月,服務類,86.95,1.36
63000,95年4月,服務類(不含食物),89.96,1.52
63000,95年4月,服務類-外食費,73.51,0.52
63000,95年4月,服務類-衣著,76.2,2.46
63000,95年4月,服務類-居住,91.3,0.36
63000,95年4月,服務類-交通及通訊,97.67,-0.03
63000,95年4月,服務類-醫藥保健,86.74,7.14
63000,95年4月,服務類-教養娛樂,84.78,4.29
63000,95年4月,服務類-教養,95.36,2.3
63000,95年4月,服務類-娛樂,75.64,6.42
63000,95年4月,服務類-雜項,89.44,0.28
63000,95年5月,總指數(含食物),86.25,1.53
63000,95年5月,商品類(含食物),85.09,1.55
63000,95年5月,商品類(不含食物),99.84,-0.89
63000,95年5月,商品類-非耐久性消費品(含食物),75.26,4.89
63000,95年5月,商品類-非耐久性消費品(不含食物),88.67,4.69
63000,95年5月,商品類-半耐久性消費品,92.91,-8.26
63000,95年5月,商品類-耐久性消費品,131.8,-1.66
63000,95年5月,服務類,87.14,1.53
63000,95年5月,服務類(不含食物),90.24,1.77
63000,95年5月,服務類-外食費,73.29,0.19
63000,95年5月,服務類-衣著,76.2,2.46
63000,95年5月,服務類-居住,91.31,0.3
63000,95年5月,服務類-交通及通訊,97.88,0.17
63000,95年5月,服務類-醫藥保健,86.74,7.14
63000,95年5月,服務類-教養娛樂,84.95,4.39
63000,95年5月,服務類-教養,95.15,2.07
63000,95年5月,服務類-娛樂,76.1,6.84
63000,95年5月,服務類-雜項,92.28,3.42
63000,95年6月,總指數(含食物),86.33,1.53
63000,95年6月,商品類(含食物),84.73,2.04
63000,95年6月,商品類(不含食物),99.61,-0.94
63000,95年6月,商品類-非耐久性消費品(含食物),75.33,5.71
63000,95年6月,商品類-非耐久性消費品(不含食物),89.95,4.73
63000,95年6月,商品類-半耐久性消費品,90.42,-8.15
63000,95年6月,商品類-耐久性消費品,131.14,-2.26
63000,95年6月,服務類,87.53,1.21
63000,95年6月,服務類(不含食物),90.58,1.32
63000,95年6月,服務類-外食費,73.92,0.64
63000,95年6月,服務類-衣著,76.2,2.46
63000,95年6月,服務類-居住,91.3,0.22
63000,95年6月,服務類-交通及通訊,98.14,-0.5
63000,95年6月,服務類-醫藥保健,86.74,4.38
63000,95年6月,服務類-教養娛樂,86.89,5.77
63000,95年6月,服務類-教養,95.05,1.96
63000,95年6月,服務類-娛樂,79.67,9.71
63000,95年6月,服務類-雜項,89.51,-4.05
63000,95年7月,總指數(含食物),86.98,1.44
63000,95年7月,商品類(含食物),85.56,1.22
63000,95年7月,商品類(不含食物),99.55,0.94
63000,95年7月,商品類-非耐久性消費品(含食物),76.78,3.34
63000,95年7月,商品類-非耐久性消費品(不含食物),91.01,6.47
63000,95年7月,商品類-半耐久性消費品,87.25,-5.34
63000,95年7月,商品類-耐久性消費品,132.52,-1.35
63000,95年7月,服務類,88.05,1.6
63000,95年7月,服務類(不含食物),91.27,1.89
63000,95年7月,服務類-外食費,73.69,0.07
63000,95年7月,服務類-衣著,76.2,2.46
63000,95年7月,服務類-居住,91.31,0.29
63000,95年7月,服務類-交通及通訊,98.97,0.04
63000,95年7月,服務類-醫藥保健,86.74,2.13
63000,95年7月,服務類-教養娛樂,89.15,6.54
63000,95年7月,服務類-教養,93.94,2.09
63000,95年7月,服務類-娛樂,84.65,10.87
63000,95年7月,服務類-雜項,89.29,0.19
63000,95年8月,總指數(含食物),86.48,0.09
63000,95年8月,商品類(含食物),84.04,-2.6
63000,95年8月,商品類(不含食物),98.7,0.3
63000,95年8月,商品類-非耐久性消費品(含食物),75.59,-2.07
63000,95年8月,商品類-非耐久性消費品(不含食物),91.76,5.53
63000,95年8月,商品類-半耐久性消費品,83.57,-6.78
63000,95年8月,商品類-耐久性消費品,131.68,-1.19
63000,95年8月,服務類,88.27,2.02
63000,95年8月,服務類(不含食物),91.54,2.33
63000,95年8月,服務類-外食費,73.69,0.38
63000,95年8月,服務類-衣著,76.2,2.46
63000,95年8月,服務類-居住,91.32,0.3
63000,95年8月,服務類-交通及通訊,98.82,-0.14
63000,95年8月,服務類-醫藥保健,86.74,1.04
63000,95年8月,服務類-教養娛樂,90.25,8.66
63000,95年8月,服務類-教養,93.94,1.91
63000,95年8月,服務類-娛樂,86.63,15.35
63000,95年8月,服務類-雜項,89.1,-0.02
63000,95年9月,總指數(含食物),85.96,-0.42
63000,95年9月,商品類(含食物),83.68,-2.96
63000,95年9月,商品類(不含食物),98.55,0.02
63000,95年9月,商品類-非耐久性消費品(含食物),75.24,-2.54
63000,95年9月,商品類-非耐久性消費品(不含食物),91.87,5.03
63000,95年9月,商品類-半耐久性消費品,83.11,-6.99
63000,95年9月,商品類-耐久性消費品,131.35,-1.3
63000,95年9月,服務類,87.64,1.4
63000,95年9月,服務類(不含食物),90.77,1.49
63000,95年9月,服務類-外食費,73.67,0.92
63000,95年9月,服務類-衣著,76.2,2.46
63000,95年9月,服務類-居住,91.32,0.37
63000,95年9月,服務類-交通及通訊,98.21,-0.66
63000,95年9月,服務類-醫藥保健,86.74,1.04
63000,95年9月,服務類-教養娛樂,87.66,6.89
63000,95年9月,服務類-教養,94.2,1.52
63000,95年9月,服務類-娛樂,81.75,12.42
63000,95年9月,服務類-雜項,89.1,-4.53
63000,95年10月,總指數(含食物),86.14,-0.8
63000,95年10月,商品類(含食物),83.62,-4.42
63000,95年10月,商品類(不含食物),100.16,-0.26
63000,95年10月,商品類-非耐久性消費品(含食物),73.22,-5.23
63000,95年10月,商品類-非耐久性消費品(不含食物),88.89,3.07
63000,95年10月,商品類-半耐久性消費品,93.92,-4.44
63000,95年10月,商品類-耐久性消費品,131.5,-1.13
63000,95年10月,服務類,87.97,1.84
63000,95年10月,服務類(不含食物),91.08,2.04
63000,95年10月,服務類-外食費,74.13,0.83
63000,95年10月,服務類-衣著,76.2,2.46
63000,95年10月,服務類-居住,91.34,0.38
63000,95年10月,服務類-交通及通訊,98.33,1.13
63000,95年10月,服務類-醫藥保健,86.74,1.04
63000,95年10月,服務類-教養娛樂,87.94,5.68
63000,95年10月,服務類-教養,94.2,0.69
63000,95年10月,服務類-娛樂,82.27,10.76
63000,95年10月,服務類-雜項,91.85,3.06
63000,95年11月,總指數(含食物),85.55,-0.05
63000,95年11月,商品類(含食物),83.47,-1.5
63000,95年11月,商品類(不含食物),100.17,0.56
63000,95年11月,商品類-非耐久性消費品(含食物),73.11,-1.18
63000,95年11月,商品類-非耐久性消費品(不含食物),89.19,4.22
63000,95年11月,商品類-半耐久性消費品,93.74,-2.92
63000,95年11月,商品類-耐久性消費品,131.12,-1.41
63000,95年11月,服務類,87.08,0.99
63000,95年11月,服務類(不含食物),90.25,1.2
63000,95年11月,服務類-外食費,72.93,-0.15
63000,95年11月,服務類-衣著,76.2,2.46
63000,95年11月,服務類-居住,91.31,0.35
63000,95年11月,服務類-交通及通訊,98.21,0.9
63000,95年11月,服務類-醫藥保健,86.65,0.93
63000,95年11月,服務類-教養娛樂,85.73,3.41
63000,95年11月,服務類-教養,94.2,0.69
63000,95年11月,服務類-娛樂,78.29,6.2
63000,95年11月,服務類-雜項,89.1,0.12
63000,95年12月,總指數(含食物),85.5,0.19
63000,95年12月,商品類(含食物),83.48,-0.42
63000,95年12月,商品類(不含食物),100.15,1.33
63000,95年12月,商品類-非耐久性消費品(含食物),73.39,0.01
63000,95年12月,商品類-非耐久性消費品(不含食物),90.01,4.77
63000,95年12月,商品類-半耐久性消費品,91.33,-2.8
63000,95年12月,商品類-耐久性消費品,132.22,0.07
63000,95年12月,服務類,87,0.61
63000,95年12月,服務類(不含食物),90.06,0.77
63000,95年12月,服務類-外食費,73.35,-0.23
63000,95年12月,服務類-衣著,76.2,2.46
63000,95年12月,服務類-居住,91.31,0.35
63000,95年12月,服務類-交通及通訊,98.14,0.78
63000,95年12月,服務類-醫藥保健,86.65,0.93
63000,95年12月,服務類-教養娛樂,85.07,1.79
63000,95年12月,服務類-教養,94.2,0.66
63000,95年12月,服務類-娛樂,77.09,2.94
63000,95年12月,服務類-雜項,89.1,0.12
63000,96年1月,總指數(含食物),85.43,-0.19
63000,96年1月,商品類(含食物),83.09,2.03
63000,96年1月,商品類(不含食物),98.83,2.04
63000,96年1月,商品類-非耐久性消費品(含食物),73.49,2.64
63000,96年1月,商品類-非耐久性消費品(不含食物),89.28,3.72
63000,96年1月,商品類-半耐久性消費品,87.78,0.31
63000,96年1月,商品類-耐久性消費品,132.43,1.08
63000,96年1月,服務類,87.16,-1.66
63000,96年1月,服務類(不含食物),90.02,-2
63000,96年1月,服務類-外食費,74.4,0.23
63000,96年1月,服務類-衣著,77.22,2.16
63000,96年1月,服務類-居住,91.31,-0.01
63000,96年1月,服務類-交通及通訊,98.16,-0.2
63000,96年1月,服務類-醫藥保健,86.65,-0.1
63000,96年1月,服務類-教養娛樂,84.82,0.77
63000,96年1月,服務類-教養,94.88,1.27
63000,96年1月,服務類-娛樂,76.09,0.28
63000,96年1月,服務類-雜項,89.25,-22.99
63000,96年2月,總指數(含食物),86.75,2.48
63000,96年2月,商品類(含食物),81.98,1.26
63000,96年2月,商品類(不含食物),98.27,1.57
63000,96年2月,商品類-非耐久性消費品(含食物),72.54,1.68
63000,96年2月,商品類-非耐久性消費品(不含食物),89.74,3.09
63000,96年2月,商品類-半耐久性消費品,85.24,1.33
63000,96年2月,商品類-耐久性消費品,132.15,-0.38
63000,96年2月,服務類,90.21,3.26
63000,96年2月,服務類(不含食物),93.73,3.81
63000,96年2月,服務類-外食費,74.56,0.39
63000,96年2月,服務類-衣著,77.22,1.34
63000,96年2月,服務類-居住,91.54,0.27
63000,96年2月,服務類-交通及通訊,99.91,1.38
63000,96年2月,服務類-醫藥保健,86.65,-0.1
63000,96年2月,服務類-教養娛樂,89.88,4.89
63000,96年2月,服務類-教養,95.37,0.01
63000,96年2月,服務類-娛樂,84.81,9.76
63000,96年2月,服務類-雜項,116.47,30.38
63000,96年3月,總指數(含食物),85.14,0.71
63000,96年3月,商品類(含食物),81.94,0.94
63000,96年3月,商品類(不含食物),98.09,1.57
63000,96年3月,商品類-非耐久性消費品(含食物),72.72,1.32
63000,96年3月,商品類-非耐久性消費品(不含食物),90.12,3.38
63000,96年3月,商品類-半耐久性消費品,83.24,-0.62
63000,96年3月,商品類-耐久性消費品,133,0.69
63000,96年3月,服務類,87.49,0.56
63000,96年3月,服務類(不含食物),90.34,0.51
63000,96年3月,服務類-外食費,74.74,0.78
63000,96年3月,服務類-衣著,77.22,1.34
63000,96年3月,服務類-居住,91.3,0.01
63000,96年3月,服務類-交通及通訊,98.75,1.14
63000,96年3月,服務類-醫藥保健,86.65,-0.1
63000,96年3月,服務類-教養娛樂,85.79,1.42
63000,96年3月,服務類-教養,95.37,0.01
63000,96年3月,服務類-娛樂,77.44,2.86
63000,96年3月,服務類-雜項,89.33,0.07
63000,96年4月,總指數(含食物),86.37,0.7
63000,96年4月,商品類(含食物),84.75,0.65
63000,96年4月,商品類(不含食物),102.36,2.3
63000,96年4月,商品類-非耐久性消費品(含食物),73.91,0.28
63000,96年4月,商品類-非耐久性消費品(不含食物),90.88,3.46
63000,96年4月,商品類-半耐久性消費品,96.97,2
63000,96年4月,商品類-耐久性消費品,133.07,0.89
63000,96年4月,服務類,87.57,0.71
63000,96年4月,服務類(不含食物),90.63,0.74
63000,96年4月,服務類-外食費,73.93,0.57
63000,96年4月,服務類-衣著,77.22,1.34
63000,96年4月,服務類-居住,91.3,0
63000,96年4月,服務類-交通及通訊,98.7,1.05
63000,96年4月,服務類-醫藥保健,86.65,-0.1
63000,96年4月,服務類-教養娛樂,86.84,2.43
63000,96年4月,服務類-教養,95.37,0.01
63000,96年4月,服務類-娛樂,79.34,4.89
63000,96年4月,服務類-雜項,89.46,0.02
63000,96年5月,總指數(含食物),86.66,0.47
63000,96年5月,商品類(含食物),85.11,0.02
63000,96年5月,商品類(不含食物),102.06,2.22
63000,96年5月,商品類-非耐久性消費品(含食物),74.71,-0.73
63000,96年5月,商品類-非耐久性消費品(不含食物),91.31,2.98
63000,96年5月,商品類-半耐久性消費品,95.9,3.22
63000,96年5月,商品類-耐久性消費品,132.14,0.26
63000,96年5月,服務類,87.8,0.76
63000,96年5月,服務類(不含食物),90.85,0.68
63000,96年5月,服務類-外食費,74.18,1.21
63000,96年5月,服務類-衣著,77.22,1.34
63000,96年5月,服務類-居住,91.33,0.02
63000,96年5月,服務類-交通及通訊,98.65,0.79
63000,96年5月,服務類-醫藥保健,86.65,-0.1
63000,96年5月,服務類-教養娛樂,87.63,3.15
63000,96年5月,服務類-教養,95.37,0.23
63000,96年5月,服務類-娛樂,80.76,6.12
63000,96年5月,服務類-雜項,89.46,-3.06
63000,96年6月,總指數(含食物),87,0.78
63000,96年6月,商品類(含食物),85.28,0.65
63000,96年6月,商品類(不含食物),102.16,2.56
63000,96年6月,商品類-非耐久性消費品(含食物),75.5,0.23
63000,96年6月,商品類-非耐久性消費品(不含食物),93.33,3.76
63000,96年6月,商品類-半耐久性消費品,93.94,3.89
63000,96年6月,商品類-耐久性消費品,130.61,-0.4
63000,96年6月,服務類,88.28,0.86
63000,96年6月,服務類(不含食物),91.6,1.13
63000,96年6月,服務類-外食費,73.47,-0.61
63000,96年6月,服務類-衣著,77.22,1.34
63000,96年6月,服務類-居住,91.35,0.05
63000,96年6月,服務類-交通及通訊,98.78,0.65
63000,96年6月,服務類-醫藥保健,86.65,-0.1
63000,96年6月,服務類-教養娛樂,89.67,3.2
63000,96年6月,服務類-教養,95.37,0.34
63000,96年6月,服務類-娛樂,84.43,5.97
63000,96年6月,服務類-雜項,91.87,2.64
63000,96年7月,總指數(含食物),87.15,0.19
63000,96年7月,商品類(含食物),84.26,-1.52
63000,96年7月,商品類(不含食物),101.36,1.82
63000,96年7月,商品類-非耐久性消費品(含食物),75.01,-2.31
63000,96年7月,商品類-非耐久性消費品(不含食物),94.38,3.7
63000,96年7月,商品類-半耐久性消費品,89.29,2.34
63000,96年7月,商品類-耐久性消費品,130.59,-1.46
63000,96年7月,服務類,89.26,1.37
63000,96年7月,服務類(不含食物),92.39,1.23
63000,96年7月,服務類-外食費,75.31,2.2
63000,96年7月,服務類-衣著,77.22,1.34
63000,96年7月,服務類-居住,91.36,0.05
63000,96年7月,服務類-交通及通訊,99.22,0.25
63000,96年7月,服務類-醫藥保健,86.65,-0.1
63000,96年7月,服務類-教養娛樂,93,4.32
63000,96年7月,服務類-教養,96.86,3.11
63000,96年7月,服務類-娛樂,89.22,5.4
63000,96年7月,服務類-雜項,89.65,0.4
63000,96年8月,總指數(含食物),88.1,1.87
63000,96年8月,商品類(含食物),86.41,2.82
63000,96年8月,商品類(不含食物),101.14,2.47
63000,96年8月,商品類-非耐久性消費品(含食物),78.12,3.35
63000,96年8月,商品類-非耐久性消費品(不含食物),94.94,3.47
63000,96年8月,商品類-半耐久性消費品,87.34,4.51
63000,96年8月,商品類-耐久性消費品,130.84,-0.64
63000,96年8月,服務類,89.36,1.23
63000,96年8月,服務類(不含食物),92.39,0.93
63000,96年8月,服務類-外食費,75.83,2.9
63000,96年8月,服務類-衣著,77.22,1.34
63000,96年8月,服務類-居住,91.36,0.04
63000,96年8月,服務類-交通及通訊,99.44,0.63
63000,96年8月,服務類-醫藥保健,86.65,-0.1
63000,96年8月,服務類-教養娛樂,92.94,2.98
63000,96年8月,服務類-教養,96.86,3.11
63000,96年8月,服務類-娛樂,89.11,2.86
63000,96年8月,服務類-雜項,89.6,0.56
63000,96年9月,總指數(含食物),88.53,2.98
63000,96年9月,商品類(含食物),87.72,4.83
63000,96年9月,商品類(不含食物),100.73,2.21
63000,96年9月,商品類-非耐久性消費品(含食物),79.84,6.11
63000,96年9月,商品類-非耐久性消費品(不含食物),94.19,2.53
63000,96年9月,商品類-半耐久性消費品,86.71,4.33
63000,96年9月,商品類-耐久性消費品,131.46,0.08
63000,96年9月,服務類,89.14,1.71
63000,96年9月,服務類(不含食物),91.8,1.13
63000,96年9月,服務類-外食費,77.22,4.82
63000,96年9月,服務類-衣著,80.88,6.14
63000,96年9月,服務類-居住,91.49,0.19
63000,96年9月,服務類-交通及通訊,98.95,0.75
63000,96年9月,服務類-醫藥保健,86.62,-0.14
63000,96年9月,服務類-教養娛樂,89.91,2.57
63000,96年9月,服務類-教養,96.96,2.93
63000,96年9月,服務類-娛樂,83.57,2.23
63000,96年9月,服務類-雜項,92.35,3.65
63000,96年10月,總指數(含食物),90.17,4.68
63000,96年10月,商品類(含食物),91.58,9.52
63000,96年10月,商品類(不含食物),103.92,3.75
63000,96年10月,商品類-非耐久性消費品(含食物),82.73,12.99
63000,96年10月,商品類-非耐久性消費品(不含食物),93.81,5.53
63000,96年10月,商品類-半耐久性消費品,98.48,4.86
63000,96年10月,商品類-耐久性消費品,131.69,0.14
63000,96年10月,服務類,89.19,1.39
63000,96年10月,服務類(不含食物),91.7,0.68
63000,96年10月,服務類-外食費,77.95,5.15
63000,96年10月,服務類-衣著,80.88,6.14
63000,96年10月,服務類-居住,91.81,0.51
63000,96年10月,服務類-交通及通訊,98.97,0.65
63000,96年10月,服務類-醫藥保健,86.95,0.24
63000,96年10月,服務類-教養娛樂,89.66,1.96
63000,96年10月,服務類-教養,96.96,2.93
63000,96年10月,服務類-娛樂,83.13,1.05
63000,96年10月,服務類-雜項,89.52,-2.54
63000,96年11月,總指數(含食物),89.46,4.57
63000,96年11月,商品類(含食物),89.9,7.7
63000,96年11月,商品類(不含食物),103.9,3.72
63000,96年11月,商品類-非耐久性消費品(含食物),80.77,10.48
63000,96年11月,商品類-非耐久性消費品(不含食物),94.45,5.9
63000,96年11月,商品類-半耐久性消費品,97.26,3.76
63000,96年11月,商品類-耐久性消費品,131.71,0.45
63000,96年11月,服務類,89.15,2.38
63000,96年11月,服務類(不含食物),91.45,1.33
63000,96年11月,服務類-外食費,78.84,8.1
63000,96年11月,服務類-衣著,80.88,6.14
63000,96年11月,服務類-居住,92.03,0.79
63000,96年11月,服務類-交通及通訊,100.08,1.9
63000,96年11月,服務類-醫藥保健,87.11,0.53
63000,96年11月,服務類-教養娛樂,87.83,2.45
63000,96年11月,服務類-教養,96.96,2.93
63000,96年11月,服務類-娛樂,79.84,1.98
63000,96年11月,服務類-雜項,89.52,0.47
63000,96年12月,總指數(含食物),88.7,3.74
63000,96年12月,商品類(含食物),87.91,5.31
63000,96年12月,商品類(不含食物),103.82,3.66
63000,96年12月,商品類-非耐久性消費品(含食物),78.17,6.51
63000,96年12月,商品類-非耐久性消費品(不含食物),94.29,4.76
63000,96年12月,商品類-半耐久性消費品,97.49,6.74
63000,96年12月,商品類-耐久性消費品,131.41,-0.61
63000,96年12月,服務類,89.3,2.64
63000,96年12月,服務類(不含食物),91.57,1.68
63000,96年12月,服務類-外食費,79.09,7.83
63000,96年12月,服務類-衣著,80.88,6.14
63000,96年12月,服務類-居住,92.03,0.79
63000,96年12月,服務類-交通及通訊,100.18,2.08
63000,96年12月,服務類-醫藥保健,87.11,0.53
63000,96年12月,服務類-教養娛樂,88.23,3.71
63000,96年12月,服務類-教養,96.96,2.93
63000,96年12月,服務類-娛樂,80.56,4.5
63000,96年12月,服務類-雜項,89.52,0.47
63000,97年1月,總指數(含食物),88.31,3.37
63000,97年1月,商品類(含食物),86.34,3.91
63000,97年1月,商品類(不含食物),102,3.21
63000,97年1月,商品類-非耐久性消費品(含食物),77.5,5.46
63000,97年1月,商品類-非耐久性消費品(不含食物),94.84,6.23
63000,97年1月,商品類-半耐久性消費品,90.94,3.6
63000,97年1月,商品類-耐久性消費品,130.28,-1.62
63000,97年1月,服務類,89.72,2.94
63000,97年1月,服務類(不含食物),92.03,2.23
63000,97年1月,服務類-外食費,79.34,6.64
63000,97年1月,服務類-衣著,81.54,5.59
63000,97年1月,服務類-居住,92.36,1.15
63000,97年1月,服務類-交通及通訊,99.97,1.84
63000,97年1月,服務類-醫藥保健,88.41,2.03
63000,97年1月,服務類-教養娛樂,89.47,5.48
63000,97年1月,服務類-教養,96.96,2.19
63000,97年1月,服務類-娛樂,82.93,8.99
63000,97年1月,服務類-雜項,88.59,-0.74
63000,97年2月,總指數(含食物),89.77,3.47
63000,97年2月,商品類(含食物),87.17,6.33
63000,97年2月,商品類(不含食物),101.03,2.81
63000,97年2月,商品類-非耐久性消費品(含食物),79.32,9.35
63000,97年2月,商品類-非耐久性消費品(不含食物),94.98,5.84
63000,97年2月,商品類-半耐久性消費品,86.99,2.05
63000,97年2月,商品類-耐久性消費品,130.54,-1.22
63000,97年2月,服務類,91.58,1.52
63000,97年2月,服務類(不含食物),94.22,0.52
63000,97年2月,服務類-外食費,79.76,6.97
63000,97年2月,服務類-衣著,81.54,5.59
63000,97年2月,服務類-居住,93.53,2.17
63000,97年2月,服務類-交通及通訊,101.46,1.55
63000,97年2月,服務類-醫藥保健,88.41,2.03
63000,97年2月,服務類-教養娛樂,89.96,0.09
63000,97年2月,服務類-教養,96.96,1.67
63000,97年2月,服務類-娛樂,83.87,-1.11
63000,97年2月,服務類-雜項,105.21,-9.67
63000,97年3月,總指數(含食物),88.5,3.94
63000,97年3月,商品類(含食物),86.72,5.83
63000,97年3月,商品類(不含食物),100.98,2.95
63000,97年3月,商品類-非耐久性消費品(含食物),78.9,8.5
63000,97年3月,商品類-非耐久性消費品(不含食物),95.42,5.88
63000,97年3月,商品類-半耐久性消費品,86.13,3.47
63000,97年3月,商品類-耐久性消費品,130.45,-1.92
63000,97年3月,服務類,89.77,2.61
63000,97年3月,服務類(不含食物),91.93,1.76
63000,97年3月,服務類-外食費,80.03,7.08
63000,97年3月,服務類-衣著,81.54,5.59
63000,97年3月,服務類-居住,92.49,1.3
63000,97年3月,服務類-交通及通訊,100.43,1.7
63000,97年3月,服務類-醫藥保健,88.7,2.37
63000,97年3月,服務類-教養娛樂,88.32,2.95
63000,97年3月,服務類-教養,96.96,1.67
63000,97年3月,服務類-娛樂,80.72,4.24
63000,97年3月,服務類-雜項,89.59,0.29
63000,97年4月,總指數(含食物),89.64,3.79
63000,97年4月,商品類(含食物),89.22,5.27
63000,97年4月,商品類(不含食物),104.29,1.89
63000,97年4月,商品類-非耐久性消費品(含食物),80.43,8.82
63000,97年4月,商品類-非耐久性消費品(不含食物),96.76,6.47
63000,97年4月,商品類-半耐久性消費品,97.26,0.3
63000,97年4月,商品類-耐久性消費品,128.45,-3.47
63000,97年4月,服務類,90.01,2.79
63000,97年4月,服務類(不含食物),92.19,1.72
63000,97年4月,服務類-外食費,80.22,8.51
63000,97年4月,服務類-衣著,81.54,5.59
63000,97年4月,服務類-居住,92.5,1.31
63000,97年4月,服務類-交通及通訊,100.36,1.68
63000,97年4月,服務類-醫藥保健,88.7,2.37
63000,97年4月,服務類-教養娛樂,89.28,2.81
63000,97年4月,服務類-教養,97.02,1.73
63000,97年4月,服務類-娛樂,82.52,4.01
63000,97年4月,服務類-雜項,89.59,0.15
63000,97年5月,總指數(含食物),89.75,3.57
63000,97年5月,商品類(含食物),89.1,4.69
63000,97年5月,商品類(不含食物),103.83,1.73
63000,97年5月,商品類-非耐久性消費品(含食物),80.71,8.03
63000,97年5月,商品類-非耐久性消費品(不含食物),97.14,6.38
63000,97年5月,商品類-半耐久性消費品,95.39,-0.53
63000,97年5月,商品類-耐久性消費品,127.93,-3.19
63000,97年5月,服務類,90.26,2.8
63000,97年5月,服務類(不含食物),92.25,1.54
63000,97年5月,服務類-外食費,81.28,9.57
63000,97年5月,服務類-衣著,81.54,5.59
63000,97年5月,服務類-居住,92.5,1.28
63000,97年5月,服務類-交通及通訊,100.54,1.92
63000,97年5月,服務類-醫藥保健,88.84,2.53
63000,97年5月,服務類-教養娛樂,89.84,2.52
63000,97年5月,服務類-教養,97.02,1.73
63000,97年5月,服務類-娛樂,83.59,3.5
63000,97年5月,服務類-雜項,88.2,-1.41
63000,97年6月,總指數(含食物),90.88,4.46
63000,97年6月,商品類(含食物),91.17,6.91
63000,97年6月,商品類(不含食物),105.53,3.3
63000,97年6月,商品類-非耐久性消費品(含食物),83.91,11.14
63000,97年6月,商品類-非耐久性消費品(不含食物),101.9,9.18
63000,97年6月,商品類-半耐久性消費品,93.73,-0.22
63000,97年6月,商品類-耐久性消費品,127.17,-2.63
63000,97年6月,服務類,90.77,2.82
63000,97年6月,服務類(不含食物),92.78,1.29
63000,97年6月,服務類-外食費,81.74,11.26
63000,97年6月,服務類-衣著,81.54,5.59
63000,97年6月,服務類-居住,92.5,1.26
63000,97年6月,服務類-交通及通訊,100.74,1.98
63000,97年6月,服務類-醫藥保健,89.17,2.91
63000,97年6月,服務類-教養娛樂,90.89,1.36
63000,97年6月,服務類-教養,97.02,1.73
63000,97年6月,服務類-娛樂,85.6,1.39
63000,97年6月,服務類-雜項,90.72,-1.25
63000,97年7月,總指數(含食物),91.55,5.05
63000,97年7月,商品類(含食物),91.88,9.04
63000,97年7月,商品類(不含食物),105.97,4.55
63000,97年7月,商品類-非耐久性消費品(含食物),85.41,13.86
63000,97年7月,商品類-非耐久性消費品(不含食物),104.45,10.67
63000,97年7月,商品類-半耐久性消費品,90.86,1.76
63000,97年7月,商品類-耐久性消費品,127.11,-2.66
63000,97年7月,服務類,91.4,2.4
63000,97年7月,服務類(不含食物),93.44,1.14
63000,97年7月,服務類-外食費,82.2,9.15
63000,97年7月,服務類-衣著,84.37,9.26
63000,97年7月,服務類-居住,92.49,1.24
63000,97年7月,服務類-交通及通訊,101.89,2.69
63000,97年7月,服務類-醫藥保健,89.17,2.91
63000,97年7月,服務類-教養娛樂,93.14,0.15
63000,97年7月,服務類-教養,97.02,0.17
63000,97年7月,服務類-娛樂,89.92,0.78
63000,97年7月,服務類-雜項,89.71,0.07
63000,97年8月,總指數(含食物),91.68,4.07
63000,97年8月,商品類(含食物),92.1,6.58
63000,97年8月,商品類(不含食物),104.12,2.95
63000,97年8月,商品類-非耐久性消費品(含食物),86.32,10.5
63000,97年8月,商品類-非耐久性消費品(不含食物),102.49,7.95
63000,97年8月,商品類-半耐久性消費品,87.87,0.61
63000,97年8月,商品類-耐久性消費品,126.87,-3.03
63000,97年8月,服務類,91.48,2.37
63000,97年8月,服務類(不含食物),93.5,1.2
63000,97年8月,服務類-外食費,82.37,8.62
63000,97年8月,服務類-衣著,84.37,9.26
63000,97年8月,服務類-居住,92.63,1.39
63000,97年8月,服務類-交通及通訊,101.86,2.43
63000,97年8月,服務類-醫藥保健,89.41,3.19
63000,97年8月,服務類-教養娛樂,93.05,0.12
63000,97年8月,服務類-教養,97.02,0.17
63000,97年8月,服務類-娛樂,89.75,0.72
63000,97年8月,服務類-雜項,89.8,0.22
63000,97年9月,總指數(含食物),91.29,3.12
63000,97年9月,商品類(含食物),91.23,4
63000,97年9月,商品類(不含食物),102.96,2.21
63000,97年9月,商品類-非耐久性消費品(含食物),85.36,6.91
63000,97年9月,商品類-非耐久性消費品(不含食物),100.75,6.96
63000,97年9月,商品類-半耐久性消費品,87.01,0.35
63000,97年9月,商品類-耐久性消費品,126.61,-3.69
63000,97年9月,服務類,91.4,2.54
63000,97年9月,服務類(不含食物),93.41,1.75
63000,97年9月,服務類-外食費,82.36,6.66
63000,97年9月,服務類-衣著,82.88,2.47
63000,97年9月,服務類-居住,92.69,1.31
63000,97年9月,服務類-交通及通訊,101.69,2.77
63000,97年9月,服務類-醫藥保健,89.44,3.26
63000,97年9月,服務類-教養娛樂,92,2.32
63000,97年9月,服務類-教養,97.36,0.41
63000,97年9月,服務類-娛樂,87.42,4.61
63000,97年9月,服務類-雜項,92.14,-0.23
63000,97年10月,總指數(含食物),92.36,2.42
63000,97年10月,商品類(含食物),94.21,2.87
63000,97年10月,商品類(不含食物),103.92,0
63000,97年10月,商品類-非耐久性消費品(含食物),87.31,5.54
63000,97年10月,商品類-非耐久性消費品(不含食物),96.65,3.03
63000,97年10月,商品類-半耐久性消費品,97.94,-0.55
63000,97年10月,商品類-耐久性消費品,126.27,-4.12
63000,97年10月,服務類,91.18,2.23
63000,97年10月,服務類(不含食物),93.15,1.58
63000,97年10月,服務類-外食費,82.3,5.58
63000,97年10月,服務類-衣著,82.88,2.47
63000,97年10月,服務類-居住,92.71,0.98
63000,97年10月,服務類-交通及通訊,101.6,2.66
63000,97年10月,服務類-醫藥保健,89.44,2.86
63000,97年10月,服務類-教養娛樂,91.91,2.51
63000,97年10月,服務類-教養,97.36,0.41
63000,97年10月,服務類-娛樂,87.24,4.94
63000,97年10月,服務類-雜項,89.24,-0.31
63000,97年11月,總指數(含食物),91.3,2.06
63000,97年11月,商品類(含食物),91.79,2.1
63000,97年11月,商品類(不含食物),101.27,-2.53
63000,97年11月,商品類-非耐久性消費品(含食物),84.52,4.64
63000,97年11月,商品類-非耐久性消費品(不含食物),92.59,-1.97
63000,97年11月,商品類-半耐久性消費品,96.39,-0.89
63000,97年11月,商品類-耐久性消費品,125.33,-4.84
63000,97年11月,服務類,91.04,2.12
63000,97年11月,服務類(不含食物),92.94,1.63
63000,97年11月,服務類-外食費,82.47,4.6
63000,97年11月,服務類-衣著,82.88,2.47
63000,97年11月,服務類-居住,92.67,0.7
63000,97年11月,服務類-交通及通訊,101.49,1.41
63000,97年11月,服務類-醫藥保健,89.44,2.67
63000,97年11月,服務類-教養娛樂,91.08,3.7
63000,97年11月,服務類-教養,97.36,0.41
63000,97年11月,服務類-娛樂,85.64,7.26
63000,97年11月,服務類-雜項,89.82,0.34
63000,97年12月,總指數(含食物),90.14,1.63
63000,97年12月,商品類(含食物),89.13,1.39
63000,97年12月,商品類(不含食物),99.67,-4
63000,97年12月,商品類-非耐久性消費品(含食物),81.51,4.27
63000,97年12月,商品類-非耐久性消費品(不含食物),90.93,-3.56
63000,97年12月,商品類-半耐久性消費品,93.99,-3.59
63000,97年12月,商品類-耐久性消費品,124.82,-5.01
63000,97年12月,服務類,90.89,1.78
63000,97年12月,服務類(不含食物),92.75,1.29
63000,97年12月,服務類-外食費,82.47,4.27
63000,97年12月,服務類-衣著,82.88,2.47
63000,97年12月,服務類-居住,92.62,0.64
63000,97年12月,服務類-交通及通訊,101.35,1.17
63000,97年12月,服務類-醫藥保健,89.2,2.4
63000,97年12月,服務類-教養娛樂,90.66,2.75
63000,97年12月,服務類-教養,97.36,0.41
63000,97年12月,服務類-娛樂,84.83,5.3
63000,97年12月,服務類-雜項,89.5,-0.02
63000,98年1月,總指數(含食物),90.18,2.12
63000,98年1月,商品類(含食物),87.3,1.11
63000,98年1月,商品類(不含食物),98.24,-3.69
63000,98年1月,商品類-非耐久性消費品(含食物),80.21,3.5
63000,98年1月,商品類-非耐久性消費品(不含食物),91.42,-3.61
63000,98年1月,商品類-半耐久性消費品,89.42,-1.67
63000,98年1月,商品類-耐久性消費品,123.08,-5.53
63000,98年1月,服務類,92.19,2.75
63000,98年1月,服務類(不含食物),94.41,2.59
63000,98年1月,服務類-外食費,82.21,3.62
63000,98年1月,服務類-衣著,82.88,1.64
63000,98年1月,服務類-居住,93.38,1.1
63000,98年1月,服務類-交通及通訊,101.98,2.01
63000,98年1月,服務類-醫藥保健,89.04,0.71
63000,98年1月,服務類-教養娛樂,91.13,1.86
63000,98年1月,服務類-教養,97.36,0.41
63000,98年1月,服務類-娛樂,85.75,3.4
63000,98年1月,服務類-雜項,103.36,16.67
63000,98年2月,總指數(含食物),88.71,-1.18
63000,98年2月,商品類(含食物),86.17,-1.15
63000,98年2月,商品類(不含食物),97.7,-3.3
63000,98年2月,商品類-非耐久性消費品(含食物),79.29,-0.04
63000,98年2月,商品類-非耐久性消費品(不含食物),92.09,-3.04
63000,98年2月,商品類-半耐久性消費品,86.48,-0.59
63000,98年2月,商品類-耐久性消費品,122.87,-5.88
63000,98年2月,服務類,90.48,-1.2
63000,98年2月,服務類(不含食物),92.35,-1.98
63000,98年2月,服務類-外食費,82.04,2.86
63000,98年2月,服務類-衣著,82.88,1.64
63000,98年2月,服務類-居住,92.48,-1.12
63000,98年2月,服務類-交通及通訊,101,-0.45
63000,98年2月,服務類-醫藥保健,89.22,0.92
63000,98年2月,服務類-教養娛樂,89.47,-0.54
63000,98年2月,服務類-教養,97.24,0.29
63000,98年2月,服務類-娛樂,82.66,-1.44
63000,98年2月,服務類-雜項,89.88,-14.57
63000,98年3月,總指數(含食物),88.77,0.3
63000,98年3月,商品類(含食物),86.44,-0.32
63000,98年3月,商品類(不含食物),97.32,-3.62
63000,98年3月,商品類-非耐久性消費品(含食物),79.91,1.28
63000,98年3月,商品類-非耐久性消費品(不含食物),92.1,-3.48
63000,98年3月,商品類-半耐久性消費品,85.42,-0.82
63000,98年3月,商品類-耐久性消費品,122.5,-6.09
63000,98年3月,服務類,90.4,0.7
63000,98年3月,服務類(不含食物),92.25,0.35
63000,98年3月,服務類-外食費,82.04,2.51
63000,98年3月,服務類-衣著,82.88,1.64
63000,98年3月,服務類-居住,92.46,-0.03
63000,98年3月,服務類-交通及通訊,100.83,0.4
63000,98年3月,服務類-醫藥保健,89.22,0.59
63000,98年3月,服務類-教養娛樂,89.26,1.06
63000,98年3月,服務類-教養,97.25,0.3
63000,98年3月,服務類-娛樂,82.26,1.91
63000,98年3月,服務類-雜項,89.7,0.12
63000,98年4月,總指數(含食物),89.44,-0.23
63000,98年4月,商品類(含食物),88.39,-0.93
63000,98年4月,商品類(不含食物),100.82,-3.33
63000,98年4月,商品類-非耐久性消費品(含食物),80.6,0.21
63000,98年4月,商品類-非耐久性消費品(不含食物),93.51,-3.36
63000,98年4月,商品類-半耐久性消費品,95.85,-1.45
63000,98年4月,商品類-耐久性消費品,122.07,-4.97
63000,98年4月,服務類,90.21,0.22
63000,98年4月,服務類(不含食物),92.14,-0.05
63000,98年4月,服務類-外食費,81.52,1.62
63000,98年4月,服務類-衣著,82.88,1.64
63000,98年4月,服務類-居住,92.35,-0.16
63000,98年4月,服務類-交通及通訊,100.46,0.1
63000,98年4月,服務類-醫藥保健,88.75,0.06
63000,98年4月,服務類-教養娛樂,89.57,0.32
63000,98年4月,服務類-教養,97.26,0.25
63000,98年4月,服務類-娛樂,82.84,0.39
63000,98年4月,服務類-雜項,88.77,-0.92
63000,98年5月,總指數(含食物),89.49,-0.29
63000,98年5月,商品類(含食物),88.74,-0.4
63000,98年5月,商品類(不含食物),100.41,-3.29
63000,98年5月,商品類-非耐久性消費品(含食物),81.38,0.83
63000,98年5月,商品類-非耐久性消費品(不含食物),93.59,-3.65
63000,98年5月,商品類-半耐久性消費品,95.05,-0.36
63000,98年5月,商品類-耐久性消費品,121.06,-5.37
63000,98年5月,服務類,90.07,-0.21
63000,98年5月,服務類(不含食物),92.05,-0.22
63000,98年5月,服務類-外食費,81.19,-0.11
63000,98年5月,服務類-衣著,82.88,1.64
63000,98年5月,服務類-居住,92.31,-0.21
63000,98年5月,服務類-交通及通訊,100.49,-0.05
63000,98年5月,服務類-醫藥保健,88.75,-0.1
63000,98年5月,服務類-教養娛樂,89.17,-0.75
63000,98年5月,服務類-教養,96.14,-0.91
63000,98年5月,服務類-娛樂,83.11,-0.57
63000,98年5月,服務類-雜項,89.08,1
63000,98年6月,總指數(含食物),89.29,-1.76
63000,98年6月,商品類(含食物),88.5,-2.93
63000,98年6月,商品類(不含食物),101.2,-4.1
63000,98年6月,商品類-非耐久性消費品(含食物),81.7,-2.63
63000,98年6月,商品類-非耐久性消費品(不含食物),97.11,-4.7
63000,98年6月,商品類-半耐久性消費品,92.62,-1.18
63000,98年6月,商品類-耐久性消費品,119.92,-5.7
63000,98年6月,服務類,89.88,-0.98
63000,98年6月,服務類(不含食物),91.85,-1
63000,98年6月,服務類-外食費,81,-0.91
63000,98年6月,服務類-衣著,83.74,2.7
63000,98年6月,服務類-居住,92.26,-0.26
63000,98年6月,服務類-交通及通訊,100.14,-0.6
63000,98年6月,服務類-醫藥保健,92.14,3.33
63000,98年6月,服務類-教養娛樂,88.05,-3.12
63000,98年6月,服務類-教養,96.25,-0.79
63000,98年6月,服務類-娛樂,80.85,-5.55
63000,98年6月,服務類-雜項,89.14,-1.74
63000,98年7月,總指數(含食物),89.52,-2.22
63000,98年7月,商品類(含食物),88.57,-3.6
63000,98年7月,商品類(不含食物),100.59,-5.08
63000,98年7月,商品類-非耐久性消費品(含食物),82.5,-3.41
63000,98年7月,商品類-非耐久性消費品(不含食物),98,-6.18
63000,98年7月,商品類-半耐久性消費品,89.37,-1.64
63000,98年7月,商品類-耐久性消費品,119.34,-6.11
63000,98年7月,服務類,90.24,-1.27
63000,98年7月,服務類(不含食物),92.29,-1.23
63000,98年7月,服務類-外食費,81,-1.46
63000,98年7月,服務類-衣著,84.15,-0.26
63000,98年7月,服務類-居住,92.26,-0.25
63000,98年7月,服務類-交通及通訊,99.64,-2.21
63000,98年7月,服務類-醫藥保健,92.14,3.33
63000,98年7月,服務類-教養娛樂,89.93,-3.45
63000,98年7月,服務類-教養,96.28,-0.76
63000,98年7月,服務類-娛樂,84.44,-6.09
63000,98年7月,服務類-雜項,89.08,-0.7
63000,98年8月,總指數(含食物),90.39,-1.41
63000,98年8月,商品類(含食物),90.75,-1.47
63000,98年8月,商品類(不含食物),100.13,-3.83
63000,98年8月,商品類-非耐久性消費品(含食物),86.02,-0.35
63000,98年8月,商品類-非耐久性消費品(不含食物),98.83,-3.57
63000,98年8月,商品類-半耐久性消費品,86.19,-1.91
63000,98年8月,商品類-耐久性消費品,119.4,-5.89
63000,98年8月,服務類,90.23,-1.37
63000,98年8月,服務類(不含食物),92.28,-1.3
63000,98年8月,服務類-外食費,81,-1.66
63000,98年8月,服務類-衣著,84.15,-0.26
63000,98年8月,服務類-居住,92.26,-0.4
63000,98年8月,服務類-交通及通訊,99.81,-2.01
63000,98年8月,服務類-醫藥保健,92.14,3.05
63000,98年8月,服務類-教養娛樂,89.82,-3.47
63000,98年8月,服務類-教養,96.24,-0.8
63000,98年8月,服務類-娛樂,84.26,-6.12
63000,98年8月,服務類-雜項,89.08,-0.8
63000,98年9月,總指數(含食物),89.83,-1.59
63000,98年9月,商品類(含食物),89.91,-1.45
63000,98年9月,商品類(不含食物),98.49,-4.34
63000,98年9月,商品類-非耐久性消費品(含食物),85.47,0.13
63000,98年9月,商品類-非耐久性消費品(不含食物),97.23,-3.49
63000,98年9月,商品類-半耐久性消費品,84.85,-2.48
63000,98年9月,商品類-耐久性消費品,117.32,-7.34
63000,98年9月,服務類,89.86,-1.68
63000,98年9月,服務類(不含食物),91.88,-1.64
63000,98年9月,服務類-外食費,80.79,-1.91
63000,98年9月,服務類-衣著,84.15,1.53
63000,98年9月,服務類-居住,92.26,-0.46
63000,98年9月,服務類-交通及通訊,99.47,-2.18
63000,98年9月,服務類-醫藥保健,92.14,3.02
63000,98年9月,服務類-教養娛樂,88.46,-3.85
63000,98年9月,服務類-教養,95.54,-1.87
63000,98年9月,服務類-娛樂,82.3,-5.86
63000,98年9月,服務類-雜項,89.08,-3.32
63000,98年10月,總指數(含食物),90.32,-2.21
63000,98年10月,商品類(含食物),91.05,-3.35
63000,98年10月,商品類(不含食物),101.94,-1.91
63000,98年10月,商品類-非耐久性消費品(含食物),84.55,-3.16
63000,98年10月,商品類-非耐久性消費品(不含食物),96.97,0.33
63000,98年10月,商品類-半耐久性消費品,99.32,1.41
63000,98年10月,商品類-耐久性消費品,115.36,-8.64
63000,98年10月,服務類,89.89,-1.41
63000,98年10月,服務類(不含食物),91.91,-1.33
63000,98年10月,服務類-外食費,80.8,-1.82
63000,98年10月,服務類-衣著,84.15,1.53
63000,98年10月,服務類-居住,92.25,-0.5
63000,98年10月,服務類-交通及通訊,99.89,-1.68
63000,98年10月,服務類-醫藥保健,91.94,2.8
63000,98年10月,服務類-教養娛樂,88.33,-3.9
63000,98年10月,服務類-教養,95.48,-1.93
63000,98年10月,服務類-娛樂,82.1,-5.89
63000,98年10月,服務類-雜項,89.43,0.21
63000,98年11月,總指數(含食物),89.52,-1.95
63000,98年11月,商品類(含食物),89.3,-2.71
63000,98年11月,商品類(不含食物),101.37,0.1
63000,98年11月,商品類-非耐久性消費品(含食物),82.85,-1.98
63000,98年11月,商品類-非耐久性消費品(不含食物),97.73,5.55
63000,98年11月,商品類-半耐久性消費品,96.18,-0.22
63000,98年11月,商品類-耐久性消費品,115.06,-8.19
63000,98年11月,服務類,89.74,-1.43
63000,98年11月,服務類(不含食物),91.73,-1.3
63000,98年11月,服務類-外食費,80.82,-2
63000,98年11月,服務類-衣著,84.15,1.53
63000,98年11月,服務類-居住,92.16,-0.55
63000,98年11月,服務類-交通及通訊,99.89,-1.58
63000,98年11月,服務類-醫藥保健,91.94,2.8
63000,98年11月,服務類-教養娛樂,87.92,-3.47
63000,98年11月,服務類-教養,95.48,-1.93
63000,98年11月,服務類-娛樂,81.32,-5.04
63000,98年11月,服務類-雜項,89.08,-0.82
63000,98年12月,總指數(含食物),89.12,-1.13
63000,98年12月,商品類(含食物),88.38,-0.84
63000,98年12月,商品類(不含食物),100.66,0.99
63000,98年12月,商品類-非耐久性消費品(含食物),82.09,0.71
63000,98年12月,商品類-非耐久性消費品(不含食物),97.66,7.4
63000,98年12月,商品類-半耐久性消費品,93.9,-0.1
63000,98年12月,商品類-耐久性消費品,114.88,-7.96
63000,98年12月,服務類,89.71,-1.3
63000,98年12月,服務類(不含食物),91.64,-1.2
63000,98年12月,服務類-外食費,80.99,-1.79
63000,98年12月,服務類-衣著,84.15,1.53
63000,98年12月,服務類-居住,92,-0.67
63000,98年12月,服務類-交通及通訊,100.03,-1.3
63000,98年12月,服務類-醫藥保健,92.4,3.59
63000,98年12月,服務類-教養娛樂,87.72,-3.24
63000,98年12月,服務類-教養,95.48,-1.93
63000,98年12月,服務類-娛樂,80.94,-4.59
63000,98年12月,服務類-雜項,89.08,-0.47
63000,99年1月,總指數(含食物),89,-1.31
63000,99年1月,商品類(含食物),87.8,0.57
63000,99年1月,商品類(不含食物),99.97,1.76
63000,99年1月,商品類-非耐久性消費品(含食物),82.02,2.26
63000,99年1月,商品類-非耐久性消費品(不含食物),98.36,7.59
63000,99年1月,商品類-半耐久性消費品,89.57,0.17
63000,99年1月,商品類-耐久性消費品,115.64,-6.04
63000,99年1月,服務類,89.88,-2.51
63000,99年1月,服務類(不含食物),91.84,-2.72
63000,99年1月,服務類-外食費,81.07,-1.39
63000,99年1月,服務類-衣著,84.15,1.53
63000,99年1月,服務類-居住,92.3,-1.16
63000,99年1月,服務類-交通及通訊,100.8,-1.16
63000,99年1月,服務類-醫藥保健,92.41,3.78
63000,99年1月,服務類-教養娛樂,87.93,-3.51
63000,99年1月,服務類-教養,95.47,-1.94
63000,99年1月,服務類-娛樂,81.33,-5.15
63000,99年1月,服務類-雜項,87.93,-14.93
63000,99年2月,總指數(含食物),90.35,1.85
63000,99年2月,商品類(含食物),87.16,1.15
63000,99年2月,商品類(不含食物),98.65,0.97
63000,99年2月,商品類-非耐久性消費品(含食物),81.86,3.24
63000,99年2月,商品類-非耐久性消費品(不含食物),97.75,6.15
63000,99年2月,商品類-半耐久性消費品,86.33,-0.17
63000,99年2月,商品類-耐久性消費品,115.15,-6.28
63000,99年2月,服務類,92.56,2.3
63000,99年2月,服務類(不含食物),94.93,2.79
63000,99年2月,服務類-外食費,81.92,-0.15
63000,99年2月,服務類-衣著,84.15,1.53
63000,99年2月,服務類-居住,93.17,0.75
63000,99年2月,服務類-交通及通訊,101.75,0.74
63000,99年2月,服務類-醫藥保健,92.5,3.68
63000,99年2月,服務類-教養娛樂,91.06,1.78
63000,99年2月,服務類-教養,96.09,-1.18
63000,99年2月,服務類-娛樂,86.77,4.97
63000,99年2月,服務類-雜項,109.5,21.83
63000,99年3月,總指數(含食物),88.92,0.17
63000,99年3月,商品類(含食物),87.38,1.09
63000,99年3月,商品類(不含食物),98.55,1.26
63000,99年3月,商品類-非耐久性消費品(含食物),82.2,2.87
63000,99年3月,商品類-非耐久性消費品(不含食物),97.7,6.08
63000,99年3月,商品類-半耐久性消費品,86.24,0.96
63000,99年3月,商品類-耐久性消費品,114.92,-6.19
63000,99年3月,服務類,90.01,-0.43
63000,99年3月,服務類(不含食物),92,-0.27
63000,99年3月,服務類-外食費,81.06,-1.19
63000,99年3月,服務類-衣著,84.15,1.53
63000,99年3月,服務類-居住,92.3,-0.17
63000,99年3月,服務類-交通及通訊,100.82,-0.01
63000,99年3月,服務類-醫藥保健,92.5,3.68
63000,99年3月,服務類-教養娛樂,88.19,-1.2
63000,99年3月,服務類-教養,96.11,-1.17
63000,99年3月,服務類-娛樂,81.26,-1.22
63000,99年3月,服務類-雜項,89.03,-0.75
63000,99年4月,總指數(含食物),89.83,0.43
63000,99年4月,商品類(含食物),89.3,1.03
63000,99年4月,商品類(不含食物),101.94,1.11
63000,99年4月,商品類-非耐久性消費品(含食物),82.93,2.89
63000,99年4月,商品類-非耐久性消費品(不含食物),99.11,5.99
63000,99年4月,商品類-半耐久性消費品,96.59,0.77
63000,99年4月,商品類-耐久性消費品,114.1,-6.53
63000,99年4月,服務類,90.25,0.04
63000,99年4月,服務類(不含食物),92.07,-0.08
63000,99年4月,服務類-外食費,82.07,0.67
63000,99年4月,服務類-衣著,84.15,1.53
63000,99年4月,服務類-居住,92.3,-0.05
63000,99年4月,服務類-交通及通訊,100.06,-0.4
63000,99年4月,服務類-醫藥保健,92.5,4.23
63000,99年4月,服務類-教養娛樂,88.77,-0.89
63000,99年4月,服務類-教養,96.11,-1.18
63000,99年4月,服務類-娛樂,82.37,-0.57
63000,99年4月,服務類-雜項,89.04,0.3
63000,99年5月,總指數(含食物),89.5,0.01
63000,99年5月,商品類(含食物),88.62,-0.14
63000,99年5月,商品類(不含食物),100.64,0.23
63000,99年5月,商品類-非耐久性消費品(含食物),82.58,1.47
63000,99年5月,商品類-非耐久性消費品(不含食物),98.13,4.85
63000,99年5月,商品類-半耐久性消費品,94.05,-1.05
63000,99年5月,商品類-耐久性消費品,113.65,-6.12
63000,99年5月,服務類,90.18,0.12
63000,99年5月,服務類(不含食物),91.98,-0.08
63000,99年5月,服務類-外食費,82.04,1.05
63000,99年5月,服務類-衣著,84.15,1.53
63000,99年5月,服務類-居住,92.31,0
63000,99年5月,服務類-交通及通訊,100.13,-0.36
63000,99年5月,服務類-醫藥保健,92.5,4.23
63000,99年5月,服務類-教養娛樂,89.08,-0.1
63000,99年5月,服務類-教養,96.19,0.05
63000,99年5月,服務類-娛樂,82.9,-0.25
63000,99年5月,服務類-雜項,86.69,-2.68
63000,99年6月,總指數(含食物),90.03,0.83
63000,99年6月,商品類(含食物),89.39,1.01
63000,99年6月,商品類(不含食物),101.2,0
63000,99年6月,商品類-非耐久性消費品(含食物),83.95,2.75
63000,99年6月,商品類-非耐久性消費品(不含食物),100.29,3.27
63000,99年6月,商品類-半耐久性消費品,92.71,0.1
63000,99年6月,商品類-耐久性消費品,113.08,-5.7
63000,99年6月,服務類,90.53,0.72
63000,99年6月,服務類(不含食物),92.41,0.61
63000,99年6月,服務類-外食費,82.04,1.28
63000,99年6月,服務類-衣著,84.15,0.49
63000,99年6月,服務類-居住,92.35,0.1
63000,99年6月,服務類-交通及通訊,100.2,0.06
63000,99年6月,服務類-醫藥保健,92.01,-0.14
63000,99年6月,服務類-教養娛樂,89.4,1.53
63000,99年6月,服務類-教養,96.19,-0.06
63000,99年6月,服務類-娛樂,83.51,3.29
63000,99年6月,服務類-雜項,91.06,2.15
63000,99年7月,總指數(含食物),90.17,0.73
63000,99年7月,商品類(含食物),89.09,0.59
63000,99年7月,商品類(不含食物),100.43,-0.16
63000,99年7月,商品類-非耐久性消費品(含食物),84.02,1.84
63000,99年7月,商品類-非耐久性消費品(不含食物),100.16,2.2
63000,99年7月,商品類-半耐久性消費品,90.5,1.26
63000,99年7月,商品類-耐久性消費品,112.68,-5.58
63000,99年7月,服務類,90.97,0.81
63000,99年7月,服務類(不含食物),92.95,0.72
63000,99年7月,服務類-外食費,82.07,1.32
63000,99年7月,服務類-衣著,84.15,0
63000,99年7月,服務類-居住,92.31,0.05
63000,99年7月,服務類-交通及通訊,100.15,0.51
63000,99年7月,服務類-醫藥保健,91.82,-0.35
63000,99年7月,服務類-教養娛樂,92.12,2.44
63000,99年7月,服務類-教養,96.23,-0.05
63000,99年7月,服務類-娛樂,88.69,5.03
63000,99年7月,服務類-雜項,89.01,-0.08
63000,99年8月,總指數(含食物),89.96,-0.48
63000,99年8月,商品類(含食物),88.71,-2.25
63000,99年8月,商品類(不含食物),99.86,-0.27
63000,99年8月,商品類-非耐久性消費品(含食物),84.04,-2.3
63000,99年8月,商品類-非耐久性消費品(不含食物),100.55,1.74
63000,99年8月,商品類-半耐久性消費品,87.71,1.76
63000,99年8月,商品類-耐久性消費品,112.74,-5.58
63000,99年8月,服務類,90.88,0.72
63000,99年8月,服務類(不含食物),92.83,0.6
63000,99年8月,服務類-外食費,82.07,1.32
63000,99年8月,服務類-衣著,84.15,0
63000,99年8月,服務類-居住,92.31,0.05
63000,99年8月,服務類-交通及通訊,99.8,-0.01
63000,99年8月,服務類-醫藥保健,91.88,-0.28
63000,99年8月,服務類-教養娛樂,91.85,2.26
63000,99年8月,服務類-教養,96.25,0.01
63000,99年8月,服務類-娛樂,88.15,4.62
63000,99年8月,服務類-雜項,89,-0.09
63000,99年9月,總指數(含食物),90.21,0.42
63000,99年9月,商品類(含食物),89.21,-0.78
63000,99年9月,商品類(不含食物),99.28,0.8
63000,99年9月,商品類-非耐久性消費品(含食物),84.98,-0.57
63000,99年9月,商品類-非耐久性消費品(不含食物),100.14,2.99
63000,99年9月,商品類-半耐久性消費品,87.25,2.83
63000,99年9月,商品類-耐久性消費品,111.66,-4.82
63000,99年9月,服務類,90.97,1.24
63000,99年9月,服務類(不含食物),92.95,1.16
63000,99年9月,服務類-外食費,82.03,1.53
63000,99年9月,服務類-衣著,84.15,0
63000,99年9月,服務類-居住,92.45,0.21
63000,99年9月,服務類-交通及通訊,99.43,-0.04
63000,99年9月,服務類-醫藥保健,91.88,-0.28
63000,99年9月,服務類-教養娛樂,91.52,3.46
63000,99年9月,服務類-教養,96.8,1.32
63000,99年9月,服務類-娛樂,87.01,5.72
63000,99年9月,服務類-雜項,91.38,2.58
63000,99年10月,總指數(含食物),90.81,0.54
63000,99年10月,商品類(含食物),90.93,-0.13
63000,99年10月,商品類(不含食物),101.59,-0.34
63000,99年10月,商品類-非耐久性消費品(含食物),85.15,0.71
63000,99年10月,商品類-非耐久性消費品(不含食物),98.54,1.62
63000,99年10月,商品類-半耐久性消費品,98.7,-0.62
63000,99年10月,商品類-耐久性消費品,111.27,-3.55
63000,99年10月,服務類,90.8,1.01
63000,99年10月,服務類(不含食物),92.72,0.88
63000,99年10月,服務類-外食費,82.13,1.65
63000,99年10月,服務類-衣著,84.15,0
63000,99年10月,服務類-居住,92.42,0.18
63000,99年10月,服務類-交通及通訊,100.56,0.67
63000,99年10月,服務類-醫藥保健,91.88,-0.07
63000,99年10月,服務類-教養娛樂,91.31,3.37
63000,99年10月,服務類-教養,96.75,1.33
63000,99年10月,服務類-娛樂,86.65,5.54
63000,99年10月,服務類-雜項,87.63,-2.01
63000,99年11月,總指數(含食物),90.84,1.47
63000,99年11月,商品類(含食物),90.83,1.71
63000,99年11月,商品類(不含食物),101.87,0.49
63000,99年11月,商品類-非耐久性消費品(含食物),85.07,2.68
63000,99年11月,商品類-非耐久性消費品(不含食物),99.27,1.58
63000,99年11月,商品類-半耐久性消費品,98.17,2.07
63000,99年11月,商品類-耐久性消費品,111.56,-3.04
63000,99年11月,服務類,90.92,1.31
63000,99年11月,服務類(不含食物),92.8,1.17
63000,99年11月,服務類-外食費,82.42,1.98
63000,99年11月,服務類-衣著,84.15,0
63000,99年11月,服務類-居住,92.42,0.28
63000,99年11月,服務類-交通及通訊,100.46,0.57
63000,99年11月,服務類-醫藥保健,91.88,-0.07
63000,99年11月,服務類-教養娛樂,91.17,3.7
63000,99年11月,服務類-教養,96.75,1.33
63000,99年11月,服務類-娛樂,86.38,6.22
63000,99年11月,服務類-雜項,89.26,0.2
63000,99年12月,總指數(含食物),90.28,1.3
63000,99年12月,商品類(含食物),89.33,1.07
63000,99年12月,商品類(不含食物),101.56,0.89
63000,99年12月,商品類-非耐久性消費品(含食物),83.56,1.79
63000,99年12月,商品類-非耐久性消費品(不含食物),100.11,2.51
63000,99年12月,商品類-半耐久性消費品,95.77,1.99
63000,99年12月,商品類-耐久性消費品,111.33,-3.09
63000,99年12月,服務類,90.99,1.43
63000,99年12月,服務類(不含食物),92.88,1.35
63000,99年12月,服務類-外食費,82.48,1.84
63000,99年12月,服務類-衣著,84.15,0
63000,99年12月,服務類-居住,92.54,0.59
63000,99年12月,服務類-交通及通訊,100.52,0.49
63000,99年12月,服務類-醫藥保健,91.88,-0.56
63000,99年12月,服務類-教養娛樂,91.28,4.06
63000,99年12月,服務類-教養,96.75,1.33
63000,99年12月,服務類-娛樂,86.6,6.99
63000,99年12月,服務類-雜項,88.98,-0.11
63000,100年1月,總指數(含食物),90.12,1.27
63000,100年1月,商品類(含食物),88.74,1.07
63000,100年1月,商品類(不含食物),100.23,0.26
63000,100年1月,商品類-非耐久性消費品(含食物),83.71,2.06
63000,100年1月,商品類-非耐久性消費品(不含食物),100.2,1.87
63000,100年1月,商品類-半耐久性消費品,91.61,2.28
63000,100年1月,商品類-耐久性消費品,110.38,-4.55
63000,100年1月,服務類,91.12,1.38
63000,100年1月,服務類(不含食物),93.05,1.32
63000,100年1月,服務類-外食費,82.44,1.69
63000,100年1月,服務類-衣著,84.15,0
63000,100年1月,服務類-居住,92.59,0.31
63000,100年1月,服務類-交通及通訊,101.36,0.56
63000,100年1月,服務類-醫藥保健,91.8,-0.66
63000,100年1月,服務類-教養娛樂,92.02,4.65
63000,100年1月,服務類-教養,96.75,1.34
63000,100年1月,服務類-娛樂,88.01,8.21
63000,100年1月,服務類-雜項,87.14,-0.9
63000,100年2月,總指數(含食物),91.38,1.14
63000,100年2月,商品類(含食物),88.88,1.97
63000,100年2月,商品類(不含食物),99.59,0.95
63000,100年2月,商品類-非耐久性消費品(含食物),84.29,2.97
63000,100年2月,商品類-非耐久性消費品(不含食物),100.07,2.37
63000,100年2月,商品類-半耐久性消費品,89.55,3.73
63000,100年2月,商品類-耐久性消費品,110.36,-4.16
63000,100年2月,服務類,93.13,0.62
63000,100年2月,服務類(不含食物),95.44,0.54
63000,100年2月,服務類-外食費,82.77,1.04
63000,100年2月,服務類-衣著,84.89,0.88
63000,100年2月,服務類-居住,93.46,0.31
63000,100年2月,服務類-交通及通訊,101.34,-0.4
63000,100年2月,服務類-醫藥保健,91.8,-0.76
63000,100年2月,服務類-教養娛樂,92.27,1.33
63000,100年2月,服務類-教養,97.37,1.33
63000,100年2月,服務類-娛樂,87.93,1.34
63000,100年2月,服務類-雜項,111.07,1.43
63000,100年3月,總指數(含食物),90.15,1.39
63000,100年3月,商品類(含食物),88.78,1.6
63000,100年3月,商品類(不含食物),100.08,1.55
63000,100年3月,商品類-非耐久性消費品(含食物),84.36,2.63
63000,100年3月,商品類-非耐久性消費品(不含食物),101.7,4.09
63000,100年3月,商品類-半耐久性消費品,88.68,2.83
63000,100年3月,商品類-耐久性消費品,110.1,-4.19
63000,100年3月,服務類,91.14,1.26
63000,100年3月,服務類(不含食物),93,1.09
63000,100年3月,服務類-外食費,82.76,2.1
63000,100年3月,服務類-衣著,86.31,2.57
63000,100年3月,服務類-居住,92.52,0.24
63000,100年3月,服務類-交通及通訊,100.95,0.13
63000,100年3月,服務類-醫藥保健,91.8,-0.76
63000,100年3月,服務類-教養娛樂,91.61,3.88
63000,100年3月,服務類-教養,97.37,1.31
63000,100年3月,服務類-娛樂,86.66,6.65
63000,100年3月,服務類-雜項,88.95,-0.09
63000,100年4月,總指數(含食物),91.02,1.33
63000,100年4月,商品類(含食物),90.66,1.52
63000,100年4月,商品類(不含食物),103.06,1.1
63000,100年4月,商品類-非耐久性消費品(含食物),85.11,2.63
63000,100年4月,商品類-非耐久性消費品(不含食物),102.49,3.41
63000,100年4月,商品類-半耐久性消費品,97.92,1.38
63000,100年4月,商品類-耐久性消費品,110.16,-3.45
63000,100年4月,服務類,91.33,1.2
63000,100年4月,服務類(不含食物),93.15,1.17
63000,100年4月,服務類-外食費,83.11,1.27
63000,100年4月,服務類-衣著,86.31,2.57
63000,100年4月,服務類-居住,92.53,0.25
63000,100年4月,服務類-交通及通訊,100.64,0.58
63000,100年4月,服務類-醫藥保健,93.45,1.03
63000,100年4月,服務類-教養娛樂,91.98,3.62
63000,100年4月,服務類-教養,97.55,1.5
63000,100年4月,服務類-娛樂,87.21,5.88
63000,100年4月,服務類-雜項,89.01,-0.03
63000,100年5月,總指數(含食物),91.17,1.87
63000,100年5月,商品類(含食物),91.2,2.91
63000,100年5月,商品類(不含食物),102.69,2.04
63000,100年5月,商品類-非耐久性消費品(含食物),85.93,4.06
63000,100年5月,商品類-非耐久性消費品(不含食物),102,3.94
63000,100年5月,商品類-半耐久性消費品,97.41,3.57
63000,100年5月,商品類-耐久性消費品,110.2,-3.04
63000,100年5月,服務類,91.21,1.14
63000,100年5月,服務類(不含食物),93.02,1.13
63000,100年5月,服務類-外食費,83.07,1.26
63000,100年5月,服務類-衣著,86.31,2.57
63000,100年5月,服務類-居住,92.53,0.24
63000,100年5月,服務類-交通及通訊,100.74,0.61
63000,100年5月,服務類-醫藥保健,93.45,1.03
63000,100年5月,服務類-教養娛樂,91.63,2.86
63000,100年5月,服務類-教養,97.57,1.43
63000,100年5月,服務類-娛樂,86.52,4.37
63000,100年5月,服務類-雜項,88.3,1.86
63000,100年6月,總指數(含食物),91.6,1.74
63000,100年6月,商品類(含食物),91.85,2.75
63000,100年6月,商品類(不含食物),103.32,2.09
63000,100年6月,商品類-非耐久性消費品(含食物),87.06,3.7
63000,100年6月,商品類-非耐久性消費品(不含食物),104.07,3.77
63000,100年6月,商品類-半耐久性消費品,95.74,3.27
63000,100年6月,商品類-耐久性消費品,110.57,-2.22
63000,100年6月,服務類,91.5,1.07
63000,100年6月,服務類(不含食物),93.34,1.01
63000,100年6月,服務類-外食費,83.21,1.43
63000,100年6月,服務類-衣著,86.31,2.57
63000,100年6月,服務類-居住,92.57,0.24
63000,100年6月,服務類-交通及通訊,100.71,0.51
63000,100年6月,服務類-醫藥保健,93.45,1.57
63000,100年6月,服務類-教養娛樂,91.78,2.66
63000,100年6月,服務類-教養,97.46,1.32
63000,100年6月,服務類-娛樂,86.91,4.07
63000,100年6月,服務類-雜項,91.62,0.61
63000,100年7月,總指數(含食物),91.56,1.54
63000,100年7月,商品類(含食物),90.96,2.1
63000,100年7月,商品類(不含食物),102.58,2.14
63000,100年7月,商品類-非耐久性消費品(含食物),86.28,2.69
63000,100年7月,商品類-非耐久性消費品(不含食物),103.76,3.59
63000,100年7月,商品類-半耐久性消費品,93.84,3.69
63000,100年7月,商品類-耐久性消費品,110.29,-2.12
63000,100年7月,服務類,92.03,1.17
63000,100年7月,服務類(不含食物),93.9,1.02
63000,100年7月,服務類-外食費,83.58,1.84
63000,100年7月,服務類-衣著,86.31,2.57
63000,100年7月,服務類-居住,92.7,0.42
63000,100年7月,服務類-交通及通訊,99.81,-0.34
63000,100年7月,服務類-醫藥保健,93.45,1.78
63000,100年7月,服務類-教養娛樂,94.83,2.94
63000,100年7月,服務類-教養,98.56,2.42
63000,100年7月,服務類-娛樂,91.76,3.46
63000,100年7月,服務類-雜項,89,-0.01
63000,100年8月,總指數(含食物),91.42,1.63
63000,100年8月,商品類(含食物),90.72,2.27
63000,100年8月,商品類(不含食物),101.69,1.83
63000,100年8月,商品類-非耐久性消費品(含食物),86.67,3.13
63000,100年8月,商品類-非耐久性消費品(不含食物),104.09,3.52
63000,100年8月,商品類-半耐久性消費品,90.47,3.15
63000,100年8月,商品類-耐久性消費品,109.8,-2.61
63000,100年8月,服務類,91.97,1.2
63000,100年8月,服務類(不含食物),93.84,1.09
63000,100年8月,服務類-外食費,83.56,1.82
63000,100年8月,服務類-衣著,86.31,2.57
63000,100年8月,服務類-居住,92.74,0.47
63000,100年8月,服務類-交通及通訊,99.6,-0.2
63000,100年8月,服務類-醫藥保健,93.45,1.71
63000,100年8月,服務類-教養娛樂,94.62,3.02
63000,100年8月,服務類-教養,98.56,2.4
63000,100年8月,服務類-娛樂,91.36,3.64
63000,100年8月,服務類-雜項,89,0
63000,100年9月,總指數(含食物),91.34,1.25
63000,100年9月,商品類(含食物),90.7,1.67
63000,100年9月,商品類(不含食物),101.08,1.81
63000,100年9月,商品類-非耐久性消費品(含食物),86.87,2.22
63000,100年9月,商品類-非耐久性消費品(不含食物),103.53,3.39
63000,100年9月,商品類-半耐久性消費品,88.65,1.6
63000,100年9月,商品類-耐久性消費品,110.56,-0.99
63000,100年9月,服務類,91.83,0.95
63000,100年9月,服務類(不含食物),93.75,0.86
63000,100年9月,服務類-外食費,83.18,1.4
63000,100年9月,服務類-衣著,86.31,2.57
63000,100年9月,服務類-居住,92.86,0.44
63000,100年9月,服務類-交通及通訊,99.27,-0.16
63000,100年9月,服務類-醫藥保健,93.45,1.71
63000,100年9月,服務類-教養娛樂,93.57,2.24
63000,100年9月,服務類-教養,98.5,1.76
63000,100年9月,服務類-娛樂,89.39,2.74
63000,100年9月,服務類-雜項,91.21,-0.19
63000,100年10月,總指數(含食物),91.95,1.26
63000,100年10月,商品類(含食物),92.46,1.68
63000,100年10月,商品類(不含食物),103.6,1.98
63000,100年10月,商品類-非耐久性消費品(含食物),86.77,1.9
63000,100年10月,商品類-非耐久性消費品(不含食物),101.36,2.86
63000,100年10月,商品類-半耐久性消費品,102.58,3.93
63000,100年10月,商品類-耐久性消費品,109.27,-1.8
63000,100年10月,服務類,91.7,0.99
63000,100年10月,服務類(不含食物),93.61,0.96
63000,100年10月,服務類-外食費,83.08,1.16
63000,100年10月,服務類-衣著,86.31,2.57
63000,100年10月,服務類-居住,92.93,0.55
63000,100年10月,服務類-交通及通訊,99.3,-1.25
63000,100年10月,服務類-醫藥保健,93.45,1.71
63000,100年10月,服務類-教養娛樂,93.43,2.32
63000,100年10月,服務類-教養,98.5,1.81
63000,100年10月,服務類-娛樂,89.13,2.86
63000,100年10月,服務類-雜項,89.47,2.1
63000,100年11月,總指數(含食物),91.92,1.19
63000,100年11月,商品類(含食物),92.43,1.76
63000,100年11月,商品類(不含食物),103.22,1.33
63000,100年11月,商品類-非耐久性消費品(含食物),87.06,2.34
63000,100年11月,商品類-非耐久性消費品(不含食物),101.57,2.32
63000,100年11月,商品類-半耐久性消費品,100.15,2.02
63000,100年11月,商品類-耐久性消費品,110.09,-1.32
63000,100年11月,服務類,91.63,0.78
63000,100年11月,服務類(不含食物),93.48,0.73
63000,100年11月,服務類-外食費,83.28,1.04
63000,100年11月,服務類-衣著,86.31,2.57
63000,100年11月,服務類-居住,92.96,0.58
63000,100年11月,服務類-交通及通訊,99.08,-1.37
63000,100年11月,服務類-醫藥保健,93.45,1.71
63000,100年11月,服務類-教養娛樂,92.98,1.99
63000,100年11月,服務類-教養,98.5,1.81
63000,100年11月,服務類-娛樂,88.25,2.16
63000,100年11月,服務類-雜項,89.47,0.24
63000,100年12月,總指數(含食物),91.8,1.69
63000,100年12月,商品類(含食物),92.34,3.37
63000,100年12月,商品類(不含食物),102,0.43
63000,100年12月,商品類-非耐久性消費品(含食物),87.48,4.69
63000,100年12月,商品類-非耐久性消費品(不含食物),100.73,0.62
63000,100年12月,商品類-半耐久性消費品,97.88,2.2
63000,100年12月,商品類-耐久性消費品,109.38,-1.75
63000,100年12月,服務類,91.52,0.58
63000,100年12月,服務類(不含食物),93.34,0.5
63000,100年12月,服務類-外食費,83.31,1.01
63000,100年12月,服務類-衣著,86.31,2.57
63000,100年12月,服務類-居住,93,0.5
63000,100年12月,服務類-交通及通訊,99.15,-1.36
63000,100年12月,服務類-醫藥保健,93.41,1.67
63000,100年12月,服務類-教養娛樂,92.66,1.51
63000,100年12月,服務類-教養,98.5,1.81
63000,100年12月,服務類-娛樂,87.65,1.21
63000,100年12月,服務類-雜項,88.49,-0.55
63000,101年1月,總指數(含食物),92.5,2.64
63000,101年1月,商品類(含食物),90.98,2.52
63000,101年1月,商品類(不含食物),100.27,0.04
63000,101年1月,商品類-非耐久性消費品(含食物),86.75,3.63
63000,101年1月,商品類-非耐久性消費品(不含食物),100.42,0.22
63000,101年1月,商品類-半耐久性消費品,92.51,0.98
63000,101年1月,商品類-耐久性消費品,109.02,-1.23
63000,101年1月,服務類,93.61,2.73
63000,101年1月,服務類(不含食物),95.85,3.01
63000,101年1月,服務類-外食費,83.54,1.33
63000,101年1月,服務類-衣著,86.31,2.57
63000,101年1月,服務類-居住,93.95,1.47
63000,101年1月,服務類-交通及通訊,99.71,-1.63
63000,101年1月,服務類-醫藥保健,93.75,2.12
63000,101年1月,服務類-教養娛樂,93.35,1.45
63000,101年1月,服務類-教養,98.5,1.81
63000,101年1月,服務類-娛樂,88.97,1.09
63000,101年1月,服務類-雜項,110.92,27.29
63000,101年2月,總指數(含食物),91.06,-0.35
63000,101年2月,商品類(含食物),90.04,1.31
63000,101年2月,商品類(不含食物),100.25,0.66
63000,101年2月,商品類-非耐久性消費品(含食物),85.92,1.93
63000,101年2月,商品類-非耐久性消費品(不含食物),101.64,1.57
63000,101年2月,商品類-半耐久性消費品,90.16,0.68
63000,101年2月,商品類-耐久性消費品,109.14,-1.11
63000,101年2月,服務類,91.84,-1.39
63000,101年2月,服務類(不含食物),93.51,-2.02
63000,101年2月,服務類-外食費,84.26,1.8
63000,101年2月,服務類-衣著,86.31,1.67
63000,101年2月,服務類-居住,93.11,-0.37
63000,101年2月,服務類-交通及通訊,98.52,-2.78
63000,101年2月,服務類-醫藥保健,93.71,2.08
63000,101年2月,服務類-教養娛樂,92.9,0.68
63000,101年2月,服務類-教養,98.39,1.05
63000,101年2月,服務類-娛樂,88.21,0.32
63000,101年2月,服務類-雜項,89.88,-19.08
63000,101年3月,總指數(含食物),91.22,1.19
63000,101年3月,商品類(含食物),90.2,1.6
63000,101年3月,商品類(不含食物),100.13,0.05
63000,101年3月,商品類-非耐久性消費品(含食物),86.17,2.15
63000,101年3月,商品類-非耐久性消費品(不含食物),101.51,-0.19
63000,101年3月,商品類-半耐久性消費品,90.01,1.5
63000,101年3月,商品類-耐久性消費品,109.1,-0.91
63000,101年3月,服務類,91.98,0.92
63000,101年3月,服務類(不含食物),93.69,0.74
63000,101年3月,服務類-外食費,84.26,1.81
63000,101年3月,服務類-衣著,86.31,0
63000,101年3月,服務類-居住,93.15,0.68
63000,101年3月,服務類-交通及通訊,97.92,-3
63000,101年3月,服務類-醫藥保健,93.71,2.08
63000,101年3月,服務類-教養娛樂,93.72,2.3
63000,101年3月,服務類-教養,98.55,1.21
63000,101年3月,服務類-娛樂,89.63,3.43
63000,101年3月,服務類-雜項,90.12,1.32
63000,101年4月,總指數(含食物),92.33,1.44
63000,101年4月,商品類(含食物),92.53,2.06
63000,101年4月,商品類(不含食物),104.47,1.37
63000,101年4月,商品類-非耐久性消費品(含食物),87.45,2.75
63000,101年4月,商品類-非耐久性消費品(不含食物),104.86,2.31
63000,101年4月,商品類-半耐久性消費品,100.71,2.85
63000,101年4月,商品類-耐久性消費品,107.85,-2.1
63000,101年4月,服務類,92.27,1.03
63000,101年4月,服務類(不含食物),93.96,0.87
63000,101年4月,服務類-外食費,84.6,1.79
63000,101年4月,服務類-衣著,86.31,0
63000,101年4月,服務類-居住,93.15,0.67
63000,101年4月,服務類-交通及通訊,97.57,-3.05
63000,101年4月,服務類-醫藥保健,93.71,0.28
63000,101年4月,服務類-教養娛樂,94.89,3.16
63000,101年4月,服務類-教養,98.55,1.03
63000,101年4月,服務類-娛樂,91.87,5.34
63000,101年4月,服務類-雜項,90.12,1.25
63000,101年5月,總指數(含食物),92.52,1.48
63000,101年5月,商品類(含食物),93,1.97
63000,101年5月,商品類(不含食物),103.12,0.42
63000,101年5月,商品類-非耐久性消費品(含食物),88.47,2.96
63000,101年5月,商品類-非耐久性消費品(不含食物),103.26,1.24
63000,101年5月,商品類-半耐久性消費品,98.9,1.53
63000,101年5月,商品類-耐久性消費品,107.57,-2.39
63000,101年5月,服務類,92.27,1.16
63000,101年5月,服務類(不含食物),93.94,0.99
63000,101年5月,服務類-外食費,84.7,1.96
63000,101年5月,服務類-衣著,86.31,0
63000,101年5月,服務類-居住,93.22,0.75
63000,101年5月,服務類-交通及通訊,97.49,-3.23
63000,101年5月,服務類-醫藥保健,93.89,0.47
63000,101年5月,服務類-教養娛樂,94.92,3.59
63000,101年5月,服務類-教養,98.55,1
63000,101年5月,服務類-娛樂,91.92,6.24
63000,101年5月,服務類-雜項,89.43,1.28
63000,101年6月,總指數(含食物),93.1,1.64
63000,101年6月,商品類(含食物),93.79,2.11
63000,101年6月,商品類(不含食物),103.21,-0.11
63000,101年6月,商品類-非耐久性消費品(含食物),90.08,3.47
63000,101年6月,商品類-非耐久性消費品(不含食物),105.14,1.03
63000,101年6月,商品類-半耐久性消費品,96.49,0.78
63000,101年6月,商品類-耐久性消費品,106.91,-3.31
63000,101年6月,服務類,92.71,1.32
63000,101年6月,服務類(不含食物),94.48,1.22
63000,101年6月,服務類-外食費,84.71,1.8
63000,101年6月,服務類-衣著,86.31,0
63000,101年6月,服務類-居住,93.33,0.82
63000,101年6月,服務類-交通及通訊,97.59,-3.1
63000,101年6月,服務類-醫藥保健,93.89,0.47
63000,101年6月,服務類-教養娛樂,95.68,4.25
63000,101年6月,服務類-教養,98.55,1.12
63000,101年6月,服務類-娛樂,93.39,7.46
63000,101年6月,服務類-雜項,92.81,1.3
63000,101年7月,總指數(含食物),93.31,1.91
63000,101年7月,商品類(含食物),94.2,3.56
63000,101年7月,商品類(不含食物),102.92,0.33
63000,101年7月,商品類-非耐久性消費品(含食物),91.22,5.73
63000,101年7月,商品類-非耐久性消費品(不含食物),106.32,2.47
63000,101年7月,商品類-半耐久性消費品,93.64,-0.21
63000,101年7月,商品類-耐久性消費品,106.57,-3.37
63000,101年7月,服務類,92.78,0.81
63000,101年7月,服務類(不含食物),94.53,0.67
63000,101年7月,服務類-外食費,84.86,1.53
63000,101年7月,服務類-衣著,86.31,0
63000,101年7月,服務類-居住,93.33,0.68
63000,101年7月,服務類-交通及通訊,98.16,-1.65
63000,101年7月,服務類-醫藥保健,93.89,0.47
63000,101年7月,服務類-教養娛樂,96.15,1.39
63000,101年7月,服務類-教養,98.55,-0.01
63000,101年7月,服務類-娛樂,94.29,2.76
63000,101年7月,服務類-雜項,90.96,2.2
63000,101年8月,總指數(含食物),93.87,2.68
63000,101年8月,商品類(含食物),95.76,5.56
63000,101年8月,商品類(不含食物),103.43,1.71
63000,101年8月,商品類-非耐久性消費品(含食物),93.64,8.04
63000,101年8月,商品類-非耐久性消費品(不含食物),108.35,4.09
63000,101年8月,商品類-半耐久性消費品,92.01,1.7
63000,101年8月,商品類-耐久性消費品,106.43,-3.07
63000,101年8月,服務類,92.68,0.77
63000,101年8月,服務類(不含食物),94.4,0.6
63000,101年8月,服務類-外食費,84.94,1.65
63000,101年8月,服務類-衣著,86.31,0
63000,101年8月,服務類-居住,93.33,0.64
63000,101年8月,服務類-交通及通訊,98.07,-1.54
63000,101年8月,服務類-醫藥保健,93.89,0.47
63000,101年8月,服務類-教養娛樂,95.67,1.11
63000,101年8月,服務類-教養,98.55,-0.01
63000,101年8月,服務類-娛樂,93.38,2.21
63000,101年8月,服務類-雜項,90.99,2.24
63000,101年9月,總指數(含食物),93.54,2.41
63000,101年9月,商品類(含食物),95.3,5.07
63000,101年9月,商品類(不含食物),103.49,2.38
63000,101年9月,商品類-非耐久性消費品(含食物),92.92,6.96
63000,101年9月,商品類-非耐久性消費品(不含食物),108.15,4.46
63000,101年9月,商品類-半耐久性消費品,92.13,3.93
63000,101年9月,商品類-耐久性消費品,107,-3.22
63000,101年9月,服務類,92.44,0.66
63000,101年9月,服務類(不含食物),94.1,0.37
63000,101年9月,服務類-外食費,84.94,2.12
63000,101年9月,服務類-衣著,86.31,0
63000,101年9月,服務類-居住,93.43,0.61
63000,101年9月,服務類-交通及通訊,97.63,-1.65
63000,101年9月,服務類-醫藥保健,93.89,0.47
63000,101年9月,服務類-教養娛樂,93.87,0.32
63000,101年9月,服務類-教養,98.57,0.07
63000,101年9月,服務類-娛樂,89.9,0.57
63000,101年9月,服務類-雜項,93.35,2.35
63000,101年10月,總指數(含食物),93.61,1.8
63000,101年10月,商品類(含食物),95.46,3.24
63000,101年10月,商品類(不含食物),105.66,1.99
63000,101年10月,商品類-非耐久性消費品(含食物),90.89,4.75
63000,101年10月,商品類-非耐久性消費品(不含食物),105.88,4.46
63000,101年10月,商品類-半耐久性消費品,104.15,1.53
63000,101年10月,商品類-耐久性消費品,106.68,-2.37
63000,101年10月,服務類,92.44,0.81
63000,101年10月,服務類(不含食物),94.07,0.49
63000,101年10月,服務類-外食費,85.06,2.38
63000,101年10月,服務類-衣著,86.31,0
63000,101年10月,服務類-居住,93.52,0.63
63000,101年10月,服務類-交通及通訊,98.12,-1.19
63000,101年10月,服務類-醫藥保健,94.2,0.8
63000,101年10月,服務類-教養娛樂,94.13,0.75
63000,101年10月,服務類-教養,98.57,0.07
63000,101年10月,服務類-娛樂,90.4,1.42
63000,101年10月,服務類-雜項,90.62,1.29
63000,101年11月,總指數(含食物),92.98,1.16
63000,101年11月,商品類(含食物),94.02,1.72
63000,101年11月,商品類(不含食物),104.69,1.42
63000,101年11月,商品類-非耐久性消費品(含食物),89.49,2.79
63000,101年11月,商品類-非耐久性消費品(不含食物),105.47,3.84
63000,101年11月,商品類-半耐久性消費品,101.02,0.87
63000,101年11月,商品類-耐久性消費品,107.12,-2.7
63000,101年11月,服務類,92.38,0.82
63000,101年11月,服務類(不含食物),93.95,0.5
63000,101年11月,服務類-外食費,85.25,2.37
63000,101年11月,服務類-衣著,86.31,0
63000,101年11月,服務類-居住,93.56,0.65
63000,101年11月,服務類-交通及通訊,98.3,-0.79
63000,101年11月,服務類-醫藥保健,94.61,1.24
63000,101年11月,服務類-教養娛樂,93.23,0.27
63000,101年11月,服務類-教養,98.57,0.07
63000,101年11月,服務類-娛樂,88.67,0.48
63000,101年11月,服務類-雜項,91.41,2.17
63000,101年12月,總指數(含食物),93.16,1.48
63000,101年12月,商品類(含食物),94.42,2.25
63000,101年12月,商品類(不含食物),104.44,2.39
63000,101年12月,商品類-非耐久性消費品(含食物),90.46,3.41
63000,101年12月,商品類-非耐久性消費品(不含食物),106.26,5.49
63000,101年12月,商品類-半耐久性消費品,98.82,0.96
63000,101年12月,商品類-耐久性消費品,106.99,-2.19
63000,101年12月,服務類,92.38,0.94
63000,101年12月,服務類(不含食物),93.94,0.64
63000,101年12月,服務類-外食費,85.31,2.4
63000,101年12月,服務類-衣著,86.31,0
63000,101年12月,服務類-居住,93.56,0.6
63000,101年12月,服務類-交通及通訊,98.39,-0.77
63000,101年12月,服務類-醫藥保健,94.61,1.28
63000,101年12月,服務類-教養娛樂,93.15,0.53
63000,101年12月,服務類-教養,98.57,0.07
63000,101年12月,服務類-娛樂,88.52,0.99
63000,101年12月,服務類-雜項,91.41,3.3
63000,102年1月,總指數(含食物),92.96,0.5
63000,102年1月,商品類(含食物),93.69,2.98
63000,102年1月,商品類(不含食物),103.27,2.99
63000,102年1月,商品類-非耐久性消費品(含食物),90.25,4.03
63000,102年1月,商品類-非耐久性消費品(不含食物),105.97,5.53
63000,102年1月,商品類-半耐久性消費品,94.54,2.19
63000,102年1月,商品類-耐久性消費品,107.48,-1.41
63000,102年1月,服務類,92.52,-1.16
63000,102年1月,服務類(不含食物),94.09,-1.84
63000,102年1月,服務類-外食費,85.4,2.23
63000,102年1月,服務類-衣著,86.31,0
63000,102年1月,服務類-居住,93.68,-0.29
63000,102年1月,服務類-交通及通訊,98.55,-1.16
63000,102年1月,服務類-醫藥保健,94.75,1.07
63000,102年1月,服務類-教養娛樂,93.62,0.29
63000,102年1月,服務類-教養,98.57,0.07
63000,102年1月,服務類-娛樂,89.41,0.49
63000,102年1月,服務類-雜項,90.66,-18.27
63000,102年2月,總指數(含食物),93.84,3.06
63000,102年2月,商品類(含食物),92.59,2.83
63000,102年2月,商品類(不含食物),102.68,2.42
63000,102年2月,商品類-非耐久性消費品(含食物),89.44,4.1
63000,102年2月,商品類-非耐久性消費品(不含食物),106.78,5.06
63000,102年2月,商品類-半耐久性消費品,91.19,1.14
63000,102年2月,商品類-耐久性消費品,107.36,-1.63
63000,102年2月,服務類,94.6,3.01
63000,102年2月,服務類(不含食物),96.64,3.35
63000,102年2月,服務類-外食費,85.4,1.35
63000,102年2月,服務類-衣著,87.46,1.33
63000,102年2月,服務類-居住,94.33,1.31
63000,102年2月,服務類-交通及通訊,99.14,0.63
63000,102年2月,服務類-醫藥保健,94.9,1.27
63000,102年2月,服務類-教養娛樂,97.3,4.74
63000,102年2月,服務類-教養,99.19,0.81
63000,102年2月,服務類-娛樂,95.89,8.71
63000,102年2月,服務類-雜項,106.45,18.44
63000,102年3月,總指數(含食物),92.28,1.16
63000,102年3月,商品類(含食物),91.56,1.51
63000,102年3月,商品類(不含食物),102.35,2.22
63000,102年3月,商品類-非耐久性消費品(含食物),88.15,2.3
63000,102年3月,商品類-非耐久性消費品(不含食物),106.62,5.03
63000,102年3月,商品類-半耐久性消費品,90.89,0.98
63000,102年3月,商品類-耐久性消費品,106.72,-2.18
63000,102年3月,服務類,92.72,0.8
63000,102年3月,服務類(不含食物),94.32,0.67
63000,102年3月,服務類-外食費,85.49,1.46
63000,102年3月,服務類-衣著,87.46,1.33
63000,102年3月,服務類-居住,93.76,0.65
63000,102年3月,服務類-交通及通訊,98.3,0.39
63000,102年3月,服務類-醫藥保健,94.8,1.16
63000,102年3月,服務類-教養娛樂,94.56,0.9
63000,102年3月,服務類-教養,99.34,0.8
63000,102年3月,服務類-娛樂,90.52,0.99
63000,102年3月,服務類-雜項,90.49,0.41
63000,102年4月,總指數(含食物),92.81,0.52
63000,102年4月,商品類(含食物),92.86,0.36
63000,102年4月,商品類(不含食物),104.2,-0.26
63000,102年4月,商品類-非耐久性消費品(含食物),88.33,1.01
63000,102年4月,商品類-非耐久性消費品(不含食物),106.14,1.22
63000,102年4月,商品類-半耐久性消費品,99.12,-1.58
63000,102年4月,商品類-耐久性消費品,106.07,-1.65
63000,102年4月,服務類,92.79,0.56
63000,102年4月,服務類(不含食物),94.4,0.47
63000,102年4月,服務類-外食費,85.53,1.1
63000,102年4月,服務類-衣著,87.46,1.33
63000,102年4月,服務類-居住,93.83,0.73
63000,102年4月,服務類-交通及通訊,98.3,0.75
63000,102年4月,服務類-醫藥保健,94.84,1.21
63000,102年4月,服務類-教養娛樂,94.7,-0.2
63000,102年4月,服務類-教養,99.34,0.8
63000,102年4月,服務類-娛樂,90.78,-1.19
63000,102年4月,服務類-雜項,90.63,0.57
63000,102年5月,總指數(含食物),92.93,0.44
63000,102年5月,商品類(含食物),93.3,0.32
63000,102年5月,商品類(不含食物),103.42,0.29
63000,102年5月,商品類-非耐久性消費品(含食物),89.43,1.09
63000,102年5月,商品類-非耐久性消費品(不含食物),105.62,2.29
63000,102年5月,商品類-半耐久性消費品,97.97,-0.94
63000,102年5月,商品類-耐久性消費品,105.23,-2.18
63000,102年5月,服務類,92.7,0.47
63000,102年5月,服務類(不含食物),94.27,0.35
63000,102年5月,服務類-外食費,85.58,1.04
63000,102年5月,服務類-衣著,87.46,1.33
63000,102年5月,服務類-居住,93.84,0.67
63000,102年5月,服務類-交通及通訊,98.13,0.66
63000,102年5月,服務類-醫藥保健,94.84,1.01
63000,102年5月,服務類-教養娛樂,94.46,-0.48
63000,102年5月,服務類-教養,99.34,0.8
63000,102年5月,服務類-娛樂,90.32,-1.74
63000,102年5月,服務類-雜項,89.98,0.62
63000,102年6月,總指數(含食物),93.32,0.24
63000,102年6月,商品類(含食物),93.8,0.01
63000,102年6月,商品類(不含食物),103.82,0.59
63000,102年6月,商品類-非耐久性消費品(含食物),90.77,0.77
63000,102年6月,商品類-非耐久性消費品(不含食物),108.18,2.89
63000,102年6月,商品類-半耐久性消費品,96.03,-0.48
63000,102年6月,商品類-耐久性消費品,104.52,-2.24
63000,102年6月,服務類,93.04,0.36
63000,102年6月,服務類(不含食物),94.68,0.21
63000,102年6月,服務類-外食費,85.64,1.1
63000,102年6月,服務類-衣著,87.46,1.33
63000,102年6月,服務類-居住,93.88,0.59
63000,102年6月,服務類-交通及通訊,98.11,0.53
63000,102年6月,服務類-醫藥保健,94.84,1.01
63000,102年6月,服務類-教養娛樂,94.86,-0.86
63000,102年6月,服務類-教養,99.34,0.8
63000,102年6月,服務類-娛樂,91.09,-2.46
63000,102年6月,服務類-雜項,93.73,0.99
63000,102年7月,總指數(含食物),93.49,0.2
63000,102年7月,商品類(含食物),93.51,-0.73
63000,102年7月,商品類(不含食物),103.73,0.79
63000,102年7月,商品類-非耐久性消費品(含食物),90.65,-0.62
63000,102年7月,商品類-非耐久性消費品(不含食物),108.78,2.31
63000,102年7月,商品類-半耐久性消費品,93.6,-0.04
63000,102年7月,商品類-耐久性消費品,105.58,-0.93
63000,102年7月,服務類,93.49,0.77
63000,102年7月,服務類(不含食物),95.22,0.73
63000,102年7月,服務類-外食費,85.64,0.92
63000,102年7月,服務類-衣著,87.46,1.33
63000,102年7月,服務類-居住,93.93,0.64
63000,102年7月,服務類-交通及通訊,97.76,-0.41
63000,102年7月,服務類-醫藥保健,94.84,1.01
63000,102年7月,服務類-教養娛樂,97.42,1.32
63000,102年7月,服務類-教養,99.51,0.97
63000,102年7月,服務類-娛樂,95.83,1.63
63000,102年7月,服務類-雜項,92.75,1.97
63000,102年8月,總指數(含食物),93.63,-0.26
63000,102年8月,商品類(含食物),93.77,-2.08
63000,102年8月,商品類(不含食物),103.26,-0.16
63000,102年8月,商品類-非耐久性消費品(含食物),91.58,-2.2
63000,102年8月,商品類-非耐久性消費品(不含食物),109.21,0.79
63000,102年8月,商品類-半耐久性消費品,90.82,-1.29
63000,102年8月,商品類-耐久性消費品,105.94,-0.46
63000,102年8月,服務類,93.54,0.93
63000,102年8月,服務類(不含食物),95.3,0.95
63000,102年8月,服務類-外食費,85.59,0.77
63000,102年8月,服務類-衣著,87.46,1.33
63000,102年8月,服務類-居住,94.1,0.83
63000,102年8月,服務類-交通及通訊,97.51,-0.57
63000,102年8月,服務類-醫藥保健,94.84,1.01
63000,102年8月,服務類-教養娛樂,97.44,1.85
63000,102年8月,服務類-教養,99.83,1.3
63000,102年8月,服務類-娛樂,95.57,2.35
63000,102年8月,服務類-雜項,93.09,2.31
63000,102年9月,總指數(含食物),94.58,1.11
63000,102年9月,商品類(含食物),96.21,0.95
63000,102年9月,商品類(不含食物),103.46,-0.03
63000,102年9月,商品類-非耐久性消費品(含食物),95.15,2.4
63000,102年9月,商品類-非耐久性消費品(不含食物),109.7,1.43
63000,102年9月,商品類-半耐久性消費品,90.61,-1.65
63000,102年9月,商品類-耐久性消費品,106.1,-0.84
63000,102年9月,服務類,93.6,1.25
63000,102年9月,服務類(不含食物),95.36,1.34
63000,102年9月,服務類-外食費,85.63,0.81
63000,102年9月,服務類-衣著,87.46,1.33
63000,102年9月,服務類-居住,94.16,0.78
63000,102年9月,服務類-交通及通訊,96.96,-0.69
63000,102年9月,服務類-醫藥保健,94.84,1.01
63000,102年9月,服務類-教養娛樂,97.45,3.81
63000,102年9月,服務類-教養,100.74,2.2
63000,102年9月,服務類-娛樂,94.75,5.39
63000,102年9月,服務類-雜項,94.5,1.23
63000,102年10月,總指數(含食物),94.7,1.16
63000,102年10月,商品類(含食物),96.84,1.45
63000,102年10月,商品類(不含食物),104.93,-0.69
63000,102年10月,商品類-非耐久性消費品(含食物),93.85,3.26
63000,102年10月,商品類-非耐久性消費品(不含食物),106.97,1.03
63000,102年10月,商品類-半耐久性消費品,101.6,-2.45
63000,102年10月,商品類-耐久性消費品,104.93,-1.64
63000,102年10月,服務類,93.39,1.03
63000,102年10月,服務類(不含食物),95.06,1.05
63000,102年10月,服務類-外食費,85.83,0.91
63000,102年10月,服務類-衣著,87.46,1.33
63000,102年10月,服務類-居住,94.15,0.67
63000,102年10月,服務類-交通及通訊,96.99,-1.15
63000,102年10月,服務類-醫藥保健,94.92,0.76
63000,102年10月,服務類-教養娛樂,96.87,2.91
63000,102年10月,服務類-教養,100.74,2.2
63000,102年10月,服務類-娛樂,93.65,3.6
63000,102年10月,服務類-雜項,92.43,2
63000,102年11月,總指數(含食物),93.93,1.02
63000,102年11月,商品類(含食物),94.89,0.93
63000,102年11月,商品類(不含食物),104.15,-0.52
63000,102年11月,商品類-非耐久性消費品(含食物),91.63,2.39
63000,102年11月,商品類-非耐久性消費品(不含食物),106.95,1.4
63000,102年11月,商品類-半耐久性消費品,100.1,-0.91
63000,102年11月,商品類-耐久性消費品,103.68,-3.21
63000,102年11月,服務類,93.35,1.05
63000,102年11月,服務類(不含食物),94.99,1.11
63000,102年11月,服務類-外食費,85.89,0.75
63000,102年11月,服務類-衣著,87.31,1.16
63000,102年11月,服務類-居住,94.19,0.67
63000,102年11月,服務類-交通及通訊,96.97,-1.35
63000,102年11月,服務類-醫藥保健,94.92,0.33
63000,102年11月,服務類-教養娛樂,96.33,3.33
63000,102年11月,服務類-教養,100.74,2.2
63000,102年11月,服務類-娛樂,92.62,4.45
63000,102年11月,服務類-雜項,93.09,1.84
63000,102年12月,總指數(含食物),93.86,0.75
63000,102年12月,商品類(含食物),94.61,0.2
63000,102年12月,商品類(不含食物),103.68,-0.73
63000,102年12月,商品類-非耐久性消費品(含食物),91.93,1.63
63000,102年12月,商品類-非耐久性消費品(不含食物),107.8,1.45
63000,102年12月,商品類-半耐久性消費品,97.36,-1.48
63000,102年12月,商品類-耐久性消費品,103.32,-3.43
63000,102年12月,服務類,93.41,1.11
63000,102年12月,服務類(不含食物),95.07,1.2
63000,102年12月,服務類-外食費,85.91,0.7
63000,102年12月,服務類-衣著,87.41,1.27
63000,102年12月,服務類-居住,94.24,0.73
63000,102年12月,服務類-交通及通訊,96.93,-1.48
63000,102年12月,服務類-醫藥保健,94.92,0.33
63000,102年12月,服務類-教養娛樂,96.65,3.76
63000,102年12月,服務類-教養,100.74,2.2
63000,102年12月,服務類-娛樂,93.24,5.33
63000,102年12月,服務類-雜項,92.77,1.49
63000,103年1月,總指數(含食物),94.52,1.67
63000,103年1月,商品類(含食物),93.76,0.07
63000,103年1月,商品類(不含食物),102.41,-0.83
63000,103年1月,商品類-非耐久性消費品(含食物),91.62,1.52
63000,103年1月,商品類-非耐久性消費品(不含食物),107.48,1.42
63000,103年1月,商品類-半耐久性消費品,94.17,-0.39
63000,103年1月,商品類-耐久性消費品,102.43,-4.7
63000,103年1月,服務類,94.97,2.65
63000,103年1月,服務類(不含食物),96.92,3.01
63000,103年1月,服務類-外食費,86.17,0.9
63000,103年1月,服務類-衣著,87.29,1.14
63000,103年1月,服務類-居住,94.61,0.99
63000,103年1月,服務類-交通及通訊,97.42,-1.15
63000,103年1月,服務類-醫藥保健,95.01,0.27
63000,103年1月,服務類-教養娛樂,98.8,5.53
63000,103年1月,服務類-教養,100.79,2.25
63000,103年1月,服務類-娛樂,97.29,8.81
63000,103年1月,服務類-雜項,106.51,17.48
63000,103年2月,總指數(含食物),93.68,-0.17
63000,103年2月,商品類(含食物),93.46,0.94
63000,103年2月,商品類(不含食物),102.12,-0.55
63000,103年2月,商品類-非耐久性消費品(含食物),91.48,2.28
63000,103年2月,商品類-非耐久性消費品(不含食物),107.61,0.78
63000,103年2月,商品類-半耐久性消費品,92.62,1.57
63000,103年2月,商品類-耐久性消費品,102.67,-4.37
63000,103年2月,服務類,93.82,-0.82
63000,103年2月,服務類(不含食物),95.43,-1.25
63000,103年2月,服務類-外食費,86.54,1.33
63000,103年2月,服務類-衣著,87.46,0
63000,103年2月,服務類-居住,94.37,0.04
63000,103年2月,服務類-交通及通訊,97.22,-1.94
63000,103年2月,服務類-醫藥保健,95.05,0.16
63000,103年2月,服務類-教養娛樂,97.55,0.26
63000,103年2月,服務類-教養,100.03,0.85
63000,103年2月,服務類-娛樂,95.6,-0.3
63000,103年2月,服務類-雜項,93.11,-12.53
63000,103年3月,總指數(含食物),94.01,1.88
63000,103年3月,商品類(含食物),94.08,2.75
63000,103年3月,商品類(不含食物),102.25,-0.1
63000,103年3月,商品類-非耐久性消費品(含食物),92.47,4.9
63000,103年3月,商品類-非耐久性消費品(不含食物),108.15,1.44
63000,103年3月,商品類-半耐久性消費品,91.94,1.16
63000,103年3月,商品類-耐久性消費品,102.95,-3.53
63000,103年3月,服務類,93.98,1.36
63000,103年3月,服務類(不含食物),95.41,1.16
63000,103年3月,服務類-外食費,87.46,2.3
63000,103年3月,服務類-衣著,87.31,-0.17
63000,103年3月,服務類-居住,94.61,0.91
63000,103年3月,服務類-交通及通訊,97.25,-1.07
63000,103年3月,服務類-醫藥保健,94.91,0.12
63000,103年3月,服務類-教養娛樂,96.96,2.54
63000,103年3月,服務類-教養,100.08,0.74
63000,103年3月,服務類-娛樂,94.43,4.32
63000,103年3月,服務類-雜項,93.3,3.11
63000,103年4月,總指數(含食物),94.74,2.08
63000,103年4月,商品類(含食物),95.31,2.64
63000,103年4月,商品類(不含食物),104.58,0.36
63000,103年4月,商品類-非耐久性消費品(含食物),92.16,4.34
63000,103年4月,商品類-非耐久性消費品(不含食物),107.67,1.44
63000,103年4月,商品類-半耐久性消費品,101.43,2.33
63000,103年4月,商品類-耐久性消費品,102.77,-3.11
63000,103年4月,服務類,94.4,1.74
63000,103年4月,服務類(不含食物),95.69,1.37
63000,103年4月,服務類-外食費,88.49,3.46
63000,103年4月,服務類-衣著,87.46,0
63000,103年4月,服務類-居住,94.63,0.85
63000,103年4月,服務類-交通及通訊,97.18,-1.14
63000,103年4月,服務類-醫藥保健,94.91,0.07
63000,103年4月,服務類-教養娛樂,97.89,3.37
63000,103年4月,服務類-教養,100.08,0.74
63000,103年4月,服務類-娛樂,96.21,5.98
63000,103年4月,服務類-雜項,94.03,3.75
63000,103年5月,總指數(含食物),94.9,2.12
63000,103年5月,商品類(含食物),95.41,2.26
63000,103年5月,商品類(不含食物),104.11,0.67
63000,103年5月,商品類-非耐久性消費品(含食物),92.71,3.67
63000,103年5月,商品類-非耐久性消費品(不含食物),107.67,1.94
63000,103年5月,商品類-半耐久性消費品,99.92,1.99
63000,103年5月,商品類-耐久性消費品,102.57,-2.53
63000,103年5月,服務類,94.59,2.04
63000,103年5月,服務類(不含食物),95.77,1.59
63000,103年5月,服務類-外食費,89.15,4.17
63000,103年5月,服務類-衣著,87.46,0
63000,103年5月,服務類-居住,94.65,0.86
63000,103年5月,服務類-交通及通訊,97.21,-0.94
63000,103年5月,服務類-醫藥保健,94.92,0.08
63000,103年5月,服務類-教養娛樂,98.26,4.02
63000,103年5月,服務類-教養,100.08,0.74
63000,103年5月,服務類-娛樂,96.92,7.31
63000,103年5月,服務類-雜項,93.66,4.09
63000,103年6月,總指數(含食物),95.7,2.55
63000,103年6月,商品類(含食物),96.37,2.74
63000,103年6月,商品類(不含食物),105.09,1.22
63000,103年6月,商品類-非耐久性消費品(含食物),94.6,4.22
63000,103年6月,商品類-非耐久性消費品(不含食物),111.23,2.82
63000,103年6月,商品類-半耐久性消費品,97.88,1.93
63000,103年6月,商品類-耐久性消費品,102.42,-2.01
63000,103年6月,服務類,95.29,2.42
63000,103年6月,服務類(不含食物),96.56,1.99
63000,103年6月,服務類-外食費,89.51,4.52
63000,103年6月,服務類-衣著,87.46,0
63000,103年6月,服務類-居住,94.69,0.86
63000,103年6月,服務類-交通及通訊,97.34,-0.78
63000,103年6月,服務類-醫藥保健,94.92,0.08
63000,103年6月,服務類-教養娛樂,100.34,5.78
63000,103年6月,服務類-教養,100.08,0.74
63000,103年6月,服務類-娛樂,100.87,10.74
63000,103年6月,服務類-雜項,96.51,2.97
63000,103年7月,總指數(含食物),95.78,2.44
63000,103年7月,商品類(含食物),96.01,2.67
63000,103年7月,商品類(不含食物),104.34,0.59
63000,103年7月,商品類-非耐久性消費品(含食物),94.68,4.45
63000,103年7月,商品類-非耐久性消費品(不含食物),111.17,2.2
63000,103年7月,商品類-半耐久性消費品,95.32,1.84
63000,103年7月,商品類-耐久性消費品,102.34,-3.07
63000,103年7月,服務類,95.63,2.29
63000,103年7月,服務類(不含食物),96.9,1.76
63000,103年7月,服務類-外食費,89.86,4.93
63000,103年7月,服務類-衣著,87.46,0
63000,103年7月,服務類-居住,94.68,0.8
63000,103年7月,服務類-交通及通訊,98.35,0.6
63000,103年7月,服務類-醫藥保健,94.89,0.05
63000,103年7月,服務類-教養娛樂,101.57,4.26
63000,103年7月,服務類-教養,100.51,1
63000,103年7月,服務類-娛樂,102.83,7.3
63000,103年7月,服務類-雜項,95.21,2.65
63000,103年8月,總指數(含食物),96,2.53
63000,103年8月,商品類(含食物),96.69,3.11
63000,103年8月,商品類(不含食物),103.54,0.27
63000,103年8月,商品類-非耐久性消費品(含食物),96.31,5.16
63000,103年8月,商品類-非耐久性消費品(不含食物),111.14,1.77
63000,103年8月,商品類-半耐久性消費品,92.81,2.19
63000,103年8月,商品類-耐久性消費品,101.99,-3.73
63000,103年8月,服務類,95.58,2.18
63000,103年8月,服務類(不含食物),96.78,1.55
63000,103年8月,服務類-外食費,90.09,5.26
63000,103年8月,服務類-衣著,87.46,0
63000,103年8月,服務類-居住,94.7,0.64
63000,103年8月,服務類-交通及通訊,98.31,0.82
63000,103年8月,服務類-醫藥保健,94.89,0.05
63000,103年8月,服務類-教養娛樂,101.08,3.74
63000,103年8月,服務類-教養,100.43,0.6
63000,103年8月,服務類-娛樂,101.97,6.7
63000,103年8月,服務類-雜項,95.21,2.28
63000,103年9月,總指數(含食物),95.94,1.44
63000,103年9月,商品類(含食物),97.03,0.85
63000,103年9月,商品類(不含食物),103.14,-0.31
63000,103年9月,商品類-非耐久性消費品(含食物),96.95,1.89
63000,103年9月,商品類-非耐久性消費品(不含食物),110.6,0.82
63000,103年9月,商品類-半耐久性消費品,92.83,2.45
63000,103年9月,商品類-耐久性消費品,101.4,-4.43
63000,103年9月,服務類,95.28,1.79
63000,103年9月,服務類(不含食物),96.41,1.1
63000,103年9月,服務類-外食費,90.08,5.2
63000,103年9月,服務類-衣著,87.46,0
63000,103年9月,服務類-居住,94.77,0.65
63000,103年9月,服務類-交通及通訊,98.23,1.31
63000,103年9月,服務類-醫藥保健,94.9,0.06
63000,103年9月,服務類-教養娛樂,98.81,1.4
63000,103年9月,服務類-教養,99.52,-1.21
63000,103年9月,服務類-娛樂,98.46,3.92
63000,103年9月,服務類-雜項,97.56,3.24
63000,103年10月,總指數(含食物),95.98,1.35
63000,103年10月,商品類(含食物),97.57,0.75
63000,103年10月,商品類(不含食物),103.27,-1.58
63000,103年10月,商品類-非耐久性消費品(含食物),95.83,2.11
63000,103年10月,商品類-非耐久性消費品(不含食物),105.7,-1.19
63000,103年10月,商品類-半耐久性消費品,102.75,1.13
63000,103年10月,商品類-耐久性消費品,99.95,-4.75
63000,103年10月,服務類,95,1.72
63000,103年10月,服務類(不含食物),96,0.99
63000,103年10月,服務類-外食費,90.4,5.32
63000,103年10月,服務類-衣著,87.46,0
63000,103年10月,服務類-居住,94.79,0.68
63000,103年10月,服務類-交通及通訊,98.18,1.23
63000,103年10月,服務類-醫藥保健,94.9,-0.02
63000,103年10月,服務類-教養娛樂,97.9,1.06
63000,103年10月,服務類-教養,99.52,-1.21
63000,103年10月,服務類-娛樂,96.72,3.28
63000,103年10月,服務類-雜項,95.11,2.9
63000,103年11月,總指數(含食物),95.14,1.29
63000,103年11月,商品類(含食物),95.61,0.76
63000,103年11月,商品類(不含食物),102.06,-2.01
63000,103年11月,商品類-非耐久性消費品(含食物),93.54,2.08
63000,103年11月,商品類-非耐久性消費品(不含食物),104.56,-2.23
63000,103年11月,商品類-半耐久性消費品,100.59,0.49
63000,103年11月,商品類-耐久性消費品,99.56,-3.97
63000,103年11月,服務類,94.86,1.62
63000,103年11月,服務類(不含食物),95.75,0.8
63000,103年11月,服務類-外食費,90.71,5.61
63000,103年11月,服務類-衣著,87.35,0.05
63000,103年11月,服務類-居住,94.82,0.67
63000,103年11月,服務類-交通及通訊,98.2,1.27
63000,103年11月,服務類-醫藥保健,94.9,-0.02
63000,103年11月,服務類-教養娛樂,96.77,0.46
63000,103年11月,服務類-教養,99.45,-1.28
63000,103年11月,服務類-娛樂,94.63,2.17
63000,103年11月,服務類-雜項,95.31,2.38
63000,103年12月,總指數(含食物),94.79,1
63000,103年12月,商品類(含食物),94.64,0.03
63000,103年12月,商品類(不含食物),100.17,-3.39
63000,103年12月,商品類-非耐久性消費品(含食物),92.73,0.87
63000,103年12月,商品類-非耐久性消費品(不含食物),101.91,-5.46
63000,103年12月,商品類-半耐久性消費品,98.13,0.79
63000,103年12月,商品類-耐久性消費品,99.38,-3.81
63000,103年12月,服務類,94.89,1.58
63000,103年12月,服務類(不含食物),95.75,0.72
63000,103年12月,服務類-外食費,90.88,5.79
63000,103年12月,服務類-衣著,87.31,-0.11
63000,103年12月,服務類-居住,94.85,0.65
63000,103年12月,服務類-交通及通訊,98.18,1.29
63000,103年12月,服務類-醫藥保健,94.9,-0.02
63000,103年12月,服務類-教養娛樂,96.82,0.18
63000,103年12月,服務類-教養,99.45,-1.28
63000,103年12月,服務類-娛樂,94.73,1.6
63000,103年12月,服務類-雜項,95,2.4
63000,104年1月,總指數(含食物),93.83,-0.72
63000,104年1月,商品類(含食物),91.9,-1.98
63000,104年1月,商品類(不含食物),95.56,-6.69
63000,104年1月,商品類-非耐久性消費品(含食物),89.46,-2.36
63000,104年1月,商品類-非耐久性消費品(不含食物),93.51,-13
63000,104年1月,商品類-半耐久性消費品,94.94,0.82
63000,104年1月,商品類-耐久性消費品,99.36,-3
63000,104年1月,服務類,95,0.03
63000,104年1月,服務類(不含食物),95.9,-1.05
63000,104年1月,服務類-外食費,90.85,5.43
63000,104年1月,服務類-衣著,87.46,0.19
63000,104年1月,服務類-居住,94.93,0.34
63000,104年1月,服務類-交通及通訊,98.83,1.45
63000,104年1月,服務類-醫藥保健,94.89,-0.13
63000,104年1月,服務類-教養娛樂,97.12,-1.7
63000,104年1月,服務類-教養,99.43,-1.35
63000,104年1月,服務類-娛樂,95.31,-2.04
63000,104年1月,服務類-雜項,94.33,-11.44
63000,104年2月,總指數(含食物),94.67,1.06
63000,104年2月,商品類(含食物),90.52,-3.15
63000,104年2月,商品類(不含食物),94.48,-7.48
63000,104年2月,商品類-非耐久性消費品(含食物),88.25,-3.53
63000,104年2月,商品類-非耐久性消費品(不含食物),93.3,-13.3
63000,104年2月,商品類-半耐久性消費品,91.93,-0.74
63000,104年2月,商品類-耐久性消費品,98.82,-3.75
63000,104年2月,服務類,97.2,3.6
63000,104年2月,服務類(不含食物),98.55,3.27
63000,104年2月,服務類-外食費,90.99,5.14
63000,104年2月,服務類-衣著,87.46,0
63000,104年2月,服務類-居住,95.65,1.36
63000,104年2月,服務類-交通及通訊,99.47,2.31
63000,104年2月,服務類-醫藥保健,95.13,0.08
63000,104年2月,服務類-教養娛樂,100.58,3.11
63000,104年2月,服務類-教養,99.42,-0.61
63000,104年2月,服務類-娛樂,101.94,6.63
63000,104年2月,服務類-雜項,111.55,19.8
63000,104年3月,總指數(含食物),93.84,-0.18
63000,104年3月,商品類(含食物),91.74,-2.49
63000,104年3月,商品類(不含食物),96.78,-5.35
63000,104年3月,商品類-非耐久性消費品(含食物),89.8,-2.89
63000,104年3月,商品類-非耐久性消費品(不含食物),97.88,-9.5
63000,104年3月,商品類-半耐久性消費品,92.02,0.09
63000,104年3月,商品類-耐久性消費品,99.65,-3.21
63000,104年3月,服務類,95.14,1.23
63000,104年3月,服務類(不含食物),96.06,0.68
63000,104年3月,服務類-外食費,90.87,3.9
63000,104年3月,服務類-衣著,87.46,0.17
63000,104年3月,服務類-居住,95.1,0.52
63000,104年3月,服務類-交通及通訊,98.69,1.48
63000,104年3月,服務類-醫藥保健,94.9,-0.01
63000,104年3月,服務類-教養娛樂,97.22,0.27
63000,104年3月,服務類-教養,99.44,-0.64
63000,104年3月,服務類-娛樂,95.5,1.13
63000,104年3月,服務類-雜項,95.24,2.08
63000,104年4月,總指數(含食物),94.38,-0.38
63000,104年4月,商品類(含食物),92.72,-2.72
63000,104年4月,商品類(不含食物),98.65,-5.67
63000,104年4月,商品類-非耐久性消費品(含食物),89.23,-3.18
63000,104年4月,商品類-非耐久性消費品(不含食物),96.61,-10.27
63000,104年4月,商品類-半耐久性消費品,101.37,-0.06
63000,104年4月,商品類-耐久性消費品,99.22,-3.45
63000,104年4月,服務類,95.4,1.06
63000,104年4月,服務類(不含食物),96.28,0.62
63000,104年4月,服務類-外食費,91.27,3.14
63000,104年4月,服務類-衣著,87.46,0
63000,104年4月,服務類-居住,95.33,0.74
63000,104年4月,服務類-交通及通訊,98.58,1.44
63000,104年4月,服務類-醫藥保健,94.85,-0.06
63000,104年4月,服務類-教養娛樂,97.71,-0.18
63000,104年4月,服務類-教養,99.44,-0.64
63000,104年4月,服務類-娛樂,96.44,0.24
63000,104年4月,服務類-雜項,95.35,1.4
63000,104年5月,總指數(含食物),94.54,-0.38
63000,104年5月,商品類(含食物),92.92,-2.61
63000,104年5月,商品類(不含食物),98.68,-5.22
63000,104年5月,商品類-非耐久性消費品(含食物),89.93,-3
63000,104年5月,商品類-非耐久性消費品(不含食物),97.79,-9.18
63000,104年5月,商品類-半耐久性消費品,99.15,-0.77
63000,104年5月,商品類-耐久性消費品,99.63,-2.87
63000,104年5月,服務類,95.55,1.01
63000,104年5月,服務類(不含食物),96.47,0.73
63000,104年5月,服務類-外食費,91.25,2.36
63000,104年5月,服務類-衣著,87.69,0.26
63000,104年5月,服務類-居住,95.33,0.72
63000,104年5月,服務類-交通及通訊,98.73,1.56
63000,104年5月,服務類-醫藥保健,94.85,-0.07
63000,104年5月,服務類-教養娛樂,98.28,0.02
63000,104年5月,服務類-教養,99.38,-0.7
63000,104年5月,服務類-娛樂,97.58,0.68
63000,104年5月,服務類-雜項,95.6,2.07
63000,104年6月,總指數(含食物),95.28,-0.44
63000,104年6月,商品類(含食物),94.25,-2.2
63000,104年6月,商品類(不含食物),99.8,-5.03
63000,104年6月,商品類-非耐久性消費品(含食物),92.08,-2.66
63000,104年6月,商品類-非耐久性消費品(不含食物),100.86,-9.32
63000,104年6月,商品類-半耐久性消費品,97.43,-0.46
63000,104年6月,商品類-耐久性消費品,100.4,-1.97
63000,104年6月,服務類,95.91,0.65
63000,104年6月,服務類(不含食物),96.93,0.38
63000,104年6月,服務類-外食費,91.18,1.87
63000,104年6月,服務類-衣著,87.8,0.39
63000,104年6月,服務類-居住,95.62,0.98
63000,104年6月,服務類-交通及通訊,98.92,1.62
63000,104年6月,服務類-醫藥保健,94.85,-0.07
63000,104年6月,服務類-教養娛樂,99.04,-1.3
63000,104年6月,服務類-教養,99.38,-0.7
63000,104年6月,服務類-娛樂,99.02,-1.83
63000,104年6月,服務類-雜項,97,0.51
63000,104年7月,總指數(含食物),95.42,-0.37
63000,104年7月,商品類(含食物),93.74,-2.36
63000,104年7月,商品類(不含食物),98.95,-5.17
63000,104年7月,商品類-非耐久性消費品(含食物),91.89,-2.95
63000,104年7月,商品類-非耐久性消費品(不含食物),100.49,-9.61
63000,104年7月,商品類-半耐久性消費品,94.79,-0.56
63000,104年7月,商品類-耐久性消費品,100.56,-1.74
63000,104年7月,服務類,96.46,0.87
63000,104年7月,服務類(不含食物),97.56,0.68
63000,104年7月,服務類-外食費,91.39,1.7
63000,104年7月,服務類-衣著,87.8,0.39
63000,104年7月,服務類-居住,95.73,1.11
63000,104年7月,服務類-交通及通訊,99.65,1.32
63000,104年7月,服務類-醫藥保健,94.93,0.04
63000,104年7月,服務類-教養娛樂,101.16,-0.4
63000,104年7月,服務類-教養,99.38,-1.12
63000,104年7月,服務類-娛樂,103.08,0.24
63000,104年7月,服務類-雜項,96.19,1.03
63000,104年8月,總指數(含食物),95.79,-0.22
63000,104年8月,商品類(含食物),94.84,-1.91
63000,104年8月,商品類(不含食物),97.78,-5.56
63000,104年8月,商品類-非耐久性消費品(含食物),93.87,-2.53
63000,104年8月,商品類-非耐久性消費品(不含食物),98.86,-11.05
63000,104年8月,商品類-半耐久性消費品,93.02,0.23
63000,104年8月,商品類-耐久性消費品,100.7,-1.26
63000,104年8月,服務類,96.37,0.83
63000,104年8月,服務類(不含食物),97.45,0.69
63000,104年8月,服務類-外食費,91.39,1.44
63000,104年8月,服務類-衣著,87.8,0.39
63000,104年8月,服務類-居住,95.72,1.08
63000,104年8月,服務類-交通及通訊,99.65,1.36
63000,104年8月,服務類-醫藥保健,94.99,0.11
63000,104年8月,服務類-教養娛樂,100.73,-0.35
63000,104年8月,服務類-教養,99.34,-1.09
63000,104年8月,服務類-娛樂,102.3,0.32
63000,104年8月,服務類-雜項,96.19,1.03
63000,104年9月,總指數(含食物),96.25,0.32
63000,104年9月,商品類(含食物),96.46,-0.59
63000,104年9月,商品類(不含食物),97.16,-5.8
63000,104年9月,商品類-非耐久性消費品(含食物),96.3,-0.67
63000,104年9月,商品類-非耐久性消費品(不含食物),97.66,-11.7
63000,104年9月,商品類-半耐久性消費品,92.42,-0.44
63000,104年9月,商品類-耐久性消費品,100.98,-0.41
63000,104年9月,服務類,96.13,0.89
63000,104年9月,服務類(不含食物),97.07,0.68
63000,104年9月,服務類-外食費,91.73,1.83
63000,104年9月,服務類-衣著,87.8,0.39
63000,104年9月,服務類-居住,95.82,1.11
63000,104年9月,服務類-交通及通訊,98.83,0.61
63000,104年9月,服務類-醫藥保健,95.03,0.14
63000,104年9月,服務類-教養娛樂,98.86,0.05
63000,104年9月,服務類-教養,98.83,-0.69
63000,104年9月,服務類-娛樂,99.2,0.75
63000,104年9月,服務類-雜項,98.19,0.65
63000,104年10月,總指數(含食物),96.52,0.56
63000,104年10月,商品類(含食物),97.56,-0.01
63000,104年10月,商品類(不含食物),98.29,-4.82
63000,104年10月,商品類-非耐久性消費品(含食物),95.52,-0.32
63000,104年10月,商品類-非耐久性消費品(不含食物),93.71,-11.34
63000,104年10月,商品類-半耐久性消費品,102.33,-0.41
63000,104年10月,商品類-耐久性消費品,101.59,1.64
63000,104年10月,服務類,95.88,0.93
63000,104年10月,服務類(不含食物),96.74,0.77
63000,104年10月,服務類-外食費,91.87,1.63
63000,104年10月,服務類-衣著,87.8,0.39
63000,104年10月,服務類-居住,95.84,1.11
63000,104年10月,服務類-交通及通訊,99.59,1.44
63000,104年10月,服務類-醫藥保健,95.03,0.14
63000,104年10月,服務類-教養娛樂,98.08,0.18
63000,104年10月,服務類-教養,98.83,-0.69
63000,104年10月,服務類-娛樂,97.7,1.01
63000,104年10月,服務類-雜項,94.97,-0.15
63000,104年11月,總指數(含食物),95.65,0.54
63000,104年11月,商品類(含食物),95.47,-0.15
63000,104年11月,商品類(不含食物),97.29,-4.67
63000,104年11月,商品類-非耐久性消費品(含食物),93.15,-0.42
63000,104年11月,商品類-非耐久性消費品(不含食物),93.3,-10.77
63000,104年11月,商品類-半耐久性消費品,100.25,-0.34
63000,104年11月,商品類-耐久性消費品,100.7,1.15
63000,104年11月,服務類,95.77,0.96
63000,104年11月,服務類(不含食物),96.6,0.89
63000,104年11月,服務類-外食費,91.88,1.29
63000,104年11月,服務類-衣著,87.8,0.52
63000,104年11月,服務類-居住,95.89,1.13
63000,104年11月,服務類-交通及通訊,99.61,1.44
63000,104年11月,服務類-醫藥保健,95.09,0.2
63000,104年11月,服務類-教養娛樂,96.96,0.2
63000,104年11月,服務類-教養,98.83,-0.62
63000,104年11月,服務類-娛樂,95.57,0.99
63000,104年11月,服務類-雜項,96.35,1.09
63000,104年12月,總指數(含食物),95.06,0.28
63000,104年12月,商品類(含食物),93.77,-0.92
63000,104年12月,商品類(不含食物),96.21,-3.95
63000,104年12月,商品類-非耐久性消費品(含食物),91.55,-1.27
63000,104年12月,商品類-非耐久性消費品(不含食物),93.27,-8.48
63000,104年12月,商品類-半耐久性消費品,96.76,-1.4
63000,104年12月,商品類-耐久性消費品,100.31,0.94
63000,104年12月,服務類,95.84,1
63000,104年12月,服務類(不含食物),96.66,0.95
63000,104年12月,服務類-外食費,92.01,1.24
63000,104年12月,服務類-衣著,87.8,0.56
63000,104年12月,服務類-居住,95.92,1.13
63000,104年12月,服務類-交通及通訊,99.63,1.48
63000,104年12月,服務類-醫藥保健,95.09,0.2
63000,104年12月,服務類-教養娛樂,97.14,0.33
63000,104年12月,服務類-教養,98.83,-0.62
63000,104年12月,服務類-娛樂,95.91,1.25
63000,104年12月,服務類-雜項,96.35,1.42
63000,105年1月,總指數(含食物),94.67,0.89
63000,105年1月,商品類(含食物),92.79,0.97
63000,105年1月,商品類(不含食物),94.58,-1.03
63000,105年1月,商品類-非耐久性消費品(含食物),90.95,1.67
63000,105年1月,商品類-非耐久性消費品(不含食物),91.85,-1.78
63000,105年1月,商品類-半耐久性消費品,92.95,-2.1
63000,105年1月,商品類-耐久性消費品,100.44,1.09
63000,105年1月,服務類,95.82,0.86
63000,105年1月,服務類(不含食物),96.63,0.76
63000,105年1月,服務類-外食費,92.02,1.29
63000,105年1月,服務類-衣著,87.8,0.39
63000,105年1月,服務類-居住,95.95,1.07
63000,105年1月,服務類-交通及通訊,99.75,0.93
63000,105年1月,服務類-醫藥保健,95.08,0.2
63000,105年1月,服務類-教養娛樂,97.69,0.59
63000,105年1月,服務類-教養,98.83,-0.6
63000,105年1月,服務類-娛樂,96.95,1.72
63000,105年1月,服務類-雜項,93.84,-0.52
63000,105年2月,總指數(含食物),96.41,1.84
63000,105年2月,商品類(含食物),94.37,4.25
63000,105年2月,商品類(不含食物),93.91,-0.6
63000,105年2月,商品類-非耐久性消費品(含食物),93.64,6.11
63000,105年2月,商品類-非耐久性消費品(不含食物),91.4,-2.04
63000,105年2月,商品類-半耐久性消費品,90.92,-1.1
63000,105年2月,商品類-耐久性消費品,100.76,1.96
63000,105年2月,服務類,97.66,0.47
63000,105年2月,服務類(不含食物),98.89,0.35
63000,105年2月,服務類-外食費,92.03,1.14
63000,105年2月,服務類-衣著,87.8,0.39
63000,105年2月,服務類-居住,96.35,0.73
63000,105年2月,服務類-交通及通訊,100.17,0.7
63000,105年2月,服務類-醫藥保健,95.37,0.25
63000,105年2月,服務類-教養娛樂,100.02,-0.56
63000,105年2月,服務類-教養,98.74,-0.68
63000,105年2月,服務類-娛樂,101.48,-0.45
63000,105年2月,服務類-雜項,112,0.4
63000,105年3月,總指數(含食物),95.62,1.9
63000,105年3月,商品類(含食物),95.02,3.58
63000,105年3月,商品類(不含食物),94.46,-2.4
63000,105年3月,商品類-非耐久性消費品(含食物),94.68,5.43
63000,105年3月,商品類-非耐久性消費品(不含食物),92.87,-5.12
63000,105年3月,商品類-半耐久性消費品,91.6,-0.46
63000,105年3月,商品類-耐久性消費品,99.72,0.07
63000,105年3月,服務類,96,0.9
63000,105年3月,服務類(不含食物),96.81,0.78
63000,105年3月,服務類-外食費,92.22,1.49
63000,105年3月,服務類-衣著,87.8,0.39
63000,105年3月,服務類-居住,95.93,0.87
63000,105年3月,服務類-交通及通訊,99.54,0.86
63000,105年3月,服務類-醫藥保健,95.08,0.19
63000,105年3月,服務類-教養娛樂,97.64,0.43
63000,105年3月,服務類-教養,98.83,-0.61
63000,105年3月,服務類-娛樂,96.86,1.42
63000,105年3月,服務類-雜項,96.73,1.56
63000,105年4月,總指數(含食物),96.16,1.89
63000,105年4月,商品類(含食物),96.31,3.87
63000,105年4月,商品類(不含食物),96.86,-1.81
63000,105年4月,商品類-非耐久性消費品(含食物),94.22,5.59
63000,105年4月,商品類-非耐久性消費品(不含食物),91.91,-4.86
63000,105年4月,商品類-半耐久性消費品,101.72,0.35
63000,105年4月,商品類-耐久性消費品,99.94,0.73
63000,105年4月,服務類,96.08,0.71
63000,105年4月,服務類(不含食物),96.9,0.64
63000,105年4月,服務類-外食費,92.25,1.07
63000,105年4月,服務類-衣著,87.8,0.39
63000,105年4月,服務類-居住,95.91,0.61
63000,105年4月,服務類-交通及通訊,99.69,1.13
63000,105年4月,服務類-醫藥保健,95.49,0.67
63000,105年4月,服務類-教養娛樂,97.9,0.19
63000,105年4月,服務類-教養,98.83,-0.61
63000,105年4月,服務類-娛樂,97.35,0.94
63000,105年4月,服務類-雜項,96.71,1.43
63000,105年5月,總指數(含食物),95.74,1.26
63000,105年5月,商品類(含食物),95.19,2.44
63000,105年5月,商品類(不含食物),96.76,-1.95
63000,105年5月,商品類-非耐久性消費品(含食物),93.15,3.58
63000,105年5月,商品類-非耐久性消費品(不含食物),93.21,-4.68
63000,105年5月,商品類-半耐久性消費品,99.35,0.2
63000,105年5月,商品類-耐久性消費品,99.81,0.18
63000,105年5月,服務類,96.07,0.54
63000,105年5月,服務類(不含食物),96.89,0.44
63000,105年5月,服務類-外食費,92.22,1.06
63000,105年5月,服務類-衣著,87.8,0.13
63000,105年5月,服務類-居住,96.05,0.76
63000,105年5月,服務類-交通及通訊,99.64,0.92
63000,105年5月,服務類-醫藥保健,95.49,0.67
63000,105年5月,服務類-教養娛樂,97.98,-0.31
63000,105年5月,服務類-教養,98.82,-0.56
63000,105年5月,服務類-娛樂,97.51,-0.07
63000,105年5月,服務類-雜項,95.52,-0.08
63000,105年6月,總指數(含食物),96.04,0.8
63000,105年6月,商品類(含食物),95.39,1.21
63000,105年6月,商品類(不含食物),97.55,-2.25
63000,105年6月,商品類-非耐久性消費品(含食物),94.09,2.18
63000,105年6月,商品類-非耐久性消費品(不含食物),96.74,-4.08
63000,105年6月,商品類-半耐久性消費品,96.91,-0.53
63000,105年6月,商品類-耐久性消費品,99.44,-0.96
63000,105年6月,服務類,96.43,0.54
63000,105年6月,服務類(不含食物),97.32,0.4
63000,105年6月,服務類-外食費,92.29,1.22
63000,105年6月,服務類-衣著,88.88,1.23
63000,105年6月,服務類-居住,96.15,0.55
63000,105年6月,服務類-交通及通訊,99.84,0.93
63000,105年6月,服務類-醫藥保健,95.65,0.84
63000,105年6月,服務類-教養娛樂,98.27,-0.78
63000,105年6月,服務類-教養,98.82,-0.56
63000,105年6月,服務類-娛樂,98.07,-0.96
63000,105年6月,服務類-雜項,99.05,2.11
63000,105年7月,總指數(含食物),96.2,0.82
63000,105年7月,商品類(含食物),94.93,1.27
63000,105年7月,商品類(不含食物),96.38,-2.6
63000,105年7月,商品類-非耐久性消費品(含食物),94.05,2.35
63000,105年7月,商品類-非耐久性消費品(不含食物),95.84,-4.63
63000,105年7月,商品類-半耐久性消費品,94.13,-0.7
63000,105年7月,商品類-耐久性消費品,99.41,-1.14
63000,105年7月,服務類,96.98,0.54
63000,105年7月,服務類(不含食物),97.97,0.42
63000,105年7月,服務類-外食費,92.39,1.09
63000,105年7月,服務類-衣著,88.88,1.23
63000,105年7月,服務類-居住,96.22,0.51
63000,105年7月,服務類-交通及通訊,100.44,0.79
63000,105年7月,服務類-醫藥保健,95.9,1.02
63000,105年7月,服務類-教養娛樂,101.04,-0.12
63000,105年7月,服務類-教養,98.86,-0.52
63000,105年7月,服務類-娛樂,103.31,0.22
63000,105年7月,服務類-雜項,96.82,0.65
63000,105年8月,總指數(含食物),96.32,0.55
63000,105年8月,商品類(含食物),95.24,0.42
63000,105年8月,商品類(不含食物),95.9,-1.92
63000,105年8月,商品類-非耐久性消費品(含食物),94.62,0.8
63000,105年8月,商品類-非耐久性消費品(不含食物),95.05,-3.85
63000,105年8月,商品類-半耐久性消費品,93.38,0.39
63000,105年8月,商品類-耐久性消費品,99.67,-1.02
63000,105年8月,服務類,96.98,0.63
63000,105年8月,服務類(不含食物),97.97,0.53
63000,105年8月,服務類-外食費,92.35,1.05
63000,105年8月,服務類-衣著,88.88,1.23
63000,105年8月,服務類-居住,96.35,0.66
63000,105年8月,服務類-交通及通訊,100.22,0.57
63000,105年8月,服務類-醫藥保健,95.9,0.96
63000,105年8月,服務類-教養娛樂,100.9,0.17
63000,105年8月,服務類-教養,99,-0.34
63000,105年8月,服務類-娛樂,102.92,0.61
63000,105年8月,服務類-雜項,96.86,0.7
63000,105年9月,總指數(含食物),96.58,0.34
63000,105年9月,商品類(含食物),96.24,-0.23
63000,105年9月,商品類(不含食物),96.33,-0.85
63000,105年9月,商品類-非耐久性消費品(含食物),96.16,-0.15
63000,105年9月,商品類-非耐久性消費品(不含食物),96.26,-1.43
63000,105年9月,商品類-半耐久性消費品,92.79,0.4
63000,105年9月,商品類-耐久性消費品,99.85,-1.12
63000,105年9月,服務類,96.78,0.68
63000,105年9月,服務類(不含食物),97.66,0.61
63000,105年9月,服務類-外食費,92.68,1.04
63000,105年9月,服務類-衣著,88.88,1.23
63000,105年9月,服務類-居住,96.53,0.74
63000,105年9月,服務類-交通及通訊,99.59,0.77
63000,105年9月,服務類-醫藥保健,95.9,0.92
63000,105年9月,服務類-教養娛樂,98.44,-0.42
63000,105年9月,服務類-教養,99.04,0.21
63000,105年9月,服務類-娛樂,98.2,-1.01
63000,105年9月,服務類-雜項,100.82,2.68
63000,105年10月,總指數(含食物),97.96,1.5
63000,105年10月,商品類(含食物),100.01,2.51
63000,105年10月,商品類(不含食物),98.03,-0.26
63000,105年10月,商品類-非耐久性消費品(含食物),99.29,3.95
63000,105年10月,商品類-非耐久性消費品(不含食物),93.62,-0.1
63000,105年10月,商品類-半耐久性消費品,103.41,1.06
63000,105年10月,商品類-耐久性消費品,99.76,-1.8
63000,105年10月,服務類,96.71,0.87
63000,105年10月,服務類(不含食物),97.51,0.8
63000,105年10月,服務類-外食費,92.94,1.16
63000,105年10月,服務類-衣著,88.88,1.23
63000,105年10月,服務類-居住,96.54,0.73
63000,105年10月,服務類-交通及通訊,99.59,0
63000,105年10月,服務類-醫藥保健,95.9,0.92
63000,105年10月,服務類-教養娛樂,99.37,1.32
63000,105年10月,服務類-教養,99.04,0.21
63000,105年10月,服務類-娛樂,99.97,2.32
63000,105年10月,服務類-雜項,95.81,0.88
63000,105年11月,總指數(含食物),97.45,1.88
63000,105年11月,商品類(含食物),99.24,3.95
63000,105年11月,商品類(不含食物),97.08,-0.22
63000,105年11月,商品類-非耐久性消費品(含食物),98.82,6.09
63000,105年11月,商品類-非耐久性消費品(不含食物),93.28,-0.02
63000,105年11月,商品類-半耐久性消費品,100.47,0.22
63000,105年11月,商品類-耐久性消費品,99.79,-0.9
63000,105年11月,服務類,96.36,0.62
63000,105年11月,服務類(不含食物),97.03,0.45
63000,105年11月,服務類-外食費,93.16,1.39
63000,105年11月,服務類-衣著,88.88,1.23
63000,105年11月,服務類-居住,96.7,0.84
63000,105年11月,服務類-交通及通訊,99.47,-0.14
63000,105年11月,服務類-醫藥保健,95.9,0.85
63000,105年11月,服務類-教養娛樂,96.7,-0.27
63000,105年11月,服務類-教養,99.04,0.21
63000,105年11月,服務類-娛樂,94.86,-0.74
63000,105年11月,服務類-雜項,97.53,1.22
63000,105年12月,總指數(含食物),96.53,1.54
63000,105年12月,商品類(含食物),96.53,2.94
63000,105年12月,商品類(不含食物),96.95,0.77
63000,105年12月,商品類-非耐久性消費品(含食物),95.45,4.26
63000,105年12月,商品類-非耐久性消費品(不含食物),94.6,1.43
63000,105年12月,商品類-半耐久性消費品,98.47,1.77
63000,105年12月,商品類-耐久性消費品,99.17,-1.14
63000,105年12月,服務類,96.53,0.72
63000,105年12月,服務類(不含食物),97.22,0.58
63000,105年12月,服務類-外食費,93.27,1.37
63000,105年12月,服務類-衣著,88.88,1.23
63000,105年12月,服務類-居住,96.92,1.04
63000,105年12月,服務類-交通及通訊,99.3,-0.33
63000,105年12月,服務類-醫藥保健,95.9,0.85
63000,105年12月,服務類-教養娛樂,97.22,0.08
63000,105年12月,服務類-教養,99.04,0.21
63000,105年12月,服務類-娛樂,95.85,-0.06
63000,105年12月,服務類-雜項,97.22,0.9
63000,106年1月,總指數(含食物),97.11,2.57
63000,106年1月,商品類(含食物),95.3,2.71
63000,106年1月,商品類(不含食物),96.28,1.8
63000,106年1月,商品類-非耐久性消費品(含食物),94.49,3.89
63000,106年1月,商品類-非耐久性消費品(不含食物),95.35,3.81
63000,106年1月,商品類-半耐久性消費品,94.27,1.42
63000,106年1月,商品類-耐久性消費品,99.68,-0.76
63000,106年1月,服務類,98.21,2.49
63000,106年1月,服務類(不含食物),99.25,2.71
63000,106年1月,服務類-外食費,93.4,1.5
63000,106年1月,服務類-衣著,91.36,4.05
63000,106年1月,服務類-居住,97.32,1.43
63000,106年1月,服務類-交通及通訊,100.18,0.43
63000,106年1月,服務類-醫藥保健,96.21,1.19
63000,106年1月,服務類-教養娛樂,99.03,1.37
63000,106年1月,服務類-教養,99.04,0.21
63000,106年1月,服務類-娛樂,99.32,2.44
63000,106年1月,服務類-雜項,113.06,20.48
63000,106年2月,總指數(含食物),96.1,-0.32
63000,106年2月,商品類(含食物),95.11,0.78
63000,106年2月,商品類(不含食物),95.97,2.19
63000,106年2月,商品類-非耐久性消費品(含食物),94.45,0.87
63000,106年2月,商品類-非耐久性消費品(不含食物),95.32,4.29
63000,106年2月,商品類-半耐久性消費品,93.06,2.35
63000,106年2月,商品類-耐久性消費品,99.81,-0.94
63000,106年2月,服務類,96.71,-0.97
63000,106年2月,服務類(不含食物),97.3,-1.61
63000,106年2月,服務類-外食費,93.88,2.01
63000,106年2月,服務類-衣著,91.36,4.05
63000,106年2月,服務類-居住,96.87,0.54
63000,106年2月,服務類-交通及通訊,99.44,-0.73
63000,106年2月,服務類-醫藥保健,95.9,0.56
63000,106年2月,服務類-教養娛樂,97.52,-2.5
63000,106年2月,服務類-教養,99.04,0.3
63000,106年2月,服務類-娛樂,96.43,-4.98
63000,106年2月,服務類-雜項,97.21,-13.21
63000,106年3月,總指數(含食物),95.76,0.14
63000,106年3月,商品類(含食物),94.25,-0.81
63000,106年3月,商品類(不含食物),95.63,1.24
63000,106年3月,商品類-非耐久性消費品(含食物),93.43,-1.32
63000,106年3月,商品類-非耐久性消費品(不含食物),95.18,2.49
63000,106年3月,商品類-半耐久性消費品,92.48,0.96
63000,106年3月,商品類-耐久性消費品,99.38,-0.34
63000,106年3月,服務類,96.68,0.71
63000,106年3月,服務類(不含食物),97.21,0.41
63000,106年3月,服務類-外食費,94.07,2.01
63000,106年3月,服務類-衣著,91.36,4.05
63000,106年3月,服務類-居住,96.88,0.99
63000,106年3月,服務類-交通及通訊,99.42,-0.12
63000,106年3月,服務類-醫藥保健,95.98,0.95
63000,106年3月,服務類-教養娛樂,97.17,-0.48
63000,106年3月,服務類-教養,99.04,0.21
63000,106年3月,服務類-娛樂,95.77,-1.13
63000,106年3月,服務類-雜項,97.2,0.49
63000,106年4月,總指數(含食物),96.11,-0.05
63000,106年4月,商品類(含食物),94.95,-1.41
63000,106年4月,商品類(不含食物),97.73,0.9
63000,106年4月,商品類-非耐久性消費品(含食物),92.52,-1.8
63000,106年4月,商品類-非耐久性消費品(不含食物),94.67,3
63000,106年4月,商品類-半耐久性消費品,101.27,-0.44
63000,106年4月,商品類-耐久性消費品,99.1,-0.84
63000,106年4月,服務類,96.82,0.77
63000,106年4月,服務類(不含食物),97.38,0.5
63000,106年4月,服務類-外食費,94.13,2.04
63000,106年4月,服務類-衣著,93.91,6.96
63000,106年4月,服務類-居住,96.98,1.12
63000,106年4月,服務類-交通及通訊,99.73,0.04
63000,106年4月,服務類-醫藥保健,96.39,0.94
63000,106年4月,服務類-教養娛樂,97.43,-0.48
63000,106年4月,服務類-教養,99.04,0.21
63000,106年4月,服務類-娛樂,96.26,-1.12
63000,106年4月,服務類-雜項,96.97,0.27
63000,106年5月,總指數(含食物),96.29,0.57
63000,106年5月,商品類(含食物),94.92,-0.28
63000,106年5月,商品類(不含食物),97.17,0.42
63000,106年5月,商品類-非耐久性消費品(含食物),92.92,-0.25
63000,106年5月,商品類-非耐久性消費品(不含食物),94.6,1.49
63000,106年5月,商品類-半耐久性消費品,99.76,0.41
63000,106年5月,商品類-耐久性消費品,98.69,-1.12
63000,106年5月,服務類,97.12,1.09
63000,106年5月,服務類(不含食物),97.71,0.85
63000,106年5月,服務類-外食費,94.28,2.23
63000,106年5月,服務類-衣著,94.15,7.23
63000,106年5月,服務類-居住,97.01,1
63000,106年5月,服務類-交通及通訊,99.92,0.28
63000,106年5月,服務類-醫藥保健,96.77,1.34
63000,106年5月,服務類-教養娛樂,97.93,-0.05
63000,106年5月,服務類-教養,99.04,0.22
63000,106年5月,服務類-娛樂,97.23,-0.29
63000,106年5月,服務類-雜項,98.81,3.44
63000,106年6月,總指數(含食物),96.99,0.99
63000,106年6月,商品類(含食物),96.75,1.43
63000,106年6月,商品類(不含食物),98.24,0.71
63000,106年6月,商品類-非耐久性消費品(含食物),95.77,1.79
63000,106年6月,商品類-非耐久性消費品(不含食物),97.5,0.79
63000,106年6月,商品類-半耐久性消費品,98.49,1.63
63000,106年6月,商品類-耐久性消費品,99.15,-0.29
63000,106年6月,服務類,97.13,0.73
63000,106年6月,服務類(不含食物),97.71,0.4
63000,106年6月,服務類-外食費,94.35,2.23
63000,106年6月,服務類-衣著,95.71,7.68
63000,106年6月,服務類-居住,97.01,0.89
63000,106年6月,服務類-交通及通訊,100.02,0.18
63000,106年6月,服務類-醫藥保健,96.77,1.17
63000,106年6月,服務類-教養娛樂,98.47,0.2
63000,106年6月,服務類-教養,99.04,0.22
63000,106年6月,服務類-娛樂,98.25,0.18
63000,106年6月,服務類-雜項,96.87,-2.2
63000,106年7月,總指數(含食物),97.19,1.03
63000,106年7月,商品類(含食物),96.29,1.43
63000,106年7月,商品類(不含食物),97.23,0.88
63000,106年7月,商品類-非耐久性消費品(含食物),95.88,1.95
63000,106年7月,商品類-非耐久性消費品(不含食物),97.35,1.58
63000,106年7月,商品類-半耐久性消費品,95.52,1.48
63000,106年7月,商品類-耐久性消費品,98.71,-0.7
63000,106年7月,服務類,97.75,0.79
63000,106年7月,服務類(不含食物),98.46,0.5
63000,106年7月,服務類-外食費,94.4,2.18
63000,106年7月,服務類-衣著,95.71,7.68
63000,106年7月,服務類-居住,97,0.81
63000,106年7月,服務類-交通及通訊,100.79,0.35
63000,106年7月,服務類-醫藥保健,96.77,0.91
63000,106年7月,服務類-教養娛樂,100.83,-0.21
63000,106年7月,服務類-教養,99.03,0.17
63000,106年7月,服務類-娛樂,102.75,-0.54
63000,106年7月,服務類-雜項,97.61,0.82
63000,106年8月,總指數(含食物),97.32,1.04
63000,106年8月,商品類(含食物),96.74,1.57
63000,106年8月,商品類(不含食物),97.19,1.35
63000,106年8月,商品類-非耐久性消費品(含食物),96.96,2.47
63000,106年8月,商品類-非耐久性消費品(不含食物),98.4,3.52
63000,106年8月,商品類-半耐久性消費品,93.23,-0.16
63000,106年8月,商品類-耐久性消費品,99.11,-0.56
63000,106年8月,服務類,97.67,0.71
63000,106年8月,服務類(不含食物),98.33,0.37
63000,106年8月,服務類-外食費,94.51,2.34
63000,106年8月,服務類-衣著,95.71,7.68
63000,106年8月,服務類-居住,97.12,0.8
63000,106年8月,服務類-交通及通訊,100.69,0.47
63000,106年8月,服務類-醫藥保健,96.83,0.97
63000,106年8月,服務類-教養娛樂,100.13,-0.76
63000,106年8月,服務類-教養,98.96,-0.04
63000,106年8月,服務類-娛樂,101.49,-1.39
63000,106年8月,服務類-雜項,97.62,0.78
63000,106年9月,總指數(含食物),97.11,0.55
63000,106年9月,商品類(含食物),96.97,0.76
63000,106年9月,商品類(不含食物),97.49,1.2
63000,106年9月,商品類-非耐久性消費品(含食物),97.32,1.21
63000,106年9月,商品類-非耐久性消費品(不含食物),99.15,3
63000,106年9月,商品類-半耐久性消費品,93,0.23
63000,106年9月,商品類-耐久性消費品,99.24,-0.61
63000,106年9月,服務類,97.19,0.42
63000,106年9月,服務類(不含食物),97.69,0.03
63000,106年9月,服務類-外食費,94.75,2.23
63000,106年9月,服務類-衣著,95.71,7.68
63000,106年9月,服務類-居住,97.13,0.62
63000,106年9月,服務類-交通及通訊,99.7,0.11
63000,106年9月,服務類-醫藥保健,96.83,0.97
63000,106年9月,服務類-教養娛樂,98.2,-0.24
63000,106年9月,服務類-教養,99.05,0.01
63000,106年9月,服務類-娛樂,97.72,-0.49
63000,106年9月,服務類-雜項,97.32,-3.47
63000,106年10月,總指數(含食物),97.79,-0.18
63000,106年10月,商品類(含食物),98.17,-1.84
63000,106年10月,商品類(不含食物),98.88,0.87
63000,106年10月,商品類-非耐久性消費品(含食物),96.89,-2.42
63000,106年10月,商品類-非耐久性消費品(不含食物),96.35,2.92
63000,106年10月,商品類-半耐久性消費品,102.16,-1.21
63000,106年10月,商品類-耐久性消費品,99.68,-0.08
63000,106年10月,服務類,97.55,0.87
63000,106年10月,服務類(不含食物),98.1,0.61
63000,106年10月,服務類-外食費,94.93,2.14
63000,106年10月,服務類-衣著,95.71,7.68
63000,106年10月,服務類-居住,97.14,0.62
63000,106年10月,服務類-交通及通訊,100.09,0.5
63000,106年10月,服務類-醫藥保健,97.06,1.21
63000,106年10月,服務類-教養娛樂,98.58,-0.8
63000,106年10月,服務類-教養,99.05,0.01
63000,106年10月,服務類-娛樂,98.44,-1.53
63000,106年10月,服務類-雜項,100.38,4.77
63000,106年11月,總指數(含食物),97.56,0.11
63000,106年11月,商品類(含食物),98.38,-0.87
63000,106年11月,商品類(不含食物),99.05,2.03
63000,106年11月,商品類-非耐久性消費品(含食物),97.78,-1.05
63000,106年11月,商品類-非耐久性消費品(不含食物),98.29,5.37
63000,106年11月,商品類-半耐久性消費品,99.98,-0.49
63000,106年11月,商品類-耐久性消費品,99.34,-0.45
63000,106年11月,服務類,97.06,0.73
63000,106年11月,服務類(不含食物),97.47,0.45
63000,106年11月,服務類-外食費,95.02,2
63000,106年11月,服務類-衣著,95.71,7.68
63000,106年11月,服務類-居住,97.16,0.48
63000,106年11月,服務類-交通及通訊,99.86,0.39
63000,106年11月,服務類-醫藥保健,97.06,1.21
63000,106年11月,服務類-教養娛樂,96.98,0.29
63000,106年11月,服務類-教養,99.05,0.01
63000,106年11月,服務類-娛樂,95.39,0.56
63000,106年11月,服務類-雜項,97.81,0.29
63000,106年12月,總指數(含食物),97.42,0.93
63000,106年12月,商品類(含食物),97.58,1.09
63000,106年12月,商品類(不含食物),98.79,1.9
63000,106年12月,商品類-非耐久性消費品(含食物),97.03,1.66
63000,106年12月,商品類-非耐久性消費品(不含食物),98.85,4.49
63000,106年12月,商品類-半耐久性消費品,98.43,-0.04
63000,106年12月,商品類-耐久性消費品,99.03,-0.14
63000,106年12月,服務類,97.33,0.83
63000,106年12月,服務類(不含食物),97.7,0.49
63000,106年12月,服務類-外食費,95.48,2.37
63000,106年12月,服務類-衣著,95.71,7.68
63000,106年12月,服務類-居住,97.18,0.27
63000,106年12月,服務類-交通及通訊,99.94,0.64
63000,106年12月,服務類-醫藥保健,97.06,1.21
63000,106年12月,服務類-教養娛樂,97.75,0.55
63000,106年12月,服務類-教養,99.05,0.01
63000,106年12月,服務類-娛樂,96.85,1.04
63000,106年12月,服務類-雜項,97.94,0.74
63000,107年1月,總指數(含食物),97.08,-0.03
63000,107年1月,商品類(含食物),96.68,1.45
63000,107年1月,商品類(不含食物),98.61,2.42
63000,107年1月,商品類-非耐久性消費品(含食物),96.05,1.65
63000,107年1月,商品類-非耐久性消費品(不含食物),99.35,4.2
63000,107年1月,商品類-半耐久性消費品,96.4,2.26
63000,107年1月,商品類-耐久性消費品,99.56,-0.12
63000,107年1月,服務類,97.32,-0.91
63000,107年1月,服務類(不含食物),97.65,-1.61
63000,107年1月,服務類-外食費,95.67,2.43
63000,107年1月,服務類-衣著,96.79,5.94
63000,107年1月,服務類-居住,97.25,-0.07
63000,107年1月,服務類-交通及通訊,100.21,0.03
63000,107年1月,服務類-醫藥保健,97.05,0.87
63000,107年1月,服務類-教養娛樂,97.46,-1.59
63000,107年1月,服務類-教養,99.05,0.01
63000,107年1月,服務類-娛樂,96.37,-2.97
63000,107年1月,服務類-雜項,97.36,-13.89
63000,107年2月,總指數(含食物),97.78,1.74
63000,107年2月,商品類(含食物),96.85,1.83
63000,107年2月,商品類(不含食物),98.25,2.38
63000,107年2月,商品類-非耐久性消費品(含食物),96.57,2.24
63000,107年2月,商品類-非耐久性消費品(不含食物),99.24,4.11
63000,107年2月,商品類-半耐久性消費品,94.51,1.56
63000,107年2月,商品類-耐久性消費品,100.28,0.47
63000,107年2月,服務類,98.34,1.69
63000,107年2月,服務類(不含食物),98.82,1.56
63000,107年2月,服務類-外食費,95.92,2.17
63000,107年2月,服務類-衣著,97.31,6.51
63000,107年2月,服務類-居住,97.3,0.44
63000,107年2月,服務類-交通及通訊,101.04,1.61
63000,107年2月,服務類-醫藥保健,98.16,2.36
63000,107年2月,服務類-教養娛樂,101.47,4.05
63000,107年2月,服務類-教養,99.05,0.01
63000,107年2月,服務類-娛樂,103.12,6.94
63000,107年2月,服務類-雜項,99.39,2.24
63000,107年3月,總指數(含食物),97.07,1.37
63000,107年3月,商品類(含食物),96.08,1.94
63000,107年3月,商品類(不含食物),98.07,2.55
63000,107年3月,商品類-非耐久性消費品(含食物),95.49,2.2
63000,107年3月,商品類-非耐久性消費品(不含食物),98.98,3.99
63000,107年3月,商品類-半耐久性消費品,94.31,1.98
63000,107年3月,商品類-耐久性消費品,100.25,0.88
63000,107年3月,服務類,97.66,1.01
63000,107年3月,服務類(不含食物),97.95,0.76
63000,107年3月,服務類-外食費,96.17,2.23
63000,107年3月,服務類-衣著,99.37,8.77
63000,107年3月,服務類-居住,97.4,0.54
63000,107年3月,服務類-交通及通訊,100.31,0.9
63000,107年3月,服務類-醫藥保健,97.96,2.06
63000,107年3月,服務類-教養娛樂,97.7,0.55
63000,107年3月,服務類-教養,99.05,0.01
63000,107年3月,服務類-娛樂,96.78,1.05
63000,107年3月,服務類-雜項,98.37,1.2
63000,107年4月,總指數(含食物),97.65,1.59
63000,107年4月,商品類(含食物),97.4,2.58
63000,107年4月,商品類(不含食物),100.36,2.69
63000,107年4月,商品類-非耐久性消費品(含食物),95.92,3.67
63000,107年4月,商品類-非耐久性消費品(不含食物),100.16,5.8
63000,107年4月,商品類-半耐久性消費品,100.95,-0.32
63000,107年4月,商品類-耐久性消費品,100.13,1.04
63000,107年4月,服務類,97.79,1
63000,107年4月,服務類(不含食物),98.09,0.73
63000,107年4月,服務類-外食費,96.27,2.27
63000,107年4月,服務類-衣著,99.37,5.81
63000,107年4月,服務類-居住,97.48,0.52
63000,107年4月,服務類-交通及通訊,100.26,0.53
63000,107年4月,服務類-醫藥保健,97.96,1.63
63000,107年4月,服務類-教養娛樂,98.27,0.86
63000,107年4月,服務類-教養,99.05,0.01
63000,107年4月,服務類-娛樂,97.74,1.54
63000,107年4月,服務類-雜項,98.37,1.44
63000,107年5月,總指數(含食物),97.48,1.24
63000,107年5月,商品類(含食物),97.28,2.49
63000,107年5月,商品類(不含食物),100.6,3.53
63000,107年5月,商品類-非耐久性消費品(含食物),95.95,3.26
63000,107年5月,商品類-非耐久性消費品(不含食物),101.24,7.02
63000,107年5月,商品類-半耐久性消費品,99.95,0.19
63000,107年5月,商品類-耐久性消費品,100.17,1.5
63000,107年5月,服務類,97.61,0.5
63000,107年5月,服務類(不含食物),97.84,0.13
63000,107年5月,服務類-外食費,96.42,2.27
63000,107年5月,服務類-衣著,99.37,5.54
63000,107年5月,服務類-居住,97.51,0.52
63000,107年5月,服務類-交通及通訊,98.47,-1.45
63000,107年5月,服務類-醫藥保健,97.67,0.93
63000,107年5月,服務類-教養娛樂,98.57,0.65
63000,107年5月,服務類-教養,99.05,0.01
63000,107年5月,服務類-娛樂,98.24,1.04
63000,107年5月,服務類-雜項,97.57,-1.25
63000,107年6月,總指數(含食物),97.87,0.9
63000,107年6月,商品類(含食物),97.69,0.97
63000,107年6月,商品類(不含食物),101.44,3.26
63000,107年6月,商品類-非耐久性消費品(含食物),97.05,1.34
63000,107年6月,商品類-非耐久性消費品(不含食物),104.36,7.04
63000,107年6月,商品類-半耐久性消費品,98.38,-0.11
63000,107年6月,商品類-耐久性消費品,99.64,0.49
63000,107年6月,服務類,97.98,0.88
63000,107年6月,服務類(不含食物),98.25,0.55
63000,107年6月,服務類-外食費,96.57,2.35
63000,107年6月,服務類-衣著,99.37,3.82
63000,107年6月,服務類-居住,97.6,0.61
63000,107年6月,服務類-交通及通訊,99.03,-0.99
63000,107年6月,服務類-醫藥保健,97.67,0.93
63000,107年6月,服務類-教養娛樂,99.86,1.41
63000,107年6月,服務類-教養,99.06,0.02
63000,107年6月,服務類-娛樂,100.41,2.2
63000,107年6月,服務類-雜項,98.08,1.25
63000,107年7月,總指數(含食物),98.37,1.21
63000,107年7月,商品類(含食物),97.85,1.62
63000,107年7月,商品類(不含食物),100.84,3.71
63000,107年7月,商品類-非耐久性消費品(含食物),97.86,2.07
63000,107年7月,商品類-非耐久性消費品(不含食物),104.44,7.28
63000,107年7月,商品類-半耐久性消費品,95.75,0.24
63000,107年7月,商品類-耐久性消費品,99.89,1.2
63000,107年7月,服務類,98.68,0.95
63000,107年7月,服務類(不含食物),99.06,0.61
63000,107年7月,服務類-外食費,96.71,2.45
63000,107年7月,服務類-衣著,99.37,3.82
63000,107年7月,服務類-居住,97.7,0.72
63000,107年7月,服務類-交通及通訊,100.16,-0.63
63000,107年7月,服務類-醫藥保健,97.66,0.92
63000,107年7月,服務類-教養娛樂,103.2,2.35
63000,107年7月,服務類-教養,99.09,0.06
63000,107年7月,服務類-娛樂,106.01,3.17
63000,107年7月,服務類-雜項,97.96,0.36
63000,107年8月,總指數(含食物),98.36,1.07
63000,107年8月,商品類(含食物),97.91,1.21
63000,107年8月,商品類(不含食物),100.18,3.08
63000,107年8月,商品類-非耐久性消費品(含食物),98.47,1.56
63000,107年8月,商品類-非耐久性消費品(不含食物),104.34,6.04
63000,107年8月,商品類-半耐久性消費品,93.85,0.67
63000,107年8月,商品類-耐久性消費品,99.54,0.43
63000,107年8月,服務類,98.62,0.97
63000,107年8月,服務類(不含食物),98.98,0.66
63000,107年8月,服務類-外食費,96.8,2.42
63000,107年8月,服務類-衣著,99.37,3.82
63000,107年8月,服務類-居住,97.71,0.61
63000,107年8月,服務類-交通及通訊,99.95,-0.73
63000,107年8月,服務類-醫藥保健,97.66,0.86
63000,107年8月,服務類-教養娛樂,102.61,2.48
63000,107年8月,服務類-教養,99.05,0.09
63000,107年8月,服務類-娛樂,105.03,3.49
63000,107年8月,服務類-雜項,98.45,0.85
63000,107年9月,總指數(含食物),98.48,1.42
63000,107年9月,商品類(含食物),99.31,2.41
63000,107年9月,商品類(不含食物),100.39,2.97
63000,107年9月,商品類-非耐久性消費品(含食物),100.45,3.22
63000,107年9月,商品類-非耐久性消費品(不含食物),104.57,5.47
63000,107年9月,商品類-半耐久性消費品,94.03,1.11
63000,107年9月,商品類-耐久性消費品,99.74,0.5
63000,107年9月,服務類,97.99,0.82
63000,107年9月,服務類(不含食物),98.21,0.53
63000,107年9月,服務類-外食費,96.87,2.24
63000,107年9月,服務類-衣著,99.37,3.82
63000,107年9月,服務類-居住,97.72,0.61
63000,107年9月,服務類-交通及通訊,98.79,-0.91
63000,107年9月,服務類-醫藥保健,97.66,0.86
63000,107年9月,服務類-教養娛樂,99.03,0.85
63000,107年9月,服務類-教養,99.14,0.09
63000,107年9月,服務類-娛樂,98.95,1.26
63000,107年9月,服務類-雜項,98.74,1.46
63000,107年10月,總指數(含食物),98.66,0.89
63000,107年10月,商品類(含食物),99.86,1.72
63000,107年10月,商品類(不含食物),101.39,2.54
63000,107年10月,商品類-非耐久性消費品(含食物),99.41,2.6
63000,107年10月,商品類-非耐久性消費品(不含食物),102.09,5.96
63000,107年10月,商品類-半耐久性消費品,101.57,-0.58
63000,107年10月,商品類-耐久性消費品,100.06,0.38
63000,107年10月,服務類,97.93,0.39
63000,107年10月,服務類(不含食物),98.13,0.03
63000,107年10月,服務類-外食費,96.9,2.08
63000,107年10月,服務類-衣著,99.37,3.82
63000,107年10月,服務類-居住,97.87,0.75
63000,107年10月,服務類-交通及通訊,98.46,-1.63
63000,107年10月,服務類-醫藥保健,97.66,0.62
63000,107年10月,服務類-教養娛樂,99.08,0.51
63000,107年10月,服務類-教養,99.14,0.09
63000,107年10月,服務類-娛樂,99.04,0.61
63000,107年10月,服務類-雜項,97.6,-2.77
63000,107年11月,總指數(含食物),97.97,0.42
63000,107年11月,商品類(含食物),98.28,-0.1
63000,107年11月,商品類(不含食物),100.52,1.48
63000,107年11月,商品類-非耐久性消費品(含食物),97.33,-0.46
63000,107年11月,商品類-非耐久性消費品(不含食物),100.78,2.53
63000,107年11月,商品類-半耐久性消費品,100.82,0.84
63000,107年11月,商品類-耐久性消費品,99.78,0.44
63000,107年11月,服務類,97.78,0.74
63000,107年11月,服務類(不含食物),97.95,0.49
63000,107年11月,服務類-外食費,96.93,2.01
63000,107年11月,服務類-衣著,99.37,3.82
63000,107年11月,服務類-居住,97.89,0.75
63000,107年11月,服務類-交通及通訊,98.52,-1.34
63000,107年11月,服務類-醫藥保健,97.66,0.62
63000,107年11月,服務類-教養娛樂,97.52,0.56
63000,107年11月,服務類-教養,99.14,0.09
63000,107年11月,服務類-娛樂,96.42,1.08
63000,107年11月,服務類-雜項,98.48,0.69
63000,107年12月,總指數(含食物),97.41,-0.01
63000,107年12月,商品類(含食物),96.59,-1.01
63000,107年12月,商品類(不含食物),99.2,0.42
63000,107年12月,商品類-非耐久性消費品(含食物),95.46,-1.62
63000,107年12月,商品類-非耐久性消費品(不含食物),99.49,0.65
63000,107年12月,商品類-半耐久性消費品,98.55,0.12
63000,107年12月,商品類-耐久性消費品,99.35,0.32
63000,107年12月,服務類,97.92,0.61
63000,107年12月,服務類(不含食物),98.09,0.4
63000,107年12月,服務類-外食費,97.04,1.63
63000,107年12月,服務類-衣著,99.37,3.82
63000,107年12月,服務類-居住,97.91,0.75
63000,107年12月,服務類-交通及通訊,98.6,-1.34
63000,107年12月,服務類-醫藥保健,97.67,0.63
63000,107年12月,服務類-教養娛樂,98.42,0.69
63000,107年12月,服務類-教養,99.14,0.09
63000,107年12月,服務類-娛樂,97.92,1.1
63000,107年12月,服務類-雜項,98.01,0.07
63000,108年1月,總指數(含食物),97.17,0.1
63000,108年1月,商品類(含食物),95.5,-1.22
63000,108年1月,商品類(不含食物),97.95,-0.67
63000,108年1月,商品類-非耐久性消費品(含食物),94.56,-1.55
63000,108年1月,商品類-非耐久性消費品(不含食物),98.54,-0.82
63000,108年1月,商品類-半耐久性消費品,95.61,-0.82
63000,108年1月,商品類-耐久性消費品,99.26,-0.3
63000,108年1月,服務類,98.18,0.88
63000,108年1月,服務類(不含食物),98.36,0.73
63000,108年1月,服務類-外食費,97.31,1.71
63000,108年1月,服務類-衣著,99.26,2.55
63000,108年1月,服務類-居住,98,0.77
63000,108年1月,服務類-交通及通訊,99.1,-1.11
63000,108年1月,服務類-醫藥保健,99.42,2.44
63000,108年1月,服務類-教養娛樂,98.89,1.47
63000,108年1月,服務類-教養,99.14,0.09
63000,108年1月,服務類-娛樂,98.72,2.44
63000,108年1月,服務類-雜項,97.75,0.4
63000,108年2月,總指數(含食物),97.89,0.11
63000,108年2月,商品類(含食物),95.98,-0.9
63000,108年2月,商品類(不含食物),98.09,-0.16
63000,108年2月,商品類-非耐久性消費品(含食物),95.67,-0.93
63000,108年2月,商品類-非耐久性消費品(不含食物),99.86,0.62
63000,108年2月,商品類-半耐久性消費品,93.6,-0.96
63000,108年2月,商品類-耐久性消費品,99.58,-0.7
63000,108年2月,服務類,99.04,0.71
63000,108年2月,服務類(不含食物),99.33,0.52
63000,108年2月,服務類-外食費,97.54,1.69
63000,108年2月,服務類-衣著,99.49,2.24
63000,108年2月,服務類-居住,98.34,1.07
63000,108年2月,服務類-交通及通訊,99.15,-1.87
63000,108年2月,服務類-醫藥保健,99.61,1.48
63000,108年2月,服務類-教養娛樂,100.56,-0.9
63000,108年2月,服務類-教養,99.29,0.24
63000,108年2月,服務類-娛樂,101.43,-1.64
63000,108年2月,服務類-雜項,102.11,2.74
63000,108年3月,總指數(含食物),97.5,0.45
63000,108年3月,商品類(含食物),96.32,0.25
63000,108年3月,商品類(不含食物),98.52,0.46
63000,108年3月,商品類-非耐久性消費品(含食物),96.13,0.67
63000,108年3月,商品類-非耐久性消費品(不含食物),100.68,1.72
63000,108年3月,商品類-半耐久性消費品,94.09,-0.23
63000,108年3月,商品類-耐久性消費品,99.29,-0.96
63000,108年3月,服務類,98.21,0.56
63000,108年3月,服務類(不含食物),98.32,0.38
63000,108年3月,服務類-外食費,97.7,1.59
63000,108年3月,服務類-衣著,99.41,0.04
63000,108年3月,服務類-居住,98.03,0.65
63000,108年3月,服務類-交通及通訊,98.85,-1.46
63000,108年3月,服務類-醫藥保健,99.42,1.49
63000,108年3月,服務類-教養娛樂,98.32,0.63
63000,108年3月,服務類-教養,99.29,0.24
63000,108年3月,服務類-娛樂,97.65,0.9
63000,108年3月,服務類-雜項,98.52,0.15
63000,108年4月,總指數(含食物),98.39,0.76
63000,108年4月,商品類(含食物),98.09,0.71
63000,108年4月,商品類(不含食物),100.94,0.58
63000,108年4月,商品類-非耐久性消費品(含食物),96.93,1.05
63000,108年4月,商品類-非耐久性消費品(不含食物),101.44,1.28
63000,108年4月,商品類-半耐久性消費品,101.7,0.74
63000,108年4月,商品類-耐久性消費品,99.38,-0.75
63000,108年4月,服務類,98.56,0.79
63000,108年4月,服務類(不含食物),98.7,0.62
63000,108年4月,服務類-外食費,97.87,1.66
63000,108年4月,服務類-衣著,99.56,0.19
63000,108年4月,服務類-居住,98.08,0.62
63000,108年4月,服務類-交通及通訊,98.77,-1.49
63000,108年4月,服務類-醫藥保健,99.2,1.27
63000,108年4月,服務類-教養娛樂,100.35,2.12
63000,108年4月,服務類-教養,99.29,0.24
63000,108年4月,服務類-娛樂,101.06,3.4
63000,108年4月,服務類-雜項,98.51,0.14
63000,108年5月,總指數(含食物),98.66,1.21
63000,108年5月,商品類(含食物),99.08,1.85
63000,108年5月,商品類(不含食物),101.23,0.63
63000,108年5月,商品類-非耐久性消費品(含食物),98.59,2.75
63000,108年5月,商品類-非耐久性消費品(不含食物),102.55,1.29
63000,108年5月,商品類-半耐久性消費品,100.75,0.8
63000,108年5月,商品類-耐久性消費品,99.51,-0.66
63000,108年5月,服務類,98.4,0.81
63000,108年5月,服務類(不含食物),98.44,0.61
63000,108年5月,服務類-外食費,98.21,1.86
63000,108年5月,服務類-衣著,99.63,0.26
63000,108年5月,服務類-居住,98.09,0.59
63000,108年5月,服務類-交通及通訊,97.9,-0.58
63000,108年5月,服務類-醫藥保健,99.2,1.57
63000,108年5月,服務類-教養娛樂,99.94,1.39
63000,108年5月,服務類-教養,99.29,0.24
63000,108年5月,服務類-娛樂,100.37,2.17
63000,108年5月,服務類-雜項,97.69,0.12
63000,108年6月,總指數(含食物),98.93,1.08
63000,108年6月,商品類(含食物),99.28,1.63
63000,108年6月,商品類(不含食物),101.54,0.1
63000,108年6月,商品類-非耐久性消費品(含食物),99.32,2.34
63000,108年6月,商品類-非耐久性消費品(不含食物),104.37,0.01
63000,108年6月,商品類-半耐久性消費品,99.3,0.94
63000,108年6月,商品類-耐久性消費品,99.07,-0.57
63000,108年6月,服務類,98.71,0.75
63000,108年6月,服務類(不含食物),98.82,0.58
63000,108年6月,服務類-外食費,98.16,1.65
63000,108年6月,服務類-衣著,99.63,0.26
63000,108年6月,服務類-居住,98.13,0.54
63000,108年6月,服務類-交通及通訊,98.04,-1
63000,108年6月,服務類-醫藥保健,99.2,1.57
63000,108年6月,服務類-教養娛樂,101.18,1.32
63000,108年6月,服務類-教養,99.29,0.23
63000,108年6月,服務類-娛樂,102.47,2.05
63000,108年6月,服務類-雜項,98.72,0.65
63000,108年7月,總指數(含食物),99.06,0.7
63000,108年7月,商品類(含食物),98.6,0.77
63000,108年7月,商品類(不含食物),100.64,-0.2
63000,108年7月,商品類-非耐久性消費品(含食物),98.74,0.9
63000,108年7月,商品類-非耐久性消費品(不含食物),103.45,-0.95
63000,108年7月,商品類-半耐久性消費品,96.99,1.3
63000,108年7月,商品類-耐久性消費品,99.56,-0.33
63000,108年7月,服務類,99.34,0.67
63000,108年7月,服務類(不含食物),99.57,0.51
63000,108年7月,服務類-外食費,98.17,1.51
63000,108年7月,服務類-衣著,99.39,0.02
63000,108年7月,服務類-居住,98.23,0.54
63000,108年7月,服務類-交通及通訊,99.21,-0.95
63000,108年7月,服務類-醫藥保健,99.2,1.58
63000,108年7月,服務類-教養娛樂,104.15,0.92
63000,108年7月,服務類-教養,98.66,-0.43
63000,108年7月,服務類-娛樂,107.89,1.77
63000,108年7月,服務類-雜項,98.64,0.69
63000,108年8月,總指數(含食物),99.33,0.99
63000,108年8月,商品類(含食物),99.41,1.53
63000,108年8月,商品類(不含食物),100.47,0.29
63000,108年8月,商品類-非耐久性消費品(含食物),100.06,1.61
63000,108年8月,商品類-非耐久性消費品(不含食物),103.38,-0.92
63000,108年8月,商品類-半耐久性消費品,95.36,1.61
63000,108年8月,商品類-耐久性消費品,100.67,1.14
63000,108年8月,服務類,99.28,0.67
63000,108年8月,服務類(不含食物),99.48,0.51
63000,108年8月,服務類-外食費,98.26,1.51
63000,108年8月,服務類-衣著,99.56,0.19
63000,108年8月,服務類-居住,98.43,0.74
63000,108年8月,服務類-交通及通訊,98.72,-1.23
63000,108年8月,服務類-醫藥保健,99.3,1.68
63000,108年8月,服務類-教養娛樂,103.42,0.79
63000,108年8月,服務類-教養,98.93,-0.12
63000,108年8月,服務類-娛樂,106.49,1.39
63000,108年8月,服務類-雜項,98.64,0.19
63000,108年9月,總指數(含食物),99.49,1.03
63000,108年9月,商品類(含食物),100.32,1.02
63000,108年9月,商品類(不含食物),100.33,-0.06
63000,108年9月,商品類-非耐久性消費品(含食物),101.47,1.02
63000,108年9月,商品類-非耐久性消費品(不含食物),103.26,-1.25
63000,108年9月,商品類-半耐久性消費品,95.23,1.28
63000,108年9月,商品類-耐久性消費品,100.5,0.76
63000,108年9月,服務類,99,1.03
63000,108年9月,服務類(不含食物),99.14,0.95
63000,108年9月,服務類-外食費,98.26,1.43
63000,108年9月,服務類-衣著,99.4,0.03
63000,108年9月,服務類-居住,98.49,0.79
63000,108年9月,服務類-交通及通訊,97.26,-1.55
63000,108年9月,服務類-醫藥保健,99.3,1.68
63000,108年9月,服務類-教養娛樂,102.18,3.18
63000,108年9月,服務類-教養,99.42,0.28
63000,108年9月,服務類-娛樂,104.07,5.17
63000,108年9月,服務類-雜項,99.02,0.28
63000,108年10月,總指數(含食物),99.5,0.86
63000,108年10月,商品類(含食物),100.35,0.49
63000,108年10月,商品類(不含食物),100.95,-0.43
63000,108年10月,商品類-非耐久性消費品(含食物),99.61,0.2
63000,108年10月,商品類-非耐久性消費品(不含食物),99.8,-2.24
63000,108年10月,商品類-半耐久性消費品,103.6,2
63000,108年10月,商品類-耐久性消費品,100.25,0.19
63000,108年10月,服務類,99.01,1.1
63000,108年10月,服務類(不含食物),99.13,1.02
63000,108年10月,服務類-外食費,98.38,1.53
63000,108年10月,服務類-衣著,99.49,0.12
63000,108年10月,服務類-居住,98.55,0.69
63000,108年10月,服務類-交通及通訊,97.34,-1.14
63000,108年10月,服務類-醫藥保健,99.01,1.38
63000,108年10月,服務類-教養娛樂,102.56,3.51
63000,108年10月,服務類-教養,99.42,0.28
63000,108年10月,服務類-娛樂,104.7,5.71
63000,108年10月,服務類-雜項,98.05,0.46
63000,108年11月,總指數(含食物),98.99,1.04
63000,108年11月,商品類(含食物),99.38,1.12
63000,108年11月,商品類(不含食物),100.48,-0.04
63000,108年11月,商品類-非耐久性消費品(含食物),98.7,1.41
63000,108年11月,商品類-非耐久性消費品(不含食物),100.08,-0.69
63000,108年11月,商品類-半耐久性消費品,101.66,0.83
63000,108年11月,商品類-耐久性消費品,99.98,0.2
63000,108年11月,服務類,98.77,1.01
63000,108年11月,服務類(不含食物),98.81,0.88
63000,108年11月,服務類-外食費,98.55,1.67
63000,108年11月,服務類-衣著,99.63,0.26
63000,108年11月,服務類-居住,98.56,0.68
63000,108年11月,服務類-交通及通訊,97.24,-1.3
63000,108年11月,服務類-醫藥保健,99.01,1.38
63000,108年11月,服務類-教養娛樂,100.4,2.95
63000,108年11月,服務類-教養,99.42,0.28
63000,108年11月,服務類-娛樂,101.08,4.83
63000,108年11月,服務類-雜項,98.88,0.41
63000,108年12月,總指數(含食物),98.98,1.61
63000,108年12月,商品類(含食物),99.11,2.61
63000,108年12月,商品類(不含食物),100.25,1.06
63000,108年12月,商品類-非耐久性消費品(含食物),98.54,3.23
63000,108年12月,商品類-非耐久性消費品(不含食物),100.17,0.68
63000,108年12月,商品類-半耐久性消費品,99.92,1.39
63000,108年12月,商品類-耐久性消費品,100.69,1.35
63000,108年12月,服務類,98.92,1.02
63000,108年12月,服務類(不含食物),99.01,0.94
63000,108年12月,服務類-外食費,98.45,1.45
63000,108年12月,服務類-衣著,99.41,0.04
63000,108年12月,服務類-居住,99.04,1.15
63000,108年12月,服務類-交通及通訊,96.95,-1.67
63000,108年12月,服務類-醫藥保健,99.01,1.37
63000,108年12月,服務類-教養娛樂,100.71,2.33
63000,108年12月,服務類-教養,99.42,0.28
63000,108年12月,服務類-娛樂,101.59,3.75
63000,108年12月,服務類-雜項,98.22,0.21
63000,109年1月,總指數(含食物),99.1,1.98
63000,109年1月,商品類(含食物),97.96,2.58
63000,109年1月,商品類(不含食物),99.72,1.81
63000,109年1月,商品類-非耐久性消費品(含食物),97.43,3.04
63000,109年1月,商品類-非耐久性消費品(不含食物),100.49,1.98
63000,109年1月,商品類-半耐久性消費品,97.28,1.75
63000,109年1月,商品類-耐久性消費品,100.81,1.56
63000,109年1月,服務類,99.79,1.64
63000,109年1月,服務類(不含食物),99.97,1.64
63000,109年1月,服務類-外食費,98.88,1.61
63000,109年1月,服務類-衣著,99.41,0.15
63000,109年1月,服務類-居住,99.5,1.53
63000,109年1月,服務類-交通及通訊,97.71,-1.4
63000,109年1月,服務類-醫藥保健,99.47,0.05
63000,109年1月,服務類-教養娛樂,102.62,3.77
63000,109年1月,服務類-教養,99.42,0.28
63000,109年1月,服務類-娛樂,104.8,6.16
63000,109年1月,服務類-雜項,100.42,2.73
63000,109年2月,總指數(含食物),98.28,0.4
63000,109年2月,商品類(含食物),96.87,0.93
63000,109年2月,商品類(不含食物),98.3,0.21
63000,109年2月,商品類-非耐久性消費品(含食物),96.33,0.69
63000,109年2月,商品類-非耐久性消費品(不含食物),98.65,-1.21
63000,109年2月,商品類-半耐久性消費品,95.4,1.92
63000,109年2月,商品類-耐久性消費品,100.55,0.97
63000,109年2月,服務類,99.12,0.08
63000,109年2月,服務類(不含食物),99.16,-0.17
63000,109年2月,服務類-外食費,98.95,1.45
63000,109年2月,服務類-衣著,99.63,0.14
63000,109年2月,服務類-居住,99.23,0.91
63000,109年2月,服務類-交通及通訊,97.19,-1.98
63000,109年2月,服務類-醫藥保健,99.19,-0.42
63000,109年2月,服務類-教養娛樂,100.29,-0.27
63000,109年2月,服務類-教養,99.51,0.22
63000,109年2月,服務類-娛樂,100.82,-0.6
63000,109年2月,服務類-雜項,99.02,-3.03
63000,109年3月,總指數(含食物),97.91,0.41
63000,109年3月,商品類(含食物),96.01,-0.32
63000,109年3月,商品類(不含食物),96.99,-1.55
63000,109年3月,商品類-非耐久性消費品(含食物),95.01,-1.17
63000,109年3月,商品類-非耐久性消費品(不含食物),95.64,-5.01
63000,109年3月,商品類-半耐久性消費品,95.32,1.31
63000,109年3月,商品類-耐久性消費品,100.85,1.57
63000,109年3月,服務類,99.04,0.85
63000,109年3月,服務類(不含食物),99.01,0.7
63000,109年3月,服務類-外食費,99.2,1.54
63000,109年3月,服務類-衣著,99.63,0.22
63000,109年3月,服務類-居住,99.15,1.14
63000,109年3月,服務類-交通及通訊,97.26,-1.61
63000,109年3月,服務類-醫藥保健,99.2,-0.22
63000,109年3月,服務類-教養娛樂,99.68,1.38
63000,109年3月,服務類-教養,99.51,0.22
63000,109年3月,服務類-娛樂,99.8,2.2
63000,109年3月,服務類-雜項,99,0.49
63000,109年4月,總指數(含食物),97.81,-0.59
63000,109年4月,商品類(含食物),95.86,-2.27
63000,109年4月,商品類(不含食物),96.76,-4.14
63000,109年4月,商品類-非耐久性消費品(含食物),93.26,-3.79
63000,109年4月,商品類-非耐久性消費品(不含食物),91.24,-10.06
63000,109年4月,商品類-半耐久性消費品,101.9,0.2
63000,109年4月,商品類-耐久性消費品,100.8,1.43
63000,109年4月,服務類,98.97,0.42
63000,109年4月,服務類(不含食物),98.9,0.2
63000,109年4月,服務類-外食費,99.35,1.51
63000,109年4月,服務類-衣著,99.63,0.07
63000,109年4月,服務類-居住,99.13,1.07
63000,109年4月,服務類-交通及通訊,96.68,-2.12
63000,109年4月,服務類-醫藥保健,99.2,0
63000,109年4月,服務類-教養娛樂,99.67,-0.68
63000,109年4月,服務類-教養,99.51,0.22
63000,109年4月,服務類-娛樂,99.78,-1.27
63000,109年4月,服務類-雜項,98.78,0.27
63000,109年5月,總指數(含食物),97.74,-0.93
63000,109年5月,商品類(含食物),95.8,-3.31
63000,109年5月,商品類(不含食物),96.47,-4.7
63000,109年5月,商品類-非耐久性消費品(含食物),93.64,-5.02
63000,109年5月,商品類-非耐久性消費品(不含食物),91.81,-10.47
63000,109年5月,商品類-半耐久性消費品,100.44,-0.31
63000,109年5月,商品類-耐久性消費品,100.24,0.73
63000,109年5月,服務類,98.92,0.53
63000,109年5月,服務類(不含食物),98.83,0.4
63000,109年5月,服務類-外食費,99.37,1.18
63000,109年5月,服務類-衣著,99.56,-0.07
63000,109年5月,服務類-居住,99.11,1.04
63000,109年5月,服務類-交通及通訊,96.38,-1.55
63000,109年5月,服務類-醫藥保健,99.2,0
63000,109年5月,服務類-教養娛樂,99.83,-0.11
63000,109年5月,服務類-教養,99.51,0.22
63000,109年5月,服務類-娛樂,100.05,-0.32
63000,109年5月,服務類-雜項,98.27,0.59
63000,109年6月,總指數(含食物),98.46,-0.47
63000,109年6月,商品類(含食物),97.39,-1.9
63000,109年6月,商品類(不含食物),98.51,-2.98
63000,109年6月,商品類-非耐久性消費品(含食物),96.26,-3.08
63000,109年6月,商品類-非耐久性消費品(不含食物),97,-7.06
63000,109年6月,商品類-半耐久性消費品,99.31,0.01
63000,109年6月,商品類-耐久性消費品,100.22,1.16
63000,109年6月,服務類,99.12,0.42
63000,109年6月,服務類(不含食物),99.07,0.25
63000,109年6月,服務類-外食費,99.36,1.22
63000,109年6月,服務類-衣著,99.63,0
63000,109年6月,服務類-居住,99.22,1.11
63000,109年6月,服務類-交通及通訊,96.62,-1.45
63000,109年6月,服務類-醫藥保健,99.2,0
63000,109年6月,服務類-教養娛樂,100,-1.17
63000,109年6月,服務類-教養,99.46,0.17
63000,109年6月,服務類-娛樂,100.37,-2.05
63000,109年6月,服務類-雜項,99.39,0.68
63000,109年7月,總指數(含食物),98.42,-0.65
63000,109年7月,商品類(含食物),97.25,-1.37
63000,109年7月,商品類(不含食物),98.49,-2.14
63000,109年7月,商品類-非耐久性消費品(含食物),96.47,-2.3
63000,109年7月,商品類-非耐久性消費品(不含食物),97.99,-5.28
63000,109年7月,商品類-半耐久性消費品,97.52,0.55
63000,109年7月,商品類-耐久性消費品,100.28,0.72
63000,109年7月,服務類,99.12,-0.22
63000,109年7月,服務類(不含食物),99.07,-0.5
63000,109年7月,服務類-外食費,99.33,1.18
63000,109年7月,服務類-衣著,99.63,0.24
63000,109年7月,服務類-居住,99.3,1.09
63000,109年7月,服務類-交通及通訊,97.32,-1.91
63000,109年7月,服務類-醫藥保健,99.83,0.64
63000,109年7月,服務類-教養娛樂,99.23,-4.72
63000,109年7月,服務類-教養,99.51,0.86
63000,109年7月,服務類-娛樂,99.03,-8.21
63000,109年7月,服務類-雜項,99.27,0.64
63000,109年8月,總指數(含食物),98.64,-0.7
63000,109年8月,商品類(含食物),97.77,-1.65
63000,109年8月,商品類(不含食物),98.25,-2.21
63000,109年8月,商品類-非耐久性消費品(含食物),97.34,-2.72
63000,109年8月,商品類-非耐久性消費品(不含食物),97.75,-5.45
63000,109年8月,商品類-半耐久性消費品,96.57,1.27
63000,109年8月,商品類-耐久性消費品,100.7,0.03
63000,109年8月,服務類,99.16,-0.12
63000,109年8月,服務類(不含食物),99.13,-0.35
63000,109年8月,服務類-外食費,99.29,1.05
63000,109年8月,服務類-衣著,99.42,-0.14
63000,109年8月,服務類-居住,99.32,0.9
63000,109年8月,服務類-交通及通訊,97.25,-1.49
63000,109年8月,服務類-醫藥保健,99.84,0.54
63000,109年8月,服務類-教養娛樂,99.26,-4.02
63000,109年8月,服務類-教養,99.5,0.58
63000,109年8月,服務類-娛樂,99.1,-6.94
63000,109年8月,服務類-雜項,99.76,1.14
63000,109年9月,總指數(含食物),98.72,-0.77
63000,109年9月,商品類(含食物),98.16,-2.15
63000,109年9月,商品類(不含食物),98.03,-2.29
63000,109年9月,商品類-非耐久性消費品(含食物),98.01,-3.41
63000,109年9月,商品類-非耐久性消費品(不含食物),97.49,-5.59
63000,109年9月,商品類-半耐久性消費品,96.55,1.39
63000,109年9月,商品類-耐久性消費品,100.37,-0.13
63000,109年9月,服務類,99.06,0.06
63000,109年9月,服務類(不含食物),99.01,-0.13
63000,109年9月,服務類-外食費,99.31,1.07
63000,109年9月,服務類-衣著,99.42,0.02
63000,109年9月,服務類-居住,99.41,0.93
63000,109年9月,服務類-交通及通訊,96.8,-0.47
63000,109年9月,服務類-醫藥保健,99.84,0.54
63000,109年9月,服務類-教養娛樂,98.63,-3.47
63000,109年9月,服務類-教養,99.35,-0.07
63000,109年9月,服務類-娛樂,98.14,-5.7
63000,109年9月,服務類-雜項,99.76,0.75
63000,109年10月,總指數(含食物),99.01,-0.49
63000,109年10月,商品類(含食物),98.61,-1.73
63000,109年10月,商品類(不含食物),98.54,-2.39
63000,109年10月,商品類-非耐久性消費品(含食物),96.86,-2.76
63000,109年10月,商品類-非耐久性消費品(不含食物),94.01,-5.8
63000,109年10月,商品類-半耐久性消費品,105.13,1.48
63000,109年10月,商品類-耐久性消費品,99.54,-0.71
63000,109年10月,服務類,99.26,0.25
63000,109年10月,服務類(不含食物),99.22,0.09
63000,109年10月,服務類-外食費,99.48,1.12
63000,109年10月,服務類-衣著,99.42,-0.07
63000,109年10月,服務類-居住,99.52,0.98
63000,109年10月,服務類-交通及通訊,97.74,0.41
63000,109年10月,服務類-醫藥保健,99.74,0.74
63000,109年10月,服務類-教養娛樂,99.24,-3.24
63000,109年10月,服務類-教養,99.35,-0.07
63000,109年10月,服務類-娛樂,99.17,-5.28
63000,109年10月,服務類-雜項,99.12,1.09
63000,109年11月,總指數(含食物),98.92,-0.08
63000,109年11月,商品類(含食物),97.97,-1.42
63000,109年11月,商品類(不含食物),98.07,-2.4
63000,109年11月,商品類-非耐久性消費品(含食物),96.38,-2.35
63000,109年11月,商品類-非耐久性消費品(不含食物),94.16,-5.92
63000,109年11月,商品類-半耐久性消費品,102.76,1.08
63000,109年11月,商品類-耐久性消費品,99.89,-0.09
63000,109年11月,服務類,99.48,0.72
63000,109年11月,服務類(不含食物),99.48,0.68
63000,109年11月,服務類-外食費,99.48,0.94
63000,109年11月,服務類-衣著,99.41,-0.22
63000,109年11月,服務類-居住,99.53,0.98
63000,109年11月,服務類-交通及通訊,98.78,1.58
63000,109年11月,服務類-醫藥保健,99.74,0.74
63000,109年11月,服務類-教養娛樂,99.59,-0.81
63000,109年11月,服務類-教養,99.35,-0.07
63000,109年11月,服務類-娛樂,99.75,-1.32
63000,109年11月,服務類-雜項,99.76,0.89
63000,109年12月,總指數(含食物),98.75,-0.23
63000,109年12月,商品類(含食物),97.51,-1.61
63000,109年12月,商品類(不含食物),97.97,-2.27
63000,109年12月,商品類-非耐久性消費品(含食物),96.15,-2.43
63000,109年12月,商品類-非耐久性消費品(不含食物),95.08,-5.08
63000,109年12月,商品類-半耐久性消費品,102.07,2.15
63000,109年12月,商品類-耐久性消費品,98.72,-1.96
63000,109年12月,服務類,99.5,0.59
63000,109年12月,服務類(不含食物),99.5,0.49
63000,109年12月,服務類-外食費,99.47,1.04
63000,109年12月,服務類-衣著,99.58,0.17
63000,109年12月,服務類-居住,99.61,0.58
63000,109年12月,服務類-交通及通訊,98.51,1.61
63000,109年12月,服務類-醫藥保健,99.74,0.74
63000,109年12月,服務類-教養娛樂,99.7,-1
63000,109年12月,服務類-教養,99.35,-0.07
63000,109年12月,服務類-娛樂,99.94,-1.62
63000,109年12月,服務類-雜項,99.61,1.42
63000,110年1月,總指數(含食物),98.96,-0.14
63000,110年1月,商品類(含食物),97.94,-0.02
63000,110年1月,商品類(不含食物),97.69,-2.04
63000,110年1月,商品類-非耐久性消費品(含食物),97.38,-0.05
63000,110年1月,商品類-非耐久性消費品(不含食物),95.97,-4.5
63000,110年1月,商品類-半耐久性消費品,99.55,2.33
63000,110年1月,商品類-耐久性消費品,98.7,-2.09
63000,110年1月,服務類,99.58,-0.21
63000,110年1月,服務類(不含食物),99.53,-0.44
63000,110年1月,服務類-外食費,99.83,0.96
63000,110年1月,服務類-衣著,100,0.59
63000,110年1月,服務類-居住,99.63,0.13
63000,110年1月,服務類-交通及通訊,98.86,1.18
63000,110年1月,服務類-醫藥保健,99.74,0.27
63000,110年1月,服務類-教養娛樂,99.63,-2.91
63000,110年1月,服務類-教養,99.35,-0.07
63000,110年1月,服務類-娛樂,99.82,-4.75
63000,110年1月,服務類-雜項,99.46,-0.96
63000,110年2月,總指數(含食物),99.05,0.78
63000,110年2月,商品類(含食物),97.01,0.14
63000,110年2月,商品類(不含食物),97.7,-0.61
63000,110年2月,商品類-非耐久性消費品(含食物),96.57,0.25
63000,110年2月,商品類-非耐久性消費品(不含食物),97.39,-1.28
63000,110年2月,商品類-半耐久性消費品,97.26,1.95
63000,110年2月,商品類-耐久性消費品,98.64,-1.9
63000,110年2月,服務類,100.27,1.16
63000,110年2月,服務類(不含食物),100.29,1.14
63000,110年2月,服務類-外食費,100.19,1.25
63000,110年2月,服務類-衣著,99.92,0.29
63000,110年2月,服務類-居住,100.03,0.81
63000,110年2月,服務類-交通及通訊,99.49,2.37
63000,110年2月,服務類-醫藥保健,100.03,0.85
63000,110年2月,服務類-教養娛樂,100.56,0.27
63000,110年2月,服務類-教養,99.35,-0.16
63000,110年2月,服務類-娛樂,101.37,0.55
63000,110年2月,服務類-雜項,102.14,3.15
63000,110年3月,總指數(含食物),98.82,0.93
63000,110年3月,商品類(含食物),97.02,1.05
63000,110年3月,商品類(不含食物),98.17,1.22
63000,110年3月,商品類-非耐久性消費品(含食物),96.45,1.52
63000,110年3月,商品類-非耐久性消費品(不含食物),98.11,2.58
63000,110年3月,商品類-半耐久性消費品,96.83,1.58
63000,110年3月,商品類-耐久性消費品,99.58,-1.26
63000,110年3月,服務類,99.9,0.87
63000,110年3月,服務類(不含食物),99.9,0.9
63000,110年3月,服務類-外食費,99.9,0.71
63000,110年3月,服務類-衣著,100.14,0.51
63000,110年3月,服務類-居住,100.13,0.99
63000,110年3月,服務類-交通及通訊,99.06,1.85
63000,110年3月,服務類-醫藥保健,99.9,0.71
63000,110年3月,服務類-教養娛樂,99.78,0.1
63000,110年3月,服務類-教養,99.87,0.36
63000,110年3月,服務類-娛樂,99.72,-0.08
63000,110年3月,服務類-雜項,99.97,0.98
63000,110年4月,總指數(含食物),99.29,1.52
63000,110年4月,商品類(含食物),98.12,2.36
63000,110年4月,商品類(不含食物),99.86,3.2
63000,110年4月,商品類-非耐久性消費品(含食物),96.83,3.83
63000,110年4月,商品類-非耐久性消費品(不含食物),98.66,8.13
63000,110年4月,商品類-半耐久性消費品,102.48,0.57
63000,110年4月,商品類-耐久性消費品,99.27,-1.52
63000,110年4月,服務類,100,1.04
63000,110年4月,服務類(不含食物),99.98,1.09
63000,110年4月,服務類-外食費,100.11,0.76
63000,110年4月,服務類-衣著,100.14,0.51
63000,110年4月,服務類-居住,100.2,1.08
63000,110年4月,服務類-交通及通訊,99.25,2.66
63000,110年4月,服務類-醫藥保健,99.9,0.71
63000,110年4月,服務類-教養娛樂,99.91,0.24
63000,110年4月,服務類-教養,99.87,0.36
63000,110年4月,服務類-娛樂,99.93,0.15
63000,110年4月,服務類-雜項,99.88,1.11
63000,110年5月,總指數(含食物),99.28,1.58
63000,110年5月,商品類(含食物),98.68,3.01
63000,110年5月,商品類(不含食物),99.74,3.39
63000,110年5月,商品類-非耐久性消費品(含食物),97.83,4.47
63000,110年5月,商品類-非耐久性消費品(不含食物),98.86,7.68
63000,110年5月,商品類-半耐久性消費品,101.65,1.2
63000,110年5月,商品類-耐久性消費品,99.33,-0.91
63000,110年5月,服務類,99.64,0.73
63000,110年5月,服務類(不含食物),99.54,0.72
63000,110年5月,服務類-外食費,100.15,0.78
63000,110年5月,服務類-衣著,100.14,0.58
63000,110年5月,服務類-居住,99.4,0.29
63000,110年5月,服務類-交通及通訊,99.9,3.65
63000,110年5月,服務類-醫藥保健,99.95,0.76
63000,110年5月,服務類-教養娛樂,99.79,-0.04
63000,110年5月,服務類-教養,99.87,0.36
63000,110年5月,服務類-娛樂,99.73,-0.32
63000,110年5月,服務類-雜項,99.18,0.93
63000,110年6月,總指數(含食物),99.55,1.11
63000,110年6月,商品類(含食物),99.47,2.14
63000,110年6月,商品類(不含食物),99.79,1.3
63000,110年6月,商品類-非耐久性消費品(含食物),99.08,2.93
63000,110年6月,商品類-非耐久性消費品(不含食物),99.19,2.26
63000,110年6月,商品類-半耐久性消費品,100.67,1.37
63000,110年6月,商品類-耐久性消費品,99.92,-0.3
63000,110年6月,服務類,99.6,0.48
63000,110年6月,服務類(不含食物),99.71,0.65
63000,110年6月,服務類-外食費,99.02,-0.34
63000,110年6月,服務類-衣著,100.14,0.51
63000,110年6月,服務類-居住,99.63,0.41
63000,110年6月,服務類-交通及通訊,100.16,3.66
63000,110年6月,服務類-醫藥保健,99.97,0.78
63000,110年6月,服務類-教養娛樂,99.74,-0.26
63000,110年6月,服務類-教養,99.85,0.39
63000,110年6月,服務類-娛樂,99.67,-0.7
63000,110年6月,服務類-雜項,99.38,-0.01
63000,110年7月,總指數(含食物),99.76,1.37
63000,110年7月,商品類(含食物),100.12,2.95
63000,110年7月,商品類(不含食物),100.41,1.95
63000,110年7月,商品類-非耐久性消費品(含食物),100.47,4.15
63000,110年7月,商品類-非耐久性消費品(不含食物),101.65,3.74
63000,110年7月,商品類-半耐久性消費品,98.14,0.64
63000,110年7月,商品類-耐久性消費品,100.58,0.3
63000,110年7月,服務類,99.56,0.44
63000,110年7月,服務類(不含食物),99.75,0.69
63000,110年7月,服務類-外食費,98.58,-0.76
63000,110年7月,服務類-衣著,100.14,0.51
63000,110年7月,服務類-居住,99.59,0.29
63000,110年7月,服務類-交通及通訊,100.43,3.2
63000,110年7月,服務類-醫藥保健,99.98,0.15
63000,110年7月,服務類-教養娛樂,99.88,0.66
63000,110年7月,服務類-教養,99.87,0.36
63000,110年7月,服務類-娛樂,99.89,0.87
63000,110年7月,服務類-雜項,99.41,0.14
63000,110年8月,總指數(含食物),100.59,1.98
63000,110年8月,商品類(含食物),101.8,4.12
63000,110年8月,商品類(不含食物),100.81,2.61
63000,110年8月,商品類-非耐久性消費品(含食物),103.26,6.08
63000,110年8月,商品類-非耐久性消費品(不含食物),103.29,5.67
63000,110年8月,商品類-半耐久性消費品,96.76,0.2
63000,110年8月,商品類-耐久性消費品,100.67,-0.03
63000,110年8月,服務類,99.87,0.72
63000,110年8月,服務類(不含食物),99.96,0.84
63000,110年8月,服務類-外食費,99.41,0.12
63000,110年8月,服務類-衣著,99.83,0.41
63000,110年8月,服務類-居住,100.01,0.69
63000,110年8月,服務類-交通及通訊,100.4,3.24
63000,110年8月,服務類-醫藥保健,100.03,0.19
63000,110年8月,服務類-教養娛樂,99.96,0.71
63000,110年8月,服務類-教養,100.13,0.63
63000,110年8月,服務類-娛樂,99.84,0.75
63000,110年8月,服務類-雜項,99.15,-0.61
63000,110年9月,總指數(含食物),100.77,2.07
63000,110年9月,商品類(含食物),101.83,3.74
63000,110年9月,商品類(不含食物),100.64,2.66
63000,110年9月,商品類-非耐久性消費品(含食物),103.43,5.53
63000,110年9月,商品類-非耐久性消費品(不含食物),103.26,5.92
63000,110年9月,商品類-半耐久性消費品,96.37,-0.19
63000,110年9月,商品類-耐久性消費品,100.5,0.13
63000,110年9月,服務類,100.13,1.08
63000,110年9月,服務類(不含食物),100.19,1.19
63000,110年9月,服務類-外食費,99.82,0.51
63000,110年9月,服務類-衣著,99.83,0.41
63000,110年9月,服務類-居住,100.02,0.61
63000,110年9月,服務類-交通及通訊,100.47,3.79
63000,110年9月,服務類-醫藥保健,100.11,0.27
63000,110年9月,服務類-教養娛樂,100.22,1.61
63000,110年9月,服務類-教養,100.46,1.12
63000,110年9月,服務類-娛樂,100.05,1.95
63000,110年9月,服務類-雜項,100.71,0.95
63000,110年10月,總指數(含食物),101.27,2.28
63000,110年10月,商品類(含食物),103.09,4.54
63000,110年10月,商品類(不含食物),101.99,3.5
63000,110年10月,商品類-非耐久性消費品(含食物),103.14,6.48
63000,110年10月,商品類-非耐久性消費品(不含食物),100.81,7.23
63000,110年10月,商品類-半耐久性消費品,105.26,0.12
63000,110年10月,商品類-耐久性消費品,100.75,1.22
63000,110年10月,服務類,100.17,0.92
63000,110年10月,服務類(不含食物),100.14,0.93
63000,110年10月,服務類-外食費,100.33,0.85
63000,110年10月,服務類-衣著,99.83,0.41
63000,110年10月,服務類-居住,100.02,0.5
63000,110年10月,服務類-交通及通訊,100.6,2.93
63000,110年10月,服務類-醫藥保健,100.11,0.37
63000,110年10月,服務類-教養娛樂,100.34,1.11
63000,110年10月,服務類-教養,100.44,1.1
63000,110年10月,服務類-娛樂,100.28,1.12
63000,110年10月,服務類-雜項,99.85,0.74
63000,110年11月,總指數(含食物),101.61,2.73
63000,110年11月,商品類(含食物),103.31,5.45
63000,110年11月,商品類(不含食物),102.22,4.23
63000,110年11月,商品類-非耐久性消費品(含食物),103.84,7.74
63000,110年11月,商品類-非耐久性消費品(不含食物),102.27,8.61
63000,110年11月,商品類-半耐久性消費品,103.32,0.54
63000,110年11月,商品類-耐久性消費品,101.09,1.2
63000,110年11月,服務類,100.6,1.13
63000,110年11月,服務類(不含食物),100.51,1.04
63000,110年11月,服務類-外食費,101.05,1.58
63000,110年11月,服務類-衣著,99.93,0.52
63000,110年11月,服務類-居住,100.64,1.12
63000,110年11月,服務類-交通及通訊,100.67,1.91
63000,110年11月,服務類-醫藥保健,100.11,0.37
63000,110年11月,服務類-教養娛樂,100.08,0.49
63000,110年11月,服務類-教養,100.45,1.11
63000,110年11月,服務類-娛樂,99.83,0.08
63000,110年11月,服務類-雜項,100.68,0.92
63000,110年12月,總指數(含食物),101.04,2.31
63000,110年12月,商品類(含食物),101.61,4.2
63000,110年12月,商品類(不含食物),100.97,3.06
63000,110年12月,商品類-非耐久性消費品(含食物),101.73,5.8
63000,110年12月,商品類-非耐久性消費品(不含食物),100.53,5.73
63000,110年12月,商品類-半耐久性消費品,101.71,-0.35
63000,110年12月,商品類-耐久性消費品,100.98,2.29
63000,110年12月,服務類,100.69,1.2
63000,110年12月,服務類(不含食物),100.51,1.02
63000,110年12月,服務類-外食費,101.62,2.16
63000,110年12月,服務類-衣著,99.93,0.35
63000,110年12月,服務類-居住,100.7,1.09
63000,110年12月,服務類-交通及通訊,100.69,2.21
63000,110年12月,服務類-醫藥保健,100.17,0.43
63000,110年12月,服務類-教養娛樂,100.11,0.41
63000,110年12月,服務類-教養,100.46,1.12
63000,110年12月,服務類-娛樂,99.87,-0.07
63000,110年12月,服務類-雜項,100.2,0.59
63000,111年1月,總指數(含食物),101.03,2.08
63000,111年1月,商品類(含食物),100.81,2.93
63000,111年1月,商品類(不含食物),100.97,3.36
63000,111年1月,商品類-非耐久性消費品(含食物),100.85,3.56
63000,111年1月,商品類-非耐久性消費品(不含食物),101.27,5.52
63000,111年1月,商品類-半耐久性消費品,98.32,-1.24
63000,111年1月,商品類-耐久性消費品,103.08,4.44
63000,111年1月,服務類,101.16,1.59
63000,111年1月,服務類(不含食物),100.77,1.25
63000,111年1月,服務類-外食費,103.14,3.32
63000,111年1月,服務類-衣著,99.83,-0.17
63000,111年1月,服務類-居住,101.03,1.41
63000,111年1月,服務類-交通及通訊,100.88,2.04
63000,111年1月,服務類-醫藥保健,99.99,0.25
63000,111年1月,服務類-教養娛樂,100.07,0.44
63000,111年1月,服務類-教養,100.54,1.2
63000,111年1月,服務類-娛樂,99.74,-0.08
63000,111年1月,服務類-雜項,100.99,1.54
63000,111年2月,總指數(含食物),101.14,2.11
63000,111年2月,商品類(含食物),100.83,3.94
63000,111年2月,商品類(不含食物),101.01,3.39
63000,111年2月,商品類-非耐久性消費品(含食物),101.08,4.67
63000,111年2月,商品類-非耐久性消費品(不含食物),101.86,4.59
63000,111年2月,商品類-半耐久性消費品,97.06,-0.21
63000,111年2月,商品類-耐久性消費品,103.5,4.93
63000,111年2月,服務類,101.33,1.06
63000,111年2月,服務類(不含食物),100.77,0.48
63000,111年2月,服務類-外食費,104.17,3.97
63000,111年2月,服務類-衣著,100.04,0.12
63000,111年2月,服務類-居住,100.9,0.87
63000,111年2月,服務類-交通及通訊,100.71,1.23
63000,111年2月,服務類-醫藥保健,100.3,0.27
63000,111年2月,服務類-教養娛樂,100.24,-0.32
63000,111年2月,服務類-教養,100.86,1.52
63000,111年2月,服務類-娛樂,99.82,-1.53
63000,111年2月,服務類-雜項,101.42,-0.7
63000,111年3月,總指數(含食物),101.4,2.61
63000,111年3月,商品類(含食物),101.63,4.75
63000,111年3月,商品類(不含食物),101.75,3.65
63000,111年3月,商品類-非耐久性消費品(含食物),102.35,6.12
63000,111年3月,商品類-非耐久性消費品(不含食物),103.72,5.72
63000,111年3月,商品類-半耐久性消費品,97.09,0.27
63000,111年3月,商品類-耐久性消費品,103.08,3.51
63000,111年3月,服務類,101.26,1.36
63000,111年3月,服務類(不含食物),100.64,0.74
63000,111年3月,服務類-外食費,104.44,4.54
63000,111年3月,服務類-衣著,101.37,1.23
63000,111年3月,服務類-居住,100.91,0.78
63000,111年3月,服務類-交通及通訊,100.21,1.16
63000,111年3月,服務類-醫藥保健,100.13,0.23
63000,111年3月,服務類-教養娛樂,100.02,0.24
63000,111年3月,服務類-教養,100.87,1
63000,111年3月,服務類-娛樂,99.43,-0.29
63000,111年3月,服務類-雜項,101.14,1.17
63000,111年4月,總指數(含食物),102.15,2.88
63000,111年4月,商品類(含食物),103.38,5.36
63000,111年4月,商品類(不含食物),103.37,3.51
63000,111年4月,商品類-非耐久性消費品(含食物),103.48,6.87
63000,111年4月,商品類-非耐久性消費品(不含食物),103.59,5
63000,111年4月,商品類-半耐久性消費品,103.7,1.19
63000,111年4月,商品類-耐久性消費品,102.68,3.44
63000,111年4月,服務類,101.41,1.41
63000,111年4月,服務類(不含食物),100.72,0.74
63000,111年4月,服務類-外食費,104.95,4.83
63000,111年4月,服務類-衣著,101.64,1.5
63000,111年4月,服務類-居住,101.18,0.98
63000,111年4月,服務類-交通及通訊,99.59,0.34
63000,111年4月,服務類-醫藥保健,100.13,0.23
63000,111年4月,服務類-教養娛樂,100.23,0.32
63000,111年4月,服務類-教養,100.88,1.01
63000,111年4月,服務類-娛樂,99.8,-0.13
63000,111年4月,服務類-雜項,100.91,1.03
63000,111年5月,總指數(含食物),102.06,2.79
63000,111年5月,商品類(含食物),103.56,4.95
63000,111年5月,商品類(不含食物),102.74,3.01
63000,111年5月,商品類-非耐久性消費品(含食物),104.16,6.47
63000,111年5月,商品類-非耐久性消費品(不含食物),103.27,4.46
63000,111年5月,商品類-半耐久性消費品,102.19,0.53
63000,111年5月,商品類-耐久性消費品,102.42,3.11
63000,111年5月,服務類,101.15,1.52
63000,111年5月,服務類(不含食物),100.35,0.81
63000,111年5月,服務類-外食費,105.22,5.06
63000,111年5月,服務類-衣著,102.18,2.04
63000,111年5月,服務類-居住,100.66,1.27
63000,111年5月,服務類-交通及通訊,99.54,-0.36
63000,111年5月,服務類-醫藥保健,100.16,0.21
63000,111年5月,服務類-教養娛樂,100.08,0.29
63000,111年5月,服務類-教養,100.88,1.01
63000,111年5月,服務類-娛樂,99.54,-0.19
63000,111年5月,服務類-雜項,100.3,1.13
63000,111年6月,總指數(含食物),102.5,2.96
63000,111年6月,商品類(含食物),104.21,4.77
63000,111年6月,商品類(不含食物),103.55,3.77
63000,111年6月,商品類-非耐久性消費品(含食物),105.43,6.41
63000,111年6月,商品類-非耐久性消費品(不含食物),105.88,6.74
63000,111年6月,商品類-半耐久性消費品,100.84,0.17
63000,111年6月,商品類-耐久性消費品,102.38,2.46
63000,111年6月,服務類,101.47,1.88
63000,111年6月,服務類(不含食物),100.69,0.98
63000,111年6月,服務類-外食費,105.46,6.5
63000,111年6月,服務類-衣著,102.18,2.04
63000,111年6月,服務類-居住,101.01,1.39
63000,111年6月,服務類-交通及通訊,99.83,-0.33
63000,111年6月,服務類-醫藥保健,100.28,0.31
63000,111年6月,服務類-教養娛樂,100.16,0.42
63000,111年6月,服務類-教養,100.88,1.03
63000,111年6月,服務類-娛樂,99.67,0
63000,111年6月,服務類-雜項,101.22,1.85
63000,111年7月,總指數(含食物),102.59,2.83
63000,111年7月,商品類(含食物),103.89,3.77
63000,111年7月,商品類(不含食物),103.14,2.72
63000,111年7月,商品類-非耐久性消費品(含食物),105.28,4.79
63000,111年7月,商品類-非耐久性消費品(不含食物),105.77,4.05
63000,111年7月,商品類-半耐久性消費品,99.45,1.33
63000,111年7月,商品類-耐久性消費品,102.43,1.84
63000,111年7月,服務類,101.8,2.25
63000,111年7月,服務類(不含食物),101.03,1.28
63000,111年7月,服務類-外食費,105.67,7.19
63000,111年7月,服務類-衣著,103.37,3.23
63000,111年7月,服務類-居住,101.38,1.8
63000,111年7月,服務類-交通及通訊,100.64,0.21
63000,111年7月,服務類-醫藥保健,100.36,0.38
63000,111年7月,服務類-教養娛樂,100.45,0.57
63000,111年7月,服務類-教養,100.88,1.01
63000,111年7月,服務類-娛樂,100.16,0.27
63000,111年7月,服務類-雜項,101.16,1.76
63000,111年8月,總指數(含食物),102.69,2.09
63000,111年8月,商品類(含食物),103.73,1.9
63000,111年8月,商品類(不含食物),102.92,2.09
63000,111年8月,商品類-非耐久性消費品(含食物),105.49,2.16
63000,111年8月,商品類-非耐久性消費品(不含食物),106.38,2.99
63000,111年8月,商品類-半耐久性消費品,97.82,1.1
63000,111年8月,商品類-耐久性消費品,102.2,1.52
63000,111年8月,服務類,102.06,2.19
63000,111年8月,服務類(不含食物),101.31,1.35
63000,111年8月,服務類-外食費,105.88,6.51
63000,111年8月,服務類-衣著,103.37,3.55
63000,111年8月,服務類-居住,102.11,2.1
63000,111年8月,服務類-交通及通訊,100.09,-0.31
63000,111年8月,服務類-醫藥保健,100.36,0.33
63000,111年8月,服務類-教養娛樂,100.6,0.64
63000,111年8月,服務類-教養,101.43,1.3
63000,111年8月,服務類-娛樂,100.04,0.2
63000,111年8月,服務類-雜項,100.5,1.36
63000,111年9月,總指數(含食物),103.1,2.31
63000,111年9月,商品類(含食物),104.46,2.58
63000,111年9月,商品類(不含食物),103.11,2.45
63000,111年9月,商品類-非耐久性消費品(含食物),106.57,3.04
63000,111年9月,商品類-非耐久性消費品(不含食物),106.84,3.47
63000,111年9月,商品類-半耐久性消費品,97.99,1.68
63000,111年9月,商品類-耐久性消費品,101.98,1.47
63000,111年9月,服務類,102.28,2.15
63000,111年9月,服務類(不含食物),101.5,1.31
63000,111年9月,服務類-外食費,106.25,6.44
63000,111年9月,服務類-衣著,103.37,3.55
63000,111年9月,服務類-居住,102.15,2.13
63000,111年9月,服務類-交通及通訊,99.47,-1
63000,111年9月,服務類-醫藥保健,100.44,0.33
63000,111年9月,服務類-教養娛樂,101.51,1.29
63000,111年9月,服務類-教養,101.74,1.27
63000,111年9月,服務類-娛樂,101.36,1.31
63000,111年9月,服務類-雜項,101.16,0.45
63000,111年10月,總指數(含食物),104.35,3.04
63000,111年10月,商品類(含食物),105.53,2.37
63000,111年10月,商品類(不含食物),103.93,1.9
63000,111年10月,商品類-非耐久性消費品(含食物),106.15,2.92
63000,111年10月,商品類-非耐久性消費品(不含食物),103.57,2.74
63000,111年10月,商品類-半耐久性消費品,106.87,1.53
63000,111年10月,商品類-耐久性消費品,101.65,0.89
63000,111年10月,服務類,103.63,3.45
63000,111年10月,服務類(不含食物),103.1,2.96
63000,111年10月,服務類-外食費,106.33,5.98
63000,111年10月,服務類-衣著,103.61,3.79
63000,111年10月,服務類-居住,102.18,2.16
63000,111年10月,服務類-交通及通訊,99.55,-1.04
63000,111年10月,服務類-醫藥保健,100.44,0.33
63000,111年10月,服務類-教養娛樂,110.14,9.77
63000,111年10月,服務類-教養,101.74,1.29
63000,111年10月,服務類-娛樂,115.86,15.54
63000,111年10月,服務類-雜項,100.65,0.8
63000,111年11月,總指數(含食物),104.56,2.9
63000,111年11月,商品類(含食物),104.99,1.63
63000,111年11月,商品類(不含食物),103.28,1.04
63000,111年11月,商品類-非耐久性消費品(含食物),105.8,1.89
63000,111年11月,商品類-非耐久性消費品(不含食物),103.31,1.02
63000,111年11月,商品類-半耐久性消費品,104.84,1.47
63000,111年11月,商品類-耐久性消費品,101.72,0.62
63000,111年11月,服務類,104.3,3.68
63000,111年11月,服務類(不含食物),103.88,3.35
63000,111年11月,服務類-外食費,106.42,5.31
63000,111年11月,服務類-衣著,103.61,3.68
63000,111年11月,服務類-居住,102.33,1.68
63000,111年11月,服務類-交通及通訊,99.49,-1.17
63000,111年11月,服務類-醫藥保健,100.44,0.33
63000,111年11月,服務類-教養娛樂,113.43,13.34
63000,111年11月,服務類-教養,101.61,1.15
63000,111年11月,服務類-娛樂,121.48,21.69
63000,111年11月,服務類-雜項,101.52,0.83
63000,111年12月,總指數(含食物),104.69,3.61
63000,111年12月,商品類(含食物),104.88,3.22
63000,111年12月,商品類(不含食物),102.74,1.75
63000,111年12月,商品類-非耐久性消費品(含食物),106.33,4.52
63000,111年12月,商品類-非耐久性消費品(不含食物),103.84,3.29
63000,111年12月,商品類-半耐久性消費品,102.19,0.47
63000,111年12月,商品類-耐久性消費品,101.48,0.5
63000,111年12月,服務類,104.56,3.84
63000,111年12月,服務類(不含食物),104.16,3.63
63000,111年12月,服務類-外食費,106.59,4.89
63000,111年12月,服務類-衣著,103.61,3.68
63000,111年12月,服務類-居住,102.42,1.71
63000,111年12月,服務類-交通及通訊,99.53,-1.15
63000,111年12月,服務類-醫藥保健,100.44,0.27
63000,111年12月,服務類-教養娛樂,114.91,14.78
63000,111年12月,服務類-教養,101.61,1.14
63000,111年12月,服務類-娛樂,123.98,24.14
63000,111年12月,服務類-雜項,101.03,0.83
63000,112年1月,總指數(含食物),105.61,4.53
63000,112年1月,商品類(含食物),104.7,3.86
63000,112年1月,商品類(不含食物),102.17,1.19
63000,112年1月,商品類-非耐久性消費品(含食物),106.64,5.74
63000,112年1月,商品類-非耐久性消費品(不含食物),104.01,2.71
63000,112年1月,商品類-半耐久性消費品,100.24,1.95
63000,112年1月,商品類-耐久性消費品,101.06,-1.96
63000,112年1月,服務類,106.17,4.95
63000,112年1月,服務類(不含食物),105.93,5.12
63000,112年1月,服務類-外食費,107.49,4.22
63000,112年1月,服務類-衣著,103.61,3.79
63000,112年1月,服務類-居住,102.89,1.84
63000,112年1月,服務類-交通及通訊,100.4,-0.48
63000,112年1月,服務類-醫藥保健,100.63,0.64
63000,112年1月,服務類-教養娛樂,120.96,20.88
63000,112年1月,服務類-教養,101.61,1.06
63000,112年1月,服務類-娛樂,134.06,34.41
63000,112年1月,服務類-雜項,104.74,3.71
63000,112年2月,總指數(含食物),105.07,3.89
63000,112年2月,商品類(含食物),104.01,3.15
63000,112年2月,商品類(不含食物),102.09,1.07
63000,112年2月,商品類-非耐久性消費品(含食物),105.78,4.65
63000,112年2月,商品類-非耐久性消費品(不含食物),104.3,2.4
63000,112年2月,商品類-半耐久性消費品,99.87,2.9
63000,112年2月,商品類-耐久性消費品,100.7,-2.71
63000,112年2月,服務類,105.73,4.34
63000,112年2月,服務類(不含食物),105.29,4.49
63000,112年2月,服務類-外食費,107.92,3.6
63000,112年2月,服務類-衣著,103.61,3.57
63000,112年2月,服務類-居住,103.13,2.21
63000,112年2月,服務類-交通及通訊,100.91,0.2
63000,112年2月,服務類-醫藥保健,100.54,0.24
63000,112年2月,服務類-教養娛樂,117.37,17.09
63000,112年2月,服務類-教養,101.74,0.87
63000,112年2月,服務類-娛樂,127.99,28.22
63000,112年2月,服務類-雜項,102.53,1.09
63000,112年3月,總指數(含食物),105.4,3.94
63000,112年3月,商品類(含食物),104.57,2.89
63000,112年3月,商品類(不含食物),101.92,0.17
63000,112年3月,商品類-非耐久性消費品(含食物),106.31,3.87
63000,112年3月,商品類-非耐久性消費品(不含食物),103.13,-0.57
63000,112年3月,商品類-半耐久性消費品,99.71,2.7
63000,112年3月,商品類-耐久性消費品,102,-1.05
63000,112年3月,服務類,105.92,4.6
63000,112年3月,服務類(不含食物),105.33,4.66
63000,112年3月,服務類-外食費,108.81,4.18
63000,112年3月,服務類-衣著,103.61,2.21
63000,112年3月,服務類-居住,103.21,2.28
63000,112年3月,服務類-交通及通訊,100.66,0.45
63000,112年3月,服務類-醫藥保健,100.54,0.41
63000,112年3月,服務類-教養娛樂,117.36,17.34
63000,112年3月,服務類-教養,102.46,1.58
63000,112年3月,服務類-娛樂,127.48,28.21
63000,112年3月,服務類-雜項,102.79,1.63
63000,112年4月,總指數(含食物),106.59,4.35
63000,112年4月,商品類(含食物),106.18,2.71
63000,112年4月,商品類(不含食物),103.99,0.6
63000,112年4月,商品類-非耐久性消費品(含食物),107.53,3.91
63000,112年4月,商品類-非耐久性消費品(不含食物),104.78,1.15
63000,112年4月,商品類-半耐久性消費品,104.29,0.57
63000,112年4月,商品類-耐久性消費品,102.39,-0.28
63000,112年4月,服務類,106.85,5.36
63000,112年4月,服務類(不含食物),106.2,5.44
63000,112年4月,服務類-外食費,109.99,4.8
63000,112年4月,服務類-衣著,103.61,1.94
63000,112年4月,服務類-居住,103.3,2.1
63000,112年4月,服務類-交通及通訊,101.09,1.51
63000,112年4月,服務類-醫藥保健,100.71,0.58
63000,112年4月,服務類-教養娛樂,121.42,21.14
63000,112年4月,服務類-教養,102.49,1.6
63000,112年4月,服務類-娛樂,134.23,34.5
63000,112年4月,服務類-雜項,102.79,1.86
63000,112年5月,總指數(含食物),106.17,4.03
63000,112年5月,商品類(含食物),105.72,2.09
63000,112年5月,商品類(不含食物),103.51,0.75
63000,112年5月,商品類-非耐久性消費品(含食物),107.23,2.95
63000,112年5月,商品類-非耐久性消費品(不含食物),104.67,1.36
63000,112年5月,商品類-半耐久性消費品,103.4,1.18
63000,112年5月,商品類-耐久性消費品,101.75,-0.65
63000,112年5月,服務類,106.45,5.24
63000,112年5月,服務類(不含食物),105.67,5.3
63000,112年5月,服務類-外食費,110.16,4.69
63000,112年5月,服務類-衣著,103.61,1.4
63000,112年5月,服務類-居住,103.36,2.68
63000,112年5月,服務類-交通及通訊,100.72,1.19
63000,112年5月,服務類-醫藥保健,100.67,0.51
63000,112年5月,服務類-教養娛樂,118.78,18.69
63000,112年5月,服務類-教養,102.49,1.6
63000,112年5月,服務類-娛樂,129.83,30.43
63000,112年5月,服務類-雜項,102.5,2.19
63000,112年6月,總指數(含食物),106.43,3.83
63000,112年6月,商品類(含食物),105.57,1.31
63000,112年6月,商品類(不含食物),104.48,0.9
63000,112年6月,商品類-非耐久性消費品(含食物),107.27,1.75
63000,112年6月,商品類-非耐久性消費品(不含食物),107.59,1.62
63000,112年6月,商品類-半耐久性消費品,102.27,1.42
63000,112年6月,商品類-耐久性消費品,101.79,-0.58
63000,112年6月,服務類,106.96,5.41
63000,112年6月,服務類(不含食物),106.26,5.53
63000,112年6月,服務類-外食費,110.33,4.62
63000,112年6月,服務類-衣著,103.61,1.4
63000,112年6月,服務類-居住,103.52,2.48
63000,112年6月,服務類-交通及通訊,101.23,1.4
63000,112年6月,服務類-醫藥保健,100.71,0.43
63000,112年6月,服務類-教養娛樂,120.87,20.68
63000,112年6月,服務類-教養,102.49,1.6
63000,112年6月,服務類-娛樂,133.32,33.76
63000,112年6月,服務類-雜項,103.18,1.94
63000,112年7月,總指數(含食物),106.94,4.24
63000,112年7月,商品類(含食物),105.55,1.6
63000,112年7月,商品類(不含食物),104.32,1.14
63000,112年7月,商品類-非耐久性消費品(含食物),107.65,2.25
63000,112年7月,商品類-非耐久性消費品(不含食物),108.3,2.39
63000,112年7月,商品類-半耐久性消費品,101.28,1.84
63000,112年7月,商品類-耐久性消費品,101.11,-1.29
63000,112年7月,服務類,107.79,5.88
63000,112年7月,服務類(不含食物),107.22,6.13
63000,112年7月,服務類-外食費,110.61,4.67
63000,112年7月,服務類-衣著,106.21,2.75
63000,112年7月,服務類-居住,103.8,2.39
63000,112年7月,服務類-交通及通訊,101.38,0.74
63000,112年7月,服務類-醫藥保健,106.36,5.98
63000,112年7月,服務類-教養娛樂,123.31,22.76
63000,112年7月,服務類-教養,103.34,2.44
63000,112年7月,服務類-娛樂,136.82,36.6
63000,112年7月,服務類-雜項,102.85,1.67
63000,112年8月,總指數(含食物),107.47,4.65
63000,112年8月,商品類(含食物),107.42,3.56
63000,112年8月,商品類(不含食物),104.83,1.86
63000,112年8月,商品類-非耐久性消費品(含食物),110.64,4.88
63000,112年8月,商品類-非耐久性消費品(不含食物),109.93,3.34
63000,112年8月,商品類-半耐久性消費品,99.93,2.16
63000,112年8月,商品類-耐久性消費品,101.65,-0.54
63000,112年8月,服務類,107.51,5.34
63000,112年8月,服務類(不含食物),106.82,5.44
63000,112年8月,服務類-外食費,110.81,4.66
63000,112年8月,服務類-衣著,108.05,4.53
63000,112年8月,服務類-居住,103.96,1.81
63000,112年8月,服務類-交通及通訊,101.22,1.13
63000,112年8月,服務類-醫藥保健,106.36,5.98
63000,112年8月,服務類-教養娛樂,120.81,20.09
63000,112年8月,服務類-教養,103.34,1.88
63000,112年8月,服務類-娛樂,132.66,32.61
63000,112年8月,服務類-雜項,102.85,2.34
63000,112年9月,總指數(含食物),108.02,4.77
63000,112年9月,商品類(含食物),108.99,4.34
63000,112年9月,商品類(不含食物),104.94,1.77
63000,112年9月,商品類-非耐久性消費品(含食物),112.9,5.94
63000,112年9月,商品類-非耐久性消費品(不含食物),109.87,2.84
63000,112年9月,商品類-半耐久性消費品,100.18,2.23
63000,112年9月,商品類-耐久性消費品,101.87,-0.11
63000,112年9月,服務類,107.43,5.04
63000,112年9月,服務類(不含食物),106.65,5.07
63000,112年9月,服務類-外食費,111.1,4.56
63000,112年9月,服務類-衣著,107.86,4.34
63000,112年9月,服務類-居住,103.97,1.78
63000,112年9月,服務類-交通及通訊,100.86,1.4
63000,112年9月,服務類-醫藥保健,106.36,5.89
63000,112年9月,服務類-教養娛樂,119.55,17.77
63000,112年9月,服務類-教養,103.9,2.12
63000,112年9月,服務類-娛樂,130.18,28.43
63000,112年9月,服務類-雜項,104.35,3.15
63000,112年10月,總指數(含食物),108.36,3.84
63000,112年10月,商品類(含食物),109.57,3.83
63000,112年10月,商品類(不含食物),105.13,1.15
63000,112年10月,商品類-非耐久性消費品(含食物),111.91,5.43
63000,112年10月,商品類-非耐久性消費品(不含食物),105.54,1.9
63000,112年10月,商品類-半耐久性消費品,107.54,0.63
63000,112年10月,商品類-耐久性消費品,102.21,0.55
63000,112年10月,服務類,107.62,3.85
63000,112年10月,服務類(不含食物),106.83,3.62
63000,112年10月,服務類-外食費,111.39,4.76
63000,112年10月,服務類-衣著,107.86,4.1
63000,112年10月,服務類-居住,104,1.78
63000,112年10月,服務類-交通及通訊,101.13,1.59
63000,112年10月,服務類-醫藥保健,106.36,5.89
63000,112年10月,服務類-教養娛樂,120.57,9.47
63000,112年10月,服務類-教養,103.9,2.12
63000,112年10月,服務類-娛樂,131.89,13.84
63000,112年10月,服務類-雜項,103.45,2.78
63000,112年11月,總指數(含食物),107.96,3.25
63000,112年11月,商品類(含食物),108.5,3.34
63000,112年11月,商品類(不含食物),104.09,0.78
63000,112年11月,商品類-非耐久性消費品(含食物),110.71,4.64
63000,112年11月,商品類-非耐久性消費品(不含食物),104.19,0.85
63000,112年11月,商品類-半耐久性消費品,105.56,0.69
63000,112年11月,商品類-耐久性消費品,102.44,0.71
63000,112年11月,服務類,107.64,3.2
63000,112年11月,服務類(不含食物),106.81,2.82
63000,112年11月,服務類-外食費,111.53,4.8
63000,112年11月,服務類-衣著,107.86,4.1
63000,112年11月,服務類-居住,104.01,1.64
63000,112年11月,服務類-交通及通訊,101.03,1.55
63000,112年11月,服務類-醫藥保健,106.36,5.89
63000,112年11月,服務類-教養娛樂,120.28,6.04
63000,112年11月,服務類-教養,103.9,2.25
63000,112年11月,服務類-娛樂,131.41,8.17
63000,112年11月,服務類-雜項,104.04,2.48
63000,112年12月,總指數(含食物),107.67,2.85
63000,112年12月,商品類(含食物),107.48,2.48
63000,112年12月,商品類(不含食物),104.08,1.3
63000,112年12月,商品類-非耐久性消費品(含食物),109.63,3.1
63000,112年12月,商品類-非耐久性消費品(不含食物),105.36,1.46
63000,112年12月,商品類-半耐久性消費品,103.68,1.46
63000,112年12月,商品類-耐久性消費品,102.4,0.91
63000,112年12月,服務類,107.79,3.09
63000,112年12月,服務類(不含食物),106.97,2.7
63000,112年12月,服務類-外食費,111.68,4.78
63000,112年12月,服務類-衣著,107.86,4.1
63000,112年12月,服務類-居住,104.12,1.66
63000,112年12月,服務類-交通及通訊,101.07,1.55
63000,112年12月,服務類-醫藥保健,106.36,5.89
63000,112年12月,服務類-教養娛樂,120.75,5.08
63000,112年12月,服務類-教養,103.9,2.25
63000,112年12月,服務類-娛樂,132.18,6.61
63000,112年12月,服務類-雜項,104.04,2.98
63000,113年1月,總指數(含食物),107.45,1.74
63000,113年1月,商品類(含食物),106.77,1.98
63000,113年1月,商品類(不含食物),103.32,1.13
63000,113年1月,商品類-非耐久性消費品(含食物),109.12,2.33
63000,113年1月,商品類-非耐久性消費品(不含食物),105.02,0.97
63000,113年1月,商品類-半耐久性消費品,101.32,1.08
63000,113年1月,商品類-耐久性消費品,102.48,1.41
63000,113年1月,服務類,107.87,1.6
63000,113年1月,服務類(不含食物),107.04,1.05
63000,113年1月,服務類-外食費,111.78,3.99
63000,113年1月,服務類-衣著,107.86,4.1
63000,113年1月,服務類-居住,104.23,1.3
63000,113年1月,服務類-交通及通訊,101.28,0.88
63000,113年1月,服務類-醫藥保健,106.42,5.75
63000,113年1月,服務類-教養娛樂,120.51,-0.37
63000,113年1月,服務類-教養,103.9,2.25
63000,113年1月,服務類-娛樂,131.78,-1.7
63000,113年1月,服務類-雜項,104.45,-0.28
63000,113年2月,總指數(含食物),107.77,2.57
63000,113年2月,商品類(含食物),106.52,2.41
63000,113年2月,商品類(不含食物),103.19,1.08
63000,113年2月,商品類-非耐久性消費品(含食物),108.98,3.03
63000,113年2月,商品類-非耐久性消費品(不含食物),105.33,0.99
63000,113年2月,商品類-半耐久性消費品,100.57,0.7
63000,113年2月,商品類-耐久性消費品,102.27,1.56
63000,113年2月,服務類,108.54,2.66
63000,113年2月,服務類(不含食物),107.77,2.36
63000,113年2月,服務類-外食費,112.2,3.97
63000,113年2月,服務類-衣著,107.86,4.1
63000,113年2月,服務類-居住,104.37,1.2
63000,113年2月,服務類-交通及通訊,101.95,1.03
63000,113年2月,服務類-醫藥保健,106.63,6.06
63000,113年2月,服務類-教養娛樂,122.41,4.29
63000,113年2月,服務類-教養,104.89,3.1
63000,113年2月,服務類-娛樂,134.3,4.93
63000,113年2月,服務類-雜項,107.22,4.57
63000,113年3月,總指數(含食物),107.58,2.07
63000,113年3月,商品類(含食物),106.37,1.72
63000,113年3月,商品類(不含食物),103.42,1.47
63000,113年3月,商品類-非耐久性消費品(含食物),108.64,2.19
63000,113年3月,商品類-非耐久性消費品(不含食物),105.57,2.37
63000,113年3月,商品類-半耐久性消費品,100.71,1
63000,113年3月,商品類-耐久性消費品,102.56,0.55
63000,113年3月,服務類,108.33,2.28
63000,113年3月,服務類(不含食物),107.47,2.03
63000,113年3月,服務類-外食費,112.42,3.32
63000,113年3月,服務類-衣著,109.88,6.05
63000,113年3月,服務類-居住,104.41,1.16
63000,113年3月,服務類-交通及通訊,101.71,1.04
63000,113年3月,服務類-醫藥保健,106.74,6.17
63000,113年3月,服務類-教養娛樂,121.56,3.58
63000,113年3月,服務類-教養,105.18,2.65
63000,113年3月,服務類-娛樂,132.68,4.08
63000,113年3月,服務類-雜項,105.22,2.36
63000,113年4月,總指數(含食物),108.06,1.38
63000,113年4月,商品類(含食物),107.35,1.1
63000,113年4月,商品類(不含食物),104.52,0.51
63000,113年4月,商品類-非耐久性消費品(含食物),109.13,1.49
63000,113年4月,商品類-非耐久性消費品(不含食物),105.6,0.78
63000,113年4月,商品類-半耐久性消費品,104.55,0.25
63000,113年4月,商品類-耐久性消費品,102.75,0.35
63000,113年4月,服務類,108.5,1.54
63000,113年4月,服務類(不含食物),107.7,1.41
63000,113年4月,服務類-外食費,112.27,2.07
63000,113年4月,服務類-衣著,109.69,5.87
63000,113年4月,服務類-居住,104.45,1.11
63000,113年4月,服務類-交通及通訊,101.96,0.86
63000,113年4月,服務類-醫藥保健,107.13,6.37
63000,113年4月,服務類-教養娛樂,122.43,0.83
63000,113年4月,服務類-教養,105.18,2.62
63000,113年4月,服務類-娛樂,134.13,-0.07
63000,113年4月,服務類-雜項,105.22,2.36
63000,113年5月,總指數(含食物),108.15,1.86
63000,113年5月,商品類(含食物),107.66,1.84
63000,113年5月,商品類(不含食物),104.74,1.19
63000,113年5月,商品類-非耐久性消費品(含食物),109.7,2.3
63000,113年5月,商品類-非耐久性消費品(不含食物),106.36,1.61
63000,113年5月,商品類-半耐久性消費品,104.2,0.77
63000,113年5月,商品類-耐久性消費品,102.7,0.93
63000,113年5月,服務類,108.45,1.88
63000,113年5月,服務類(不含食物),107.63,1.85
63000,113年5月,服務類-外食費,112.35,1.99
63000,113年5月,服務類-衣著,111.78,7.89
63000,113年5月,服務類-居住,104.56,1.16
63000,113年5月,服務類-交通及通訊,101.91,1.18
63000,113年5月,服務類-醫藥保健,107.13,6.42
63000,113年5月,服務類-教養娛樂,122.04,2.74
63000,113年5月,服務類-教養,105.2,2.64
63000,113年5月,服務類-娛樂,133.47,2.8
63000,113年5月,服務類-雜項,104.38,1.83
63000,113年6月,總指數(含食物),108.38,1.83
63000,113年6月,商品類(含食物),107.42,1.75
63000,113年6月,商品類(不含食物),105.49,0.97
63000,113年6月,商品類-非耐久性消費品(含食物),109.98,2.53
63000,113年6月,商品類-非耐久性消費品(不含食物),109.72,1.98
63000,113年6月,商品類-半耐久性消費品,102.62,0.34
63000,113年6月,商品類-耐久性消費品,101.74,-0.05
63000,113年6月,服務類,108.98,1.89
63000,113年6月,服務類(不含食物),108.09,1.72
63000,113年6月,服務類-外食費,113.17,2.57
63000,113年6月,服務類-衣著,111.78,7.89
63000,113年6月,服務類-居住,104.62,1.06
63000,113年6月,服務類-交通及通訊,102.14,0.9
63000,113年6月,服務類-醫藥保健,108.52,7.75
63000,113年6月,服務類-教養娛樂,123.22,1.94
63000,113年6月,服務類-教養,105.2,2.64
63000,113年6月,服務類-娛樂,135.43,1.58
63000,113年6月,服務類-雜項,105.62,2.36
63000,113年7月,總指數(含食物),108.72,1.66
63000,113年7月,商品類(含食物),107.79,2.12
63000,113年7月,商品類(不含食物),105.31,0.95
63000,113年7月,商品類-非耐久性消費品(含食物),110.67,2.81
63000,113年7月,商品類-非耐久性消費品(不含食物),109.66,1.26
63000,113年7月,商品類-半耐久性消費品,101.68,0.39
63000,113年7月,商品類-耐久性消費品,102.09,0.97
63000,113年7月,服務類,109.3,1.4
63000,113年7月,服務類(不含食物),108.41,1.11
63000,113年7月,服務類-外食費,113.47,2.59
63000,113年7月,服務類-衣著,111.78,5.24
63000,113年7月,服務類-居住,104.76,0.92
63000,113年7月,服務類-交通及通訊,102.21,0.82
63000,113年7月,服務類-醫藥保健,108.52,2.03
63000,113年7月,服務類-教養娛樂,124.66,1.09
63000,113年7月,服務類-教養,105.2,1.8
63000,113年7月,服務類-娛樂,137.84,0.75
63000,113年7月,服務類-雜項,105.24,2.32
63000,113年8月,總指數(含食物),109.45,1.84
63000,113年8月,商品類(含食物),109.88,2.29
63000,113年8月,商品類(不含食物),105.34,0.49
63000,113年8月,商品類-非耐久性消費品(含食物),114.09,3.12
63000,113年8月,商品類-非耐久性消費品(不含食物),110.45,0.47
63000,113年8月,商品類-半耐久性消費品,100.88,0.95
63000,113年8月,商品類-耐久性消費品,101.78,0.13
63000,113年8月,服務類,109.19,1.56
63000,113年8月,服務類(不含食物),108.23,1.32
63000,113年8月,服務類-外食費,113.65,2.56
63000,113年8月,服務類-衣著,111.78,3.45
63000,113年8月,服務類-居住,104.8,0.81
63000,113年8月,服務類-交通及通訊,101.89,0.66
63000,113年8月,服務類-醫藥保健,109.08,2.56
63000,113年8月,服務類-教養娛樂,123.6,2.31
63000,113年8月,服務類-教養,105.38,1.97
63000,113年8月,服務類-娛樂,135.95,2.48
63000,113年8月,服務類-雜項,105.25,2.33
63000,113年9月,總指數(含食物),109.64,1.5
63000,113年9月,商品類(含食物),110.52,1.4
63000,113年9月,商品類(不含食物),105.08,0.13
63000,113年9月,商品類-非耐久性消費品(含食物),115.11,1.96
63000,113年9月,商品類-非耐久性消費品(不含食物),109.98,0.1
63000,113年9月,商品類-半耐久性消費品,100.48,0.3
63000,113年9月,商品類-耐久性消費品,101.93,0.06
63000,113年9月,服務類,109.1,1.55
63000,113年9月,服務類(不含食物),108.08,1.34
63000,113年9月,服務類-外食費,113.89,2.51
63000,113年9月,服務類-衣著,113.98,5.67
63000,113年9月,服務類-居住,104.87,0.87
63000,113年9月,服務類-交通及通訊,101.72,0.85
63000,113年9月,服務類-醫藥保健,109.22,2.69
63000,113年9月,服務類-教養娛樂,122.41,2.39
63000,113年9月,服務類-教養,105.69,1.72
63000,113年9月,服務類-娛樂,133.75,2.74
63000,113年9月,服務類-雜項,105.76,1.35
63000,113年10月,總指數(含食物),109.79,1.32
63000,113年10月,商品類(含食物),111.01,1.31
63000,113年10月,商品類(不含食物),105.09,-0.04
63000,113年10月,商品類-非耐久性消費品(含食物),114.29,2.13
63000,113年10月,商品類-非耐久性消費品(不含食物),105.98,0.42
63000,113年10月,商品類-半耐久性消費品,106.38,-1.08
63000,113年10月,商品類-耐久性消費品,102.45,0.23
63000,113年10月,服務類,109.04,1.32
63000,113年10月,服務類(不含食物),107.95,1.05
63000,113年10月,服務類-外食費,114.09,2.42
63000,113年10月,服務類-衣著,113.98,5.67
63000,113年10月,服務類-居住,104.88,0.85
63000,113年10月,服務類-交通及通訊,101.6,0.46
63000,113年10月,服務類-醫藥保健,109.43,2.89
63000,113年10月,服務類-教養娛樂,122.06,1.24
63000,113年10月,服務類-教養,105.69,1.72
63000,113年10月,服務類-娛樂,133.18,0.98
63000,113年10月,服務類-雜項,104.89,1.39
63000,113年11月,總指數(含食物),109.98,1.87
63000,113年11月,商品類(含食物),111.02,2.32
63000,113年11月,商品類(不含食物),104.23,0.13
63000,113年11月,商品類-非耐久性消費品(含食物),114.71,3.61
63000,113年11月,商品類-非耐久性消費品(不含食物),105.02,0.8
63000,113年11月,商品類-半耐久性消費品,105,-0.53
63000,113年11月,商品類-耐久性消費品,102.21,-0.22
63000,113年11月,服務類,109.34,1.58
63000,113年11月,服務類(不含食物),108.16,1.26
63000,113年11月,服務類-外食費,114.77,2.91
63000,113年11月,服務類-衣著,113.98,5.67
63000,113年11月,服務類-居住,105.29,1.23
63000,113年11月,服務類-交通及通訊,101.7,0.66
63000,113年11月,服務類-醫藥保健,109.43,2.89
63000,113年11月,服務類-教養娛樂,121.67,1.16
63000,113年11月,服務類-教養,106.29,2.3
63000,113年11月,服務類-娛樂,132.13,0.55
63000,113年11月,服務類-雜項,105.46,1.36
63000,113年12月,總指數(含食物),109.78,1.96
63000,113年12月,商品類(含食物),110.22,2.55
63000,113年12月,商品類(不含食物),103.83,-0.24
63000,113年12月,商品類-非耐久性消費品(含食物),114.13,4.1
63000,113年12月,商品類-非耐久性消費品(不含食物),105.73,0.35
63000,113年12月,商品類-半耐久性消費品,102.57,-1.07
63000,113年12月,商品類-耐久性消費品,102.03,-0.36
63000,113年12月,服務類,109.51,1.6
63000,113年12月,服務類(不含食物),108.34,1.28
63000,113年12月,服務類-外食費,114.95,2.93
63000,113年12月,服務類-衣著,113.98,5.67
63000,113年12月,服務類-居住,105.34,1.17
63000,113年12月,服務類-交通及通訊,101.7,0.62
63000,113年12月,服務類-醫藥保健,109.43,2.89
63000,113年12月,服務類-教養娛樂,122.5,1.45
63000,113年12月,服務類-教養,106.29,2.3
63000,113年12月,服務類-娛樂,133.5,1
63000,113年12月,服務類-雜項,105.47,1.37
63000,114年1月,總指數(含食物),110.42,2.76
63000,114年1月,商品類(含食物),109.23,2.3
63000,114年1月,商品類(不含食物),103.44,0.12
63000,114年1月,商品類-非耐久性消費品(含食物),113.19,3.73
63000,114年1月,商品類-非耐久性消費品(不含食物),106.24,1.16
63000,114年1月,商品類-半耐久性消費品,100.32,-0.99
63000,114年1月,商品類-耐久性消費品,102,-0.47
63000,114年1月,服務類,111.16,3.05
63000,114年1月,服務類(不含食物),110.2,2.95
63000,114年1月,服務類-外食費,115.67,3.48
63000,114年1月,服務類-衣著,113.98,5.67
63000,114年1月,服務類-居住,105.81,1.52
63000,114年1月,服務類-交通及通訊,102.77,1.47
63000,114年1月,服務類-醫藥保健,109.79,3.17
63000,114年1月,服務類-教養娛樂,128.88,6.95
63000,114年1月,服務類-教養,106.61,2.61
63000,114年1月,服務類-娛樂,143.94,9.23
63000,114年1月,服務類-雜項,108.99,4.35
63000,114年2月,總指數(含食物),109.75,1.84
63000,114年2月,商品類(含食物),108.75,2.09
63000,114年2月,商品類(不含食物),103.57,0.37
63000,114年2月,商品類-非耐久性消費品(含食物),112.47,3.2
63000,114年2月,商品類-非耐久性消費品(不含食物),106.56,1.17
63000,114年2月,商品類-半耐久性消費品,99.32,-1.24
63000,114年2月,商品類-耐久性消費品,102.9,0.62
63000,114年2月,服務類,110.37,1.69
63000,114年2月,服務類(不含食物),109.02,1.16
63000,114年2月,服務類-外食費,116.57,3.89
63000,114年2月,服務類-衣著,113.98,5.67
63000,114年2月,服務類-居住,106.1,1.66
63000,114年2月,服務類-交通及通訊,101.59,-0.35
63000,114年2月,服務類-醫藥保健,110.21,3.36
63000,114年2月,服務類-教養娛樂,123.41,0.82
63000,114年2月,服務類-教養,107.08,2.09
63000,114年2月,服務類-娛樂,134.5,0.15
63000,114年2月,服務類-雜項,106.15,-1
63000,114年3月,總指數(含食物),109.96,2.21
63000,114年3月,商品類(含食物),109.1,2.57
63000,114年3月,商品類(不含食物),103.28,-0.14
63000,114年3月,商品類-非耐久性消費品(含食物),113.15,4.15
63000,114年3月,商品類-非耐久性消費品(不含食物),106.27,0.66
63000,114年3月,商品類-半耐久性消費品,98.44,-2.25
63000,114年3月,商品類-耐久性消費品,103.11,0.54
63000,114年3月,服務類,110.5,2
63000,114年3月,服務類(不含食物),109.05,1.47
63000,114年3月,服務類-外食費,117.14,4.2
63000,114年3月,服務類-衣著,113.98,3.73
63000,114年3月,服務類-居住,106.12,1.64
63000,114年3月,服務類-交通及通訊,101.5,-0.21
63000,114年3月,服務類-醫藥保健,110.17,3.21
63000,114年3月,服務類-教養娛樂,123.36,1.48
63000,114年3月,服務類-教養,107.13,1.85
63000,114年3月,服務類-娛樂,134.39,1.29
63000,114年3月,服務類-雜項,106.69,1.4
63000,114年4月,總指數(含食物),110.24,2.02
63000,114年4月,商品類(含食物),109.56,2.06
63000,114年4月,商品類(不含食物),104.3,-0.21
63000,114年4月,商品類-非耐久性消費品(含食物),112.75,3.32
63000,114年4月,商品類-非耐久性消費品(不含食物),105.84,0.23
63000,114年4月,商品類-半耐久性消費品,102.55,-1.91
63000,114年4月,商品類-耐久性消費品,103.47,0.7
63000,114年4月,服務類,110.66,1.99
63000,114年4月,服務類(不含食物),109.23,1.42
63000,114年4月,服務類-外食費,117.23,4.42
63000,114年4月,服務類-衣著,119.03,8.51
63000,114年4月,服務類-居住,106.13,1.61
63000,114年4月,服務類-交通及通訊,101.65,-0.3
63000,114年4月,服務類-醫藥保健,110.01,2.69
63000,114年4月,服務類-教養娛樂,124.21,1.45
63000,114年4月,服務類-教養,107.13,1.85
63000,114年4月,服務類-娛樂,135.81,1.25
63000,114年4月,服務類-雜項,106.69,1.4
63000,114年5月,總指數(含食物),110.02,1.73
63000,114年5月,商品類(含食物),108.57,0.85
63000,114年5月,商品類(不含食物),103.58,-1.11
63000,114年5月,商品類-非耐久性消費品(含食物),111.43,1.58
63000,114年5月,商品類-非耐久性消費品(不含食物),104.6,-1.65
63000,114年5月,商品類-半耐久性消費品,101.93,-2.18
63000,114年5月,商品類-耐久性消費品,103.42,0.7
63000,114年5月,服務類,110.91,2.27
63000,114年5月,服務類(不含食物),109.49,1.73
63000,114年5月,服務類-外食費,117.44,4.53
63000,114年5月,服務類-衣著,119.03,6.49
63000,114年5月,服務類-居住,106.62,1.97
63000,114年5月,服務類-交通及通訊,101.69,-0.22
63000,114年5月,服務類-醫藥保健,110.38,3.03
63000,114年5月,服務類-教養娛樂,124.09,1.68
63000,114年5月,服務類-教養,107.13,1.83
63000,114年5月,服務類-娛樂,135.6,1.6
63000,114年5月,服務類-雜項,106.45,1.98
63000,114年6月,總指數(含食物),110.11,1.6
63000,114年6月,商品類(含食物),108.56,1.06
63000,114年6月,商品類(不含食物),104.59,-0.85
63000,114年6月,商品類-非耐久性消費品(含食物),111.72,1.58
63000,114年6月,商品類-非耐久性消費品(不含食物),107.74,-1.8
63000,114年6月,商品類-半耐久性消費品,100.89,-1.69
63000,114年6月,商品類-耐久性消費品,103.19,1.43
63000,114年6月,服務類,111.07,1.92
63000,114年6月,服務類(不含食物),109.63,1.42
63000,114年6月,服務類-外食費,117.69,3.99
63000,114年6月,服務類-衣著,121.27,8.49
63000,114年6月,服務類-居住,106.64,1.93
63000,114年6月,服務類-交通及通訊,102.52,0.37
63000,114年6月,服務類-醫藥保健,110.38,1.71
63000,114年6月,服務類-教養娛樂,124.26,0.84
63000,114年6月,服務類-教養,107.13,1.83
63000,114年6月,服務類-娛樂,135.89,0.34
63000,114年6月,服務類-雜項,106.44,0.78
63000,114年7月,總指數(含食物),110.81,1.92
63000,114年7月,商品類(含食物),108.97,1.09
63000,114年7月,商品類(不含食物),104.29,-0.97
63000,114年7月,商品類-非耐久性消費品(含食物),112.63,1.77
63000,114年7月,商品類-非耐久性消費品(不含食物),107.78,-1.71
63000,114年7月,商品類-半耐久性消費品,99.64,-2.01
63000,114年7月,商品類-耐久性消費品,103.26,1.15
63000,114年7月,服務類,111.94,2.42
63000,114年7月,服務類(不含食物),110.55,1.98
63000,114年7月,服務類-外食費,118.33,4.28
63000,114年7月,服務類-衣著,121.27,8.49
63000,114年7月,服務類-居住,106.73,1.88
63000,114年7月,服務類-交通及通訊,102.82,0.6
63000,114年7月,服務類-醫藥保健,110.51,1.83
63000,114年7月,服務類-教養娛樂,128.69,3.23
63000,114年7月,服務類-教養,107.13,1.83
63000,114年7月,服務類-娛樂,143.27,3.94
63000,114年7月,服務類-雜項,106.47,1.17
63000,114年8月,總指數(含食物),111.24,1.64
63000,114年8月,商品類(含食物),110.68,0.73
63000,114年8月,商品類(不含食物),104.11,-1.17
63000,114年8月,商品類-非耐久性消費品(含食物),115.53,1.26
63000,114年8月,商品類-非耐久性消費品(不含食物),108.23,-2.01
63000,114年8月,商品類-半耐久性消費品,98.66,-2.2
63000,114年8月,商品類-耐久性消費品,102.88,1.08
63000,114年8月,服務類,111.59,2.2
63000,114年8月,服務類(不含食物),110.1,1.73
63000,114年8月,服務類-外食費,118.44,4.21
63000,114年8月,服務類-衣著,121.27,8.49
63000,114年8月,服務類-居住,106.76,1.87
63000,114年8月,服務類-交通及通訊,102.6,0.7
63000,114年8月,服務類-醫藥保健,110.54,1.34
63000,114年8月,服務類-教養娛樂,126.3,2.18
63000,114年8月,服務類-教養,107.34,1.86
63000,114年8月,服務類-娛樂,139.15,2.35
63000,114年8月,服務類-雜項,106.48,1.17
63000,114年9月,總指數(含食物),111.01,1.25
63000,114年9月,商品類(含食物),110.53,0.01
63000,114年9月,商品類(不含食物),104.32,-0.72
63000,114年9月,商品類-非耐久性消費品(含食物),115.38,0.23
63000,114年9月,商品類-非耐久性消費品(不含食物),108.89,-0.99
63000,114年9月,商品類-半耐久性消費品,98.68,-1.79
63000,114年9月,商品類-耐久性消費品,102.59,0.65
63000,114年9月,服務類,111.3,2.02
63000,114年9月,服務類(不含食物),109.7,1.5
63000,114年9月,服務類-外食費,118.64,4.17
63000,114年9月,服務類-衣著,121.27,6.4
63000,114年9月,服務類-居住,106.85,1.89
63000,114年9月,服務類-交通及通訊,102.18,0.45
63000,114年9月,服務類-醫藥保健,110.54,1.21
63000,114年9月,服務類-教養娛樂,124.16,1.43
63000,114年9月,服務類-教養,107.39,1.61
63000,114年9月,服務類-娛樂,135.55,1.35
63000,114年9月,服務類-雜項,106.48,0.68
63000,114年10月,總指數(含食物),111.42,1.48
63000,114年10月,商品類(含食物),111.08,0.06
63000,114年10月,商品類(不含食物),105.21,0.11
63000,114年10月,商品類-非耐久性消費品(含食物),114.07,-0.19
63000,114年10月,商品類-非耐久性消費品(不含食物),105.41,-0.54
63000,114年10月,商品類-半耐久性消費品,106.88,0.47
63000,114年10月,商品類-耐久性消費品,103.24,0.77
63000,114年10月,服務類,111.64,2.38
63000,114年10月,服務類(不含食物),110.06,1.95
63000,114年10月,服務類-外食費,118.85,4.17
63000,114年10月,服務類-衣著,121.27,6.4
63000,114年10月,服務類-居住,107.06,2.08
63000,114年10月,服務類-交通及通訊,102.43,0.82
63000,114年10月,服務類-醫藥保健,110.54,1.01
63000,114年10月,服務類-教養娛樂,125.32,2.67
63000,114年10月,服務類-教養,107.39,1.61
63000,114年10月,服務類-娛樂,137.48,3.23
63000,114年10月,服務類-雜項,106.45,1.49
63000,114年11月,總指數(含食物),111.15,1.06
63000,114年11月,商品類(含食物),110.59,-0.39
63000,114年11月,商品類(不含食物),104.17,-0.06
63000,114年11月,商品類-非耐久性消費品(含食物),113.8,-0.79
63000,114年11月,商品類-非耐久性消費品(不含食物),104.22,-0.76
63000,114年11月,商品類-半耐久性消費品,104.73,-0.26
63000,114年11月,商品類-耐久性消費品,103.42,1.18
63000,114年11月,服務類,111.5,1.98
63000,114年11月,服務類(不含食物),109.84,1.55
63000,114年11月,服務類-外食費,119.1,3.77
63000,114年11月,服務類-衣著,121.27,6.4
63000,114年11月,服務類-居住,107.15,1.77
63000,114年11月,服務類-交通及通訊,102.25,0.54
63000,114年11月,服務類-醫藥保健,110.54,1.01
63000,114年11月,服務類-教養娛樂,123.92,1.85
63000,114年11月,服務類-教養,107.39,1.03
63000,114年11月,服務類-娛樂,135.14,2.28
63000,114年11月,服務類-雜項,106.57,1.05
63000,114年12月,總指數(含食物),110.99,1.1
63000,114年12月,商品類(含食物),109.82,-0.36
63000,114年12月,商品類(不含食物),103.96,0.13
63000,114年12月,商品類-非耐久性消費品(含食物),112.96,-1.03
63000,114年12月,商品類-非耐久性消費品(不含食物),104.58,-1.09
63000,114年12月,商品類-半耐久性消費品,103.36,0.77
63000,114年12月,商品類-耐久性消費品,103.44,1.38
63000,114年12月,服務類,111.72,2.02
63000,114年12月,服務類(不含食物),110.12,1.64
63000,114年12月,服務類-外食費,119.04,3.56
63000,114年12月,服務類-衣著,121.27,6.4
63000,114年12月,服務類-居住,107.24,1.8
63000,114年12月,服務類-交通及通訊,102.04,0.33
63000,114年12月,服務類-醫藥保健,110.54,1.01
63000,114年12月,服務類-教養娛樂,125.29,2.28
63000,114年12月,服務類-教養,107.39,1.03
63000,114年12月,服務類-娛樂,137.43,2.94
63000,114年12月,服務類-雜項,106.57,1.04
63000,115年1月,總指數(含食物),111.03,0.55
63000,115年1月,商品類(含食物),109.38,0.14
63000,115年1月,商品類(不含食物),103.6,0.15
63000,115年1月,商品類-非耐久性消費品(含食物),112.75,-0.39
63000,115年1月,商品類-非耐久性消費品(不含食物),104.92,-1.24
63000,115年1月,商品類-半耐久性消費品,101.06,0.74
63000,115年1月,商品類-耐久性消費品,103.8,1.76
63000,115年1月,服務類,112.06,0.81
63000,115年1月,服務類(不含食物),110.41,0.19
63000,115年1月,服務類-外食費,119.59,3.39
63000,115年1月,服務類-衣著,121.29,6.41
63000,115年1月,服務類-居住,107.73,1.81
63000,115年1月,服務類-交通及通訊,102.51,-0.25
63000,115年1月,服務類-醫藥保健,110.6,0.74
63000,115年1月,服務類-教養娛樂,125.17,-2.88
63000,115年1月,服務類-教養,108.11,1.41
63000,115年1月,服務類-娛樂,136.75,-5
63000,115年1月,服務類-雜項,106.27,-2.5
63000,115年2月,總指數(含食物),111.3,1.41
63000,115年2月,商品類(含食物),108.95,0.18
63000,115年2月,商品類(不含食物),103.82,0.24
63000,115年2月,商品類-非耐久性消費品(含食物),112.02,-0.4
63000,115年2月,商品類-非耐久性消費品(不含食物),105.22,-1.26
63000,115年2月,商品類-半耐久性消費品,100.34,1.03
63000,115年2月,商品類-耐久性消費品,104.75,1.8
63000,115年2月,服務類,112.75,2.16
63000,115年2月,服務類(不含食物),111.2,2
63000,115年2月,服務類-外食費,119.83,2.8
63000,115年2月,服務類-衣著,121.27,6.4
63000,115年2月,服務類-居住,107.89,1.69
63000,115年2月,服務類-交通及通訊,103.16,1.55
63000,115年2月,服務類-醫藥保健,110.87,0.6
63000,115年2月,服務類-教養娛樂,127.31,3.16
63000,115年2月,服務類-教養,108.41,1.24
63000,115年2月,服務類-娛樂,140.12,4.18
63000,115年2月,服務類-雜項,109.15,2.83
63000,115年3月,總指數(含食物),111.18,1.11
63000,115年3月,商品類(含食物),109.14,0.04
63000,115年3月,商品類(不含食物),104.54,1.22
63000,115年3月,商品類-非耐久性消費品(含食物),112.39,-0.67
63000,115年3月,商品類-非耐久性消費品(不含食物),107.09,0.77
63000,115年3月,商品類-半耐久性消費品,99.42,1
63000,115年3月,商品類-耐久性消費品,105.27,2.09
63000,115年3月,服務類,112.44,1.76
63000,115年3月,服務類(不含食物),110.73,1.54
63000,115年3月,服務類-外食費,120.24,2.65
63000,115年3月,服務類-衣著,121.29,6.41
63000,115年3月,服務類-居住,107.91,1.69
63000,115年3月,服務類-交通及通訊,102.49,0.98
63000,115年3月,服務類-醫藥保健,110.6,0.39
63000,115年3月,服務類-教養娛樂,126.17,2.28
63000,115年3月,服務類-教養,108.3,1.09
63000,115年3月,服務類-娛樂,138.28,2.89
63000,115年3月,服務類-雜項,106.82,0.12
63000,115年4月,總指數(含食物),112.07,1.66
63000,115年4月,商品類(含食物),110.93,1.25
63000,115年4月,商品類(不含食物),107.19,2.77
63000,115年4月,商品類-非耐久性消費品(含食物),113.89,1.01
63000,115年4月,商品類-非耐久性消費品(不含食物),110.11,4.03
63000,115年4月,商品類-半耐久性消費品,103.53,0.96
63000,115年4月,商品類-耐久性消費品,106.08,2.52
63000,115年4月,服務類,112.77,1.91
63000,115年4月,服務類(不含食物),111.02,1.64
63000,115年4月,服務類-外食費,120.78,3.03
63000,115年4月,服務類-衣著,121.35,1.95
63000,115年4月,服務類-居住,108.22,1.97
63000,115年4月,服務類-交通及通訊,102.93,1.26
63000,115年4月,服務類-醫藥保健,110.78,0.7
63000,115年4月,服務類-教養娛樂,126.42,1.78
63000,115年4月,服務類-教養,108.44,1.22
63000,115年4月,服務類-娛樂,138.62,2.07
63000,115年4月,服務類-雜項,106.82,0.12
63000,115年5月,總指數(含食物),112.24,2.02
63000,115年5月,商品類(含食物),110.87,2.12
63000,115年5月,商品類(不含食物),106.68,2.99
63000,115年5月,商品類-非耐久性消費品(含食物),114.01,2.32
63000,115年5月,商品類-非耐久性消費品(不含食物),109.47,4.66
63000,115年5月,商品類-半耐久性消費品,103.02,1.07
63000,115年5月,商品類-耐久性消費品,105.75,2.25
63000,115年5月,服務類,113.08,1.96
63000,115年5月,服務類(不含食物),111.29,1.64
63000,115年5月,服務類-外食費,121.25,3.24
63000,115年5月,服務類-衣著,121.62,2.18
63000,115年5月,服務類-居住,108.32,1.59
63000,115年5月,服務類-交通及通訊,102.97,1.26
63000,115年5月,服務類-醫藥保健,110.78,0.36
63000,115年5月,服務類-教養娛樂,127.72,2.93
63000,115年5月,服務類-教養,109.04,1.78
63000,115年5月,服務類-娛樂,140.38,3.53
63000,115年5月,服務類-雜項,106.37,-0.08
63000,115年6月,總指數(含食物),112.73,2.38
63000,115年6月,商品類(含食物),111.77,2.96
63000,115年6月,商品類(不含食物),108.22,3.47
63000,115年6月,商品類-非耐久性消費品(含食物),115.64,3.51
63000,115年6月,商品類-非耐久性消費品(不含食物),113.72,5.55
63000,115年6月,商品類-半耐久性消費品,102.27,1.37
63000,115年6月,商品類-耐久性消費品,105.39,2.13
63000,115年6月,服務類,113.33,2.03
63000,115年6月,服務類(不含食物),111.58,1.78
63000,115年6月,服務類-外食費,121.3,3.07
63000,115年6月,服務類-衣著,121.62,0.29
63000,115年6月,服務類-居住,108.49,1.73
63000,115年6月,服務類-交通及通訊,103.26,0.72
63000,115年6月,服務類-醫藥保健,110.78,0.36
63000,115年6月,服務類-教養娛樂,128.26,3.22
63000,115年6月,服務類-教養,109.04,1.78
63000,115年6月,服務類-娛樂,141.28,3.97
63000,115年6月,服務類-雜項,107.22,0.73
